
> xian-explorer@1.0.0 serve
> vue-cli-service serve --host 0.0.0.0 --port 12000

 INFO  Starting development server...
<s> [webpack.Progress] 0% compiling
<s> [webpack.Progress] 10% building 0/0 modules 0 active 
<s> [webpack.Progress] 10% building 0/1 modules 1 active multi /workspace/project/xian-explorer/node_modules/webpack-dev-server/client/index.js?http://localhost:12000/sockjs-node /workspace/project/xian-explorer/node_modules/webpack/hot/dev-server.js ./src/main.js
<s> [webpack.Progress] 10% building 1/1 modules 0 active 
<s> [webpack.Progress] 10% building 1/1 modules 0 active 
<s> [webpack.Progress] 10% building 1/2 modules 1 active multi /workspace/project/xian-explorer/node_modules/webpack-dev-server/client/index.js?http://0.0.0.0:12000 /workspace/project/xian-explorer/node_modules/webpack/hot/dev-server.js /workspace/project/xian-explorer/node_modules/webpack-dev-server/client/index.js?http://localhost:12000/sockjs-node ./src/main.js
<s> [webpack.Progress] 10% building 2/2 modules 0 active 
<s> [webpack.Progress] 10% building 2/3 modules 1 active /workspace/project/xian-explorer/node_modules/webpack-dev-server/client/index.js?http://localhost:12000/sockjs-node
<s> [webpack.Progress] 10% building 2/4 modules 2 active /workspace/project/xian-explorer/node_modules/webpack-dev-server/client/index.js?http://0.0.0.0:12000
<s> [webpack.Progress] 10% building 2/5 modules 3 active /workspace/project/xian-explorer/node_modules/webpack/hot/dev-server.js
<s> [webpack.Progress] 10% building 3/5 modules 2 active /workspace/project/xian-explorer/node_modules/webpack/hot/dev-server.js
<s> [webpack.Progress] 10% building 4/5 modules 1 active /workspace/project/xian-explorer/node_modules/webpack/hot/dev-server.js
<s> [webpack.Progress] 10% building 5/5 modules 0 active 
<s> [webpack.Progress] 10% building 5/6 modules 1 active /workspace/project/xian-explorer/node_modules/webpack/hot sync nonrecursive /^\.\/log$/
<s> [webpack.Progress] 10% building 6/6 modules 0 active 
<s> [webpack.Progress] 10% building 6/7 modules 1 active /workspace/project/xian-explorer/node_modules/webpack/hot/log.js
<s> [webpack.Progress] 10% building 6/8 modules 2 active /workspace/project/xian-explorer/node_modules/webpack/hot/log-apply-result.js
<s> [webpack.Progress] 10% building 6/9 modules 3 active /workspace/project/xian-explorer/node_modules/webpack/hot/emitter.js
<s> [webpack.Progress] 10% building 6/10 modules 4 active /workspace/project/xian-explorer/node_modules/webpack-dev-server/client/socket.js
<s> [webpack.Progress] 10% building 6/11 modules 5 active /workspace/project/xian-explorer/node_modules/webpack-dev-server/client/overlay.js
<s> [webpack.Progress] 10% building 6/12 modules 6 active /workspace/project/xian-explorer/node_modules/webpack-dev-server/client/utils/log.js
<s> [webpack.Progress] 10% building 6/13 modules 7 active /workspace/project/xian-explorer/node_modules/webpack-dev-server/client/utils/createSocketUrl.js
<s> [webpack.Progress] 10% building 6/14 modules 8 active /workspace/project/xian-explorer/node_modules/webpack-dev-server/client/utils/sendMessage.js
<s> [webpack.Progress] 10% building 6/15 modules 9 active /workspace/project/xian-explorer/node_modules/webpack-dev-server/client/utils/reloadApp.js
<s> [webpack.Progress] 10% building 7/15 modules 8 active /workspace/project/xian-explorer/node_modules/webpack-dev-server/client/utils/reloadApp.js
<s> [webpack.Progress] 10% building 8/15 modules 7 active /workspace/project/xian-explorer/node_modules/webpack-dev-server/client/utils/reloadApp.js
<s> [webpack.Progress] 11% building 9/15 modules 6 active /workspace/project/xian-explorer/node_modules/webpack-dev-server/client/utils/reloadApp.js
<s> [webpack.Progress] 11% building 10/15 modules 5 active /workspace/project/xian-explorer/node_modules/webpack-dev-server/client/utils/reloadApp.js
<s> [webpack.Progress] 11% building 11/15 modules 4 active /workspace/project/xian-explorer/node_modules/webpack-dev-server/client/utils/reloadApp.js
<s> [webpack.Progress] 11% building 12/15 modules 3 active /workspace/project/xian-explorer/node_modules/webpack-dev-server/client/utils/reloadApp.js
<s> [webpack.Progress] 11% building 13/15 modules 2 active /workspace/project/xian-explorer/node_modules/webpack-dev-server/client/utils/reloadApp.js
<s> [webpack.Progress] 11% building 14/15 modules 1 active /workspace/project/xian-explorer/node_modules/webpack-dev-server/client/utils/reloadApp.js
<s> [webpack.Progress] 11% building 15/15 modules 0 active 
<s> [webpack.Progress] 11% building 15/16 modules 1 active /workspace/project/xian-explorer/node_modules/webpack-dev-server/client/clients/SockJSClient.js
<s> [webpack.Progress] 11% building 15/17 modules 2 active /workspace/project/xian-explorer/node_modules/events/events.js
<s> [webpack.Progress] 11% building 16/17 modules 1 active /workspace/project/xian-explorer/node_modules/events/events.js
<s> [webpack.Progress] 11% building 16/18 modules 2 active /workspace/project/xian-explorer/node_modules/webpack-dev-server/client/utils/getCurrentScriptSource.js
<s> [webpack.Progress] 11% building 16/19 modules 3 active /workspace/project/xian-explorer/node_modules/url/url.js
<s> [webpack.Progress] 12% building 17/19 modules 2 active /workspace/project/xian-explorer/node_modules/url/url.js
<s> [webpack.Progress] 12% building 18/19 modules 1 active /workspace/project/xian-explorer/node_modules/url/url.js
<s> [webpack.Progress] 12% building 19/19 modules 0 active 
<s> [webpack.Progress] 12% building 19/20 modules 1 active /workspace/project/xian-explorer/node_modules/cache-loader/dist/cjs.js??ref--12-0!/workspace/project/xian-explorer/node_modules/babel-loader/lib/index.js!/workspace/project/xian-explorer/node_modules/eslint-loader/index.js??ref--13-0!/workspace/project/xian-explorer/src/main.js
<s> [webpack.Progress] 12% building 19/21 modules 2 active /workspace/project/xian-explorer/node_modules/webpack-dev-server/client/clients/BaseClient.js
<s> [webpack.Progress] 12% building 19/22 modules 3 active /workspace/project/xian-explorer/node_modules/webpack-dev-server/node_modules/strip-ansi/index.js
<s> [webpack.Progress] 12% building 20/22 modules 2 active /workspace/project/xian-explorer/node_modules/webpack-dev-server/node_modules/strip-ansi/index.js
<s> [webpack.Progress] 12% building 21/22 modules 1 active /workspace/project/xian-explorer/node_modules/webpack-dev-server/node_modules/strip-ansi/index.js
<s> [webpack.Progress] 12% building 22/22 modules 0 active 
<s> [webpack.Progress] 40% building 22/22 modules 0 active 
<s> [webpack.Progress] 40% building 22/23 modules 1 active /workspace/project/xian-explorer/node_modules/ansi-html-community/index.js
<s> [webpack.Progress] 40% building 22/24 modules 2 active /workspace/project/xian-explorer/node_modules/html-entities/lib/index.js
<s> [webpack.Progress] 40% building 22/25 modules 3 active /workspace/project/xian-explorer/node_modules/node-libs-browser/node_modules/punycode/punycode.js
<s> [webpack.Progress] 40% building 22/26 modules 4 active /workspace/project/xian-explorer/node_modules/cache-loader/dist/cjs.js??ref--12-0!/workspace/project/xian-explorer/node_modules/babel-loader/lib/index.js!/workspace/project/xian-explorer/node_modules/eslint-loader/index.js??ref--13-0!/workspace/project/xian-explorer/src/store/index.js
<s> [webpack.Progress] 40% building 22/27 modules 5 active /workspace/project/xian-explorer/node_modules/cache-loader/dist/cjs.js??ref--12-0!/workspace/project/xian-explorer/node_modules/babel-loader/lib/index.js!/workspace/project/xian-explorer/node_modules/eslint-loader/index.js??ref--13-0!/workspace/project/xian-explorer/src/router/index.js
<s> [webpack.Progress] 40% building 23/27 modules 4 active /workspace/project/xian-explorer/node_modules/cache-loader/dist/cjs.js??ref--12-0!/workspace/project/xian-explorer/node_modules/babel-loader/lib/index.js!/workspace/project/xian-explorer/node_modules/eslint-loader/index.js??ref--13-0!/workspace/project/xian-explorer/src/router/index.js
<s> [webpack.Progress] 40% building 23/28 modules 5 active /workspace/project/xian-explorer/node_modules/loglevel/lib/loglevel.js
<s> [webpack.Progress] 40% building 23/29 modules 6 active /workspace/project/xian-explorer/node_modules/sockjs-client/dist/sockjs.js
<s> [webpack.Progress] 40% building 24/29 modules 5 active /workspace/project/xian-explorer/node_modules/sockjs-client/dist/sockjs.js
<s> [webpack.Progress] 40% building 25/29 modules 4 active /workspace/project/xian-explorer/node_modules/sockjs-client/dist/sockjs.js
<s> [webpack.Progress] 40% building 25/30 modules 5 active /workspace/project/xian-explorer/node_modules/webpack/buildin/module.js
<s> [webpack.Progress] 40% building 25/31 modules 6 active /workspace/project/xian-explorer/node_modules/webpack/buildin/global.js
<s> [webpack.Progress] 40% building 26/31 modules 5 active /workspace/project/xian-explorer/node_modules/webpack/buildin/global.js
<s> [webpack.Progress] 40% building 27/31 modules 4 active /workspace/project/xian-explorer/node_modules/sockjs-client/dist/sockjs.js
<s> [webpack.Progress] 40% building 28/31 modules 3 active /workspace/project/xian-explorer/node_modules/sockjs-client/dist/sockjs.js
<s> [webpack.Progress] 40% building 29/31 modules 2 active /workspace/project/xian-explorer/node_modules/sockjs-client/dist/sockjs.js
<s> [webpack.Progress] 40% building 29/32 modules 3 active /workspace/project/xian-explorer/node_modules/core-js/modules/es6.array.iterator.js
<s> [webpack.Progress] 40% building 29/33 modules 4 active /workspace/project/xian-explorer/node_modules/core-js/modules/es6.promise.js
<s> [webpack.Progress] 40% building 29/34 modules 5 active /workspace/project/xian-explorer/node_modules/core-js/modules/es6.object.assign.js
<s> [webpack.Progress] 40% building 29/35 modules 6 active /workspace/project/xian-explorer/node_modules/core-js/modules/es7.promise.finally.js
<s> [webpack.Progress] 40% building 29/36 modules 7 active /workspace/project/xian-explorer/node_modules/vue/dist/vue.runtime.esm.js
<s> [webpack.Progress] 40% building 30/36 modules 6 active /workspace/project/xian-explorer/node_modules/vue/dist/vue.runtime.esm.js
<s> [webpack.Progress] 40% building 31/36 modules 5 active /workspace/project/xian-explorer/node_modules/vue/dist/vue.runtime.esm.js
<s> [webpack.Progress] 40% building 32/36 modules 4 active /workspace/project/xian-explorer/node_modules/vue/dist/vue.runtime.esm.js
<s> [webpack.Progress] 40% building 33/36 modules 3 active /workspace/project/xian-explorer/node_modules/vue/dist/vue.runtime.esm.js
<s> [webpack.Progress] 40% building 34/36 modules 2 active /workspace/project/xian-explorer/node_modules/vue/dist/vue.runtime.esm.js
<s> [webpack.Progress] 40% building 35/36 modules 1 active /workspace/project/xian-explorer/node_modules/vue/dist/vue.runtime.esm.js
<s> [webpack.Progress] 40% building 36/36 modules 0 active 
<s> [webpack.Progress] 40% building 36/37 modules 1 active /workspace/project/xian-explorer/node_modules/html-entities/lib/xml-entities.js
<s> [webpack.Progress] 40% building 36/38 modules 2 active /workspace/project/xian-explorer/node_modules/html-entities/lib/html4-entities.js
<s> [webpack.Progress] 40% building 36/39 modules 3 active /workspace/project/xian-explorer/node_modules/html-entities/lib/html5-entities.js
<s> [webpack.Progress] 40% building 36/40 modules 4 active /workspace/project/xian-explorer/node_modules/cache-loader/dist/cjs.js??ref--12-0!/workspace/project/xian-explorer/node_modules/babel-loader/lib/index.js!/workspace/project/xian-explorer/node_modules/eslint-loader/index.js??ref--13-0!/workspace/project/xian-explorer/src/store/actions.js
<s> [webpack.Progress] 40% building 36/41 modules 5 active /workspace/project/xian-explorer/node_modules/cache-loader/dist/cjs.js??ref--12-0!/workspace/project/xian-explorer/node_modules/babel-loader/lib/index.js!/workspace/project/xian-explorer/node_modules/eslint-loader/index.js??ref--13-0!/workspace/project/xian-explorer/src/store/getters.js
<s> [webpack.Progress] 40% building 37/41 modules 4 active /workspace/project/xian-explorer/node_modules/cache-loader/dist/cjs.js??ref--12-0!/workspace/project/xian-explorer/node_modules/babel-loader/lib/index.js!/workspace/project/xian-explorer/node_modules/eslint-loader/index.js??ref--13-0!/workspace/project/xian-explorer/src/store/getters.js
<s> [webpack.Progress] 40% building 38/41 modules 3 active /workspace/project/xian-explorer/node_modules/cache-loader/dist/cjs.js??ref--12-0!/workspace/project/xian-explorer/node_modules/babel-loader/lib/index.js!/workspace/project/xian-explorer/node_modules/eslint-loader/index.js??ref--13-0!/workspace/project/xian-explorer/src/store/getters.js
<s> [webpack.Progress] 40% building 39/41 modules 2 active /workspace/project/xian-explorer/node_modules/cache-loader/dist/cjs.js??ref--12-0!/workspace/project/xian-explorer/node_modules/babel-loader/lib/index.js!/workspace/project/xian-explorer/node_modules/eslint-loader/index.js??ref--13-0!/workspace/project/xian-explorer/src/store/getters.js
<s> [webpack.Progress] 40% building 40/41 modules 1 active /workspace/project/xian-explorer/node_modules/cache-loader/dist/cjs.js??ref--12-0!/workspace/project/xian-explorer/node_modules/babel-loader/lib/index.js!/workspace/project/xian-explorer/node_modules/eslint-loader/index.js??ref--13-0!/workspace/project/xian-explorer/src/store/getters.js
<s> [webpack.Progress] 40% building 41/41 modules 0 active 
<s> [webpack.Progress] 40% building 41/42 modules 1 active /workspace/project/xian-explorer/node_modules/core-js/modules/_add-to-unscopables.js
<s> [webpack.Progress] 40% building 41/43 modules 2 active /workspace/project/xian-explorer/node_modules/core-js/modules/_iter-step.js
<s> [webpack.Progress] 40% building 41/44 modules 3 active /workspace/project/xian-explorer/node_modules/core-js/modules/_iterators.js
<s> [webpack.Progress] 40% building 41/45 modules 4 active /workspace/project/xian-explorer/node_modules/core-js/modules/_to-iobject.js
<s> [webpack.Progress] 40% building 41/46 modules 5 active /workspace/project/xian-explorer/node_modules/core-js/modules/_iter-define.js
<s> [webpack.Progress] 40% building 41/47 modules 6 active /workspace/project/xian-explorer/node_modules/core-js/modules/_library.js
<s> [webpack.Progress] 40% building 41/48 modules 7 active /workspace/project/xian-explorer/node_modules/core-js/modules/_global.js
<s> [webpack.Progress] 40% building 41/49 modules 8 active /workspace/project/xian-explorer/node_modules/core-js/modules/_ctx.js
<s> [webpack.Progress] 40% building 41/50 modules 9 active /workspace/project/xian-explorer/node_modules/core-js/modules/_classof.js
<s> [webpack.Progress] 40% building 41/51 modules 10 active /workspace/project/xian-explorer/node_modules/core-js/modules/_export.js
<s> [webpack.Progress] 40% building 41/52 modules 11 active /workspace/project/xian-explorer/node_modules/core-js/modules/_is-object.js
<s> [webpack.Progress] 40% building 41/53 modules 12 active /workspace/project/xian-explorer/node_modules/core-js/modules/_a-function.js
<s> [webpack.Progress] 40% building 41/54 modules 13 active /workspace/project/xian-explorer/node_modules/core-js/modules/_an-instance.js
<s> [webpack.Progress] 40% building 41/55 modules 14 active /workspace/project/xian-explorer/node_modules/core-js/modules/_for-of.js
<s> [webpack.Progress] 40% building 41/56 modules 15 active /workspace/project/xian-explorer/node_modules/core-js/modules/_species-constructor.js
<s> [webpack.Progress] 40% building 41/57 modules 16 active /workspace/project/xian-explorer/node_modules/core-js/modules/_task.js
<s> [webpack.Progress] 40% building 41/58 modules 17 active /workspace/project/xian-explorer/node_modules/core-js/modules/_microtask.js
<s> [webpack.Progress] 40% building 41/59 modules 18 active /workspace/project/xian-explorer/node_modules/core-js/modules/_new-promise-capability.js
<s> [webpack.Progress] 40% building 41/60 modules 19 active /workspace/project/xian-explorer/node_modules/core-js/modules/_perform.js
<s> [webpack.Progress] 40% building 41/61 modules 20 active /workspace/project/xian-explorer/node_modules/core-js/modules/_user-agent.js
<s> [webpack.Progress] 40% building 41/62 modules 21 active /workspace/project/xian-explorer/node_modules/core-js/modules/_promise-resolve.js
<s> [webpack.Progress] 40% building 41/63 modules 22 active /workspace/project/xian-explorer/node_modules/core-js/modules/_wks.js
<s> [webpack.Progress] 40% building 41/64 modules 23 active /workspace/project/xian-explorer/node_modules/core-js/modules/_redefine-all.js
<s> [webpack.Progress] 40% building 41/65 modules 24 active /workspace/project/xian-explorer/node_modules/core-js/modules/_set-to-string-tag.js
<s> [webpack.Progress] 40% building 41/66 modules 25 active /workspace/project/xian-explorer/node_modules/core-js/modules/_set-species.js
<s> [webpack.Progress] 40% building 41/67 modules 26 active /workspace/project/xian-explorer/node_modules/core-js/modules/_core.js
<s> [webpack.Progress] 40% building 41/68 modules 27 active /workspace/project/xian-explorer/node_modules/core-js/modules/_iter-detect.js
<s> [webpack.Progress] 40% building 41/69 modules 28 active /workspace/project/xian-explorer/node_modules/core-js/modules/_object-assign.js
<s> [webpack.Progress] 40% building 41/70 modules 29 active /workspace/project/xian-explorer/node_modules/url/node_modules/qs/lib/index.js
<s> [webpack.Progress] 40% building 41/71 modules 30 active /workspace/project/xian-explorer/node_modules/vuex-router-sync/index.js
<s> [webpack.Progress] 40% building 41/72 modules 31 active /workspace/project/xian-explorer/node_modules/vuelidate/lib/index.js
<s> [webpack.Progress] 40% building 41/73 modules 32 active /workspace/project/xian-explorer/node_modules/vue-analytics/dist/vue-analytics.js
<s> [webpack.Progress] 40% building 42/73 modules 31 active /workspace/project/xian-explorer/node_modules/vue-analytics/dist/vue-analytics.js
<s> [webpack.Progress] 40% building 43/73 modules 30 active /workspace/project/xian-explorer/node_modules/vue-analytics/dist/vue-analytics.js
<s> [webpack.Progress] 40% building 44/73 modules 29 active /workspace/project/xian-explorer/node_modules/vue-analytics/dist/vue-analytics.js
<s> [webpack.Progress] 40% building 45/73 modules 28 active /workspace/project/xian-explorer/node_modules/vue-analytics/dist/vue-analytics.js
<s> [webpack.Progress] 40% building 46/73 modules 27 active /workspace/project/xian-explorer/node_modules/vue-analytics/dist/vue-analytics.js
<s> [webpack.Progress] 40% building 47/73 modules 26 active /workspace/project/xian-explorer/node_modules/vue-analytics/dist/vue-analytics.js
<s> [webpack.Progress] 40% building 48/73 modules 25 active /workspace/project/xian-explorer/node_modules/vue-analytics/dist/vue-analytics.js
<s> [webpack.Progress] 40% building 49/73 modules 24 active /workspace/project/xian-explorer/node_modules/vue-analytics/dist/vue-analytics.js
<s> [webpack.Progress] 40% building 50/73 modules 23 active /workspace/project/xian-explorer/node_modules/vue-analytics/dist/vue-analytics.js
<s> [webpack.Progress] 40% building 51/73 modules 22 active /workspace/project/xian-explorer/node_modules/vue-analytics/dist/vue-analytics.js
<s> [webpack.Progress] 40% building 52/73 modules 21 active /workspace/project/xian-explorer/node_modules/vue-analytics/dist/vue-analytics.js
<s> [webpack.Progress] 40% building 53/73 modules 20 active /workspace/project/xian-explorer/node_modules/vue-analytics/dist/vue-analytics.js
<s> [webpack.Progress] 40% building 54/73 modules 19 active /workspace/project/xian-explorer/node_modules/vue-analytics/dist/vue-analytics.js
<s> [webpack.Progress] 40% building 55/73 modules 18 active /workspace/project/xian-explorer/node_modules/vue-analytics/dist/vue-analytics.js
<s> [webpack.Progress] 40% building 56/73 modules 17 active /workspace/project/xian-explorer/node_modules/vue-analytics/dist/vue-analytics.js
<s> [webpack.Progress] 40% building 57/73 modules 16 active /workspace/project/xian-explorer/node_modules/vue-analytics/dist/vue-analytics.js
<s> [webpack.Progress] 40% building 58/73 modules 15 active /workspace/project/xian-explorer/node_modules/vue-analytics/dist/vue-analytics.js
<s> [webpack.Progress] 40% building 59/73 modules 14 active /workspace/project/xian-explorer/node_modules/vue-analytics/dist/vue-analytics.js
<s> [webpack.Progress] 40% building 60/73 modules 13 active /workspace/project/xian-explorer/node_modules/vue-analytics/dist/vue-analytics.js
<s> [webpack.Progress] 40% building 61/73 modules 12 active /workspace/project/xian-explorer/node_modules/vue-analytics/dist/vue-analytics.js
<s> [webpack.Progress] 40% building 62/73 modules 11 active /workspace/project/xian-explorer/node_modules/vue-analytics/dist/vue-analytics.js
<s> [webpack.Progress] 40% building 63/73 modules 10 active /workspace/project/xian-explorer/node_modules/vue-analytics/dist/vue-analytics.js
<s> [webpack.Progress] 40% building 64/73 modules 9 active /workspace/project/xian-explorer/node_modules/vue-analytics/dist/vue-analytics.js
<s> [webpack.Progress] 40% building 65/73 modules 8 active /workspace/project/xian-explorer/node_modules/vue-analytics/dist/vue-analytics.js
<s> [webpack.Progress] 40% building 66/73 modules 7 active /workspace/project/xian-explorer/node_modules/vue-analytics/dist/vue-analytics.js
<s> [webpack.Progress] 40% building 67/73 modules 6 active /workspace/project/xian-explorer/node_modules/vue-analytics/dist/vue-analytics.js
<s> [webpack.Progress] 40% building 68/73 modules 5 active /workspace/project/xian-explorer/node_modules/vue-analytics/dist/vue-analytics.js
<s> [webpack.Progress] 40% building 69/73 modules 4 active /workspace/project/xian-explorer/node_modules/vue-analytics/dist/vue-analytics.js
<s> [webpack.Progress] 40% building 70/73 modules 3 active /workspace/project/xian-explorer/node_modules/vue-analytics/dist/vue-analytics.js
<s> [webpack.Progress] 40% building 71/73 modules 2 active /workspace/project/xian-explorer/node_modules/vue-analytics/dist/vue-analytics.js
<s> [webpack.Progress] 40% building 71/74 modules 3 active /workspace/project/xian-explorer/node_modules/html-entities/lib/surrogate-pairs.js
<s> [webpack.Progress] 40% building 72/74 modules 2 active /workspace/project/xian-explorer/node_modules/html-entities/lib/surrogate-pairs.js
<s> [webpack.Progress] 40% building 73/74 modules 1 active /workspace/project/xian-explorer/node_modules/html-entities/lib/surrogate-pairs.js
<s> [webpack.Progress] 40% building 73/75 modules 2 active /workspace/project/xian-explorer/node_modules/ansi-regex/index.js
<s> [webpack.Progress] 40% building 74/75 modules 1 active /workspace/project/xian-explorer/node_modules/ansi-regex/index.js
<s> [webpack.Progress] 40% building 74/76 modules 2 active /workspace/project/xian-explorer/node_modules/cache-loader/dist/cjs.js??ref--12-0!/workspace/project/xian-explorer/node_modules/babel-loader/lib/index.js!/workspace/project/xian-explorer/node_modules/eslint-loader/index.js??ref--13-0!/workspace/project/xian-explorer/src/store/modules/index.js
<s> [webpack.Progress] 40% building 74/77 modules 3 active /workspace/project/xian-explorer/node_modules/core-js/modules/_hide.js
<s> [webpack.Progress] 40% building 74/78 modules 4 active /workspace/project/xian-explorer/node_modules/core-js/modules/_redefine.js
<s> [webpack.Progress] 40% building 74/79 modules 5 active /workspace/project/xian-explorer/node_modules/core-js/modules/_iter-create.js
<s> [webpack.Progress] 40% building 74/80 modules 6 active /workspace/project/xian-explorer/node_modules/core-js/modules/_object-gpo.js
<s> [webpack.Progress] 40% building 74/81 modules 7 active /workspace/project/xian-explorer/node_modules/core-js/modules/_iobject.js
<s> [webpack.Progress] 40% building 74/82 modules 8 active /workspace/project/xian-explorer/node_modules/core-js/modules/_cof.js
<s> [webpack.Progress] 40% building 74/83 modules 9 active /workspace/project/xian-explorer/node_modules/core-js/modules/_iter-call.js
<s> [webpack.Progress] 40% building 74/84 modules 10 active /workspace/project/xian-explorer/node_modules/core-js/modules/_is-array-iter.js
<s> [webpack.Progress] 40% building 74/85 modules 11 active /workspace/project/xian-explorer/node_modules/core-js/modules/_an-object.js
<s> [webpack.Progress] 40% building 74/86 modules 12 active /workspace/project/xian-explorer/node_modules/core-js/modules/_to-length.js
<s> [webpack.Progress] 40% building 74/87 modules 13 active /workspace/project/xian-explorer/node_modules/core-js/modules/_defined.js
<s> [webpack.Progress] 40% building 74/88 modules 14 active /workspace/project/xian-explorer/node_modules/core-js/modules/core.get-iterator-method.js
<s> [webpack.Progress] 40% building 74/89 modules 15 active /workspace/project/xian-explorer/node_modules/core-js/modules/_invoke.js
<s> [webpack.Progress] 40% building 74/90 modules 16 active /workspace/project/xian-explorer/node_modules/core-js/modules/_html.js
<s> [webpack.Progress] 40% building 74/91 modules 17 active /workspace/project/xian-explorer/node_modules/core-js/modules/_dom-create.js
<s> [webpack.Progress] 40% building 74/92 modules 18 active /workspace/project/xian-explorer/node_modules/core-js/modules/_shared.js
<s> [webpack.Progress] 40% building 74/93 modules 19 active /workspace/project/xian-explorer/node_modules/core-js/modules/_uid.js
<s> [webpack.Progress] 40% building 74/94 modules 20 active /workspace/project/xian-explorer/node_modules/core-js/modules/_object-dp.js
<s> [webpack.Progress] 40% building 74/95 modules 21 active /workspace/project/xian-explorer/node_modules/core-js/modules/_has.js
<s> [webpack.Progress] 40% building 74/96 modules 22 active /workspace/project/xian-explorer/node_modules/core-js/modules/_descriptors.js
<s> [webpack.Progress] 40% building 74/97 modules 23 active /workspace/project/xian-explorer/node_modules/core-js/modules/_object-keys.js
<s> [webpack.Progress] 40% building 74/98 modules 24 active /workspace/project/xian-explorer/node_modules/core-js/modules/_object-pie.js
<s> [webpack.Progress] 40% building 74/99 modules 25 active /workspace/project/xian-explorer/node_modules/core-js/modules/_object-gops.js
<s> [webpack.Progress] 40% building 74/100 modules 26 active /workspace/project/xian-explorer/node_modules/core-js/modules/_to-object.js
<s> [webpack.Progress] 40% building 75/100 modules 25 active /workspace/project/xian-explorer/node_modules/core-js/modules/_to-object.js
<s> [webpack.Progress] 40% building 75/101 modules 26 active /workspace/project/xian-explorer/node_modules/core-js/modules/_fails.js
<s> [webpack.Progress] 40% building 75/102 modules 27 active /workspace/project/xian-explorer/node_modules/url/node_modules/qs/lib/stringify.js
<s> [webpack.Progress] 40% building 75/103 modules 28 active /workspace/project/xian-explorer/node_modules/url/node_modules/qs/lib/parse.js
<s> [webpack.Progress] 40% building 75/104 modules 29 active /workspace/project/xian-explorer/node_modules/url/node_modules/qs/lib/formats.js
<s> [webpack.Progress] 40% building 75/105 modules 30 active /workspace/project/xian-explorer/node_modules/vuex/dist/vuex.esm.js
<s> [webpack.Progress] 40% building 75/106 modules 31 active /workspace/project/xian-explorer/node_modules/vue-router/dist/vue-router.esm.js
<s> [webpack.Progress] 40% building 75/107 modules 32 active /workspace/project/xian-explorer/node_modules/vuelidate/lib/params.js
<s> [webpack.Progress] 40% building 75/108 modules 33 active /workspace/project/xian-explorer/node_modules/vuelidate/lib/vval.js
<s> [webpack.Progress] 40% building 76/108 modules 32 active /workspace/project/xian-explorer/node_modules/vuelidate/lib/vval.js
<s> [webpack.Progress] 40% building 76/109 modules 33 active /workspace/project/xian-explorer/src/store/modules sync nonrecursive /\.js$/
<s> [webpack.Progress] 40% building 77/109 modules 32 active /workspace/project/xian-explorer/src/store/modules sync nonrecursive /\.js$/
<s> [webpack.Progress] 40% building 78/109 modules 31 active /workspace/project/xian-explorer/src/store/modules sync nonrecursive /\.js$/
<s> [webpack.Progress] 40% building 79/109 modules 30 active /workspace/project/xian-explorer/src/store/modules sync nonrecursive /\.js$/
<s> [webpack.Progress] 40% building 80/109 modules 29 active /workspace/project/xian-explorer/src/store/modules sync nonrecursive /\.js$/
<s> [webpack.Progress] 40% building 81/109 modules 28 active /workspace/project/xian-explorer/src/store/modules sync nonrecursive /\.js$/
<s> [webpack.Progress] 40% building 82/109 modules 27 active /workspace/project/xian-explorer/src/store/modules sync nonrecursive /\.js$/
<s> [webpack.Progress] 40% building 83/109 modules 26 active /workspace/project/xian-explorer/src/store/modules sync nonrecursive /\.js$/
<s> [webpack.Progress] 40% building 84/109 modules 25 active /workspace/project/xian-explorer/src/store/modules sync nonrecursive /\.js$/
<s> [webpack.Progress] 40% building 85/109 modules 24 active /workspace/project/xian-explorer/src/store/modules sync nonrecursive /\.js$/
<s> [webpack.Progress] 40% building 86/109 modules 23 active /workspace/project/xian-explorer/src/store/modules sync nonrecursive /\.js$/
<s> [webpack.Progress] 40% building 87/109 modules 22 active /workspace/project/xian-explorer/src/store/modules sync nonrecursive /\.js$/
<s> [webpack.Progress] 40% building 88/109 modules 21 active /workspace/project/xian-explorer/src/store/modules sync nonrecursive /\.js$/
<s> [webpack.Progress] 40% building 89/109 modules 20 active /workspace/project/xian-explorer/src/store/modules sync nonrecursive /\.js$/
<s> [webpack.Progress] 40% building 90/109 modules 19 active /workspace/project/xian-explorer/src/store/modules sync nonrecursive /\.js$/
<s> [webpack.Progress] 40% building 91/109 modules 18 active /workspace/project/xian-explorer/src/store/modules sync nonrecursive /\.js$/
<s> [webpack.Progress] 40% building 92/109 modules 17 active /workspace/project/xian-explorer/src/store/modules sync nonrecursive /\.js$/
<s> [webpack.Progress] 40% building 93/109 modules 16 active /workspace/project/xian-explorer/src/store/modules sync nonrecursive /\.js$/
<s> [webpack.Progress] 40% building 94/109 modules 15 active /workspace/project/xian-explorer/src/store/modules sync nonrecursive /\.js$/
<s> [webpack.Progress] 40% building 95/109 modules 14 active /workspace/project/xian-explorer/src/store/modules sync nonrecursive /\.js$/
<s> [webpack.Progress] 40% building 96/109 modules 13 active /workspace/project/xian-explorer/src/store/modules sync nonrecursive /\.js$/
<s> [webpack.Progress] 40% building 97/109 modules 12 active /workspace/project/xian-explorer/src/store/modules sync nonrecursive /\.js$/
<s> [webpack.Progress] 40% building 98/109 modules 11 active /workspace/project/xian-explorer/src/store/modules sync nonrecursive /\.js$/
<s> [webpack.Progress] 40% building 99/109 modules 10 active /workspace/project/xian-explorer/src/store/modules sync nonrecursive /\.js$/
<s> [webpack.Progress] 40% building 100/109 modules 9 active /workspace/project/xian-explorer/src/store/modules sync nonrecursive /\.js$/
<s> [webpack.Progress] 40% building 101/109 modules 8 active /workspace/project/xian-explorer/src/store/modules sync nonrecursive /\.js$/
<s> [webpack.Progress] 40% building 102/109 modules 7 active /workspace/project/xian-explorer/src/store/modules sync nonrecursive /\.js$/
<s> [webpack.Progress] 40% building 103/109 modules 6 active /workspace/project/xian-explorer/src/store/modules sync nonrecursive /\.js$/
<s> [webpack.Progress] 40% building 104/109 modules 5 active /workspace/project/xian-explorer/src/store/modules sync nonrecursive /\.js$/
<s> [webpack.Progress] 40% building 105/109 modules 4 active /workspace/project/xian-explorer/node_modules/vuelidate/lib/vval.js
<s> [webpack.Progress] 40% building 106/109 modules 3 active /workspace/project/xian-explorer/node_modules/vuelidate/lib/vval.js
<s> [webpack.Progress] 40% building 107/109 modules 2 active /workspace/project/xian-explorer/node_modules/vuelidate/lib/vval.js
<s> [webpack.Progress] 40% building 108/109 modules 1 active /workspace/project/xian-explorer/node_modules/vuelidate/lib/vval.js
<s> [webpack.Progress] 40% building 109/109 modules 0 active 
<s> [webpack.Progress] 40% building 109/110 modules 1 active /workspace/project/xian-explorer/node_modules/cache-loader/dist/cjs.js??ref--12-0!/workspace/project/xian-explorer/node_modules/babel-loader/lib/index.js!/workspace/project/xian-explorer/node_modules/eslint-loader/index.js??ref--13-0!/workspace/project/xian-explorer/src/store/modules/blockchain.js
<s> [webpack.Progress] 40% building 109/111 modules 2 active /workspace/project/xian-explorer/node_modules/cache-loader/dist/cjs.js??ref--12-0!/workspace/project/xian-explorer/node_modules/babel-loader/lib/index.js!/workspace/project/xian-explorer/node_modules/eslint-loader/index.js??ref--13-0!/workspace/project/xian-explorer/src/store/modules/config.js
<s> [webpack.Progress] 40% building 109/112 modules 3 active /workspace/project/xian-explorer/node_modules/cache-loader/dist/cjs.js??ref--0-0!/workspace/project/xian-explorer/node_modules/vue-loader/lib/index.js??vue-loader-options!/workspace/project/xian-explorer/node_modules/eslint-loader/index.js??ref--13-0!/workspace/project/xian-explorer/src/app.vue
<s> [webpack.Progress] 40% building 109/113 modules 4 active /workspace/project/xian-explorer/node_modules/cache-loader/dist/cjs.js??ref--0-0!/workspace/project/xian-explorer/node_modules/vue-loader/lib/index.js??vue-loader-options!/workspace/project/xian-explorer/node_modules/eslint-loader/index.js??ref--13-0!/workspace/project/xian-explorer/src/components/ModernPageIndex.vue
<s> [webpack.Progress] 40% building 109/114 modules 5 active /workspace/project/xian-explorer/node_modules/cache-loader/dist/cjs.js??ref--0-0!/workspace/project/xian-explorer/node_modules/vue-loader/lib/index.js??vue-loader-options!/workspace/project/xian-explorer/node_modules/eslint-loader/index.js??ref--13-0!/workspace/project/xian-explorer/src/components/PageSearch.vue
<s> [webpack.Progress] 40% building 109/115 modules 6 active /workspace/project/xian-explorer/node_modules/cache-loader/dist/cjs.js??ref--0-0!/workspace/project/xian-explorer/node_modules/vue-loader/lib/index.js??vue-loader-options!/workspace/project/xian-explorer/node_modules/eslint-loader/index.js??ref--13-0!/workspace/project/xian-explorer/src/components/ModernPageBlocks.vue
<s> [webpack.Progress] 40% building 109/116 modules 7 active /workspace/project/xian-explorer/node_modules/cache-loader/dist/cjs.js??ref--0-0!/workspace/project/xian-explorer/node_modules/vue-loader/lib/index.js??vue-loader-options!/workspace/project/xian-explorer/node_modules/eslint-loader/index.js??ref--13-0!/workspace/project/xian-explorer/src/components/ModernPageTxs.vue
<s> [webpack.Progress] 40% building 109/117 modules 8 active /workspace/project/xian-explorer/node_modules/cache-loader/dist/cjs.js??ref--0-0!/workspace/project/xian-explorer/node_modules/vue-loader/lib/index.js??vue-loader-options!/workspace/project/xian-explorer/node_modules/eslint-loader/index.js??ref--13-0!/workspace/project/xian-explorer/src/components/ModernPageTx.vue
<s> [webpack.Progress] 40% building 109/118 modules 9 active /workspace/project/xian-explorer/node_modules/cache-loader/dist/cjs.js??ref--0-0!/workspace/project/xian-explorer/node_modules/vue-loader/lib/index.js??vue-loader-options!/workspace/project/xian-explorer/node_modules/eslint-loader/index.js??ref--13-0!/workspace/project/xian-explorer/src/components/ModernPageBlock.vue
<s> [webpack.Progress] 40% building 109/119 modules 10 active /workspace/project/xian-explorer/node_modules/cache-loader/dist/cjs.js??ref--0-0!/workspace/project/xian-explorer/node_modules/vue-loader/lib/index.js??vue-loader-options!/workspace/project/xian-explorer/node_modules/eslint-loader/index.js??ref--13-0!/workspace/project/xian-explorer/src/components/PageFullNode.vue
<s> [webpack.Progress] 40% building 109/120 modules 11 active /workspace/project/xian-explorer/node_modules/cache-loader/dist/cjs.js??ref--0-0!/workspace/project/xian-explorer/node_modules/vue-loader/lib/index.js??vue-loader-options!/workspace/project/xian-explorer/node_modules/eslint-loader/index.js??ref--13-0!/workspace/project/xian-explorer/src/components/PageFullNodes.vue
<s> [webpack.Progress] 40% building 109/121 modules 12 active /workspace/project/xian-explorer/node_modules/cache-loader/dist/cjs.js??ref--0-0!/workspace/project/xian-explorer/node_modules/vue-loader/lib/index.js??vue-loader-options!/workspace/project/xian-explorer/node_modules/eslint-loader/index.js??ref--13-0!/workspace/project/xian-explorer/src/components/PageValidatorsIndex.vue
<s> [webpack.Progress] 40% building 109/122 modules 13 active /workspace/project/xian-explorer/node_modules/cache-loader/dist/cjs.js??ref--0-0!/workspace/project/xian-explorer/node_modules/vue-loader/lib/index.js??vue-loader-options!/workspace/project/xian-explorer/node_modules/eslint-loader/index.js??ref--13-0!/workspace/project/xian-explorer/src/components/PageValidators.vue
<s> [webpack.Progress] 40% building 109/123 modules 14 active /workspace/project/xian-explorer/node_modules/cache-loader/dist/cjs.js??ref--0-0!/workspace/project/xian-explorer/node_modules/vue-loader/lib/index.js??vue-loader-options!/workspace/project/xian-explorer/node_modules/eslint-loader/index.js??ref--13-0!/workspace/project/xian-explorer/src/components/PageValidatorsRevoked.vue
<s> [webpack.Progress] 40% building 109/124 modules 15 active /workspace/project/xian-explorer/node_modules/cache-loader/dist/cjs.js??ref--0-0!/workspace/project/xian-explorer/node_modules/vue-loader/lib/index.js??vue-loader-options!/workspace/project/xian-explorer/node_modules/eslint-loader/index.js??ref--13-0!/workspace/project/xian-explorer/src/components/ModernPageContracts.vue
<s> [webpack.Progress] 40% building 109/125 modules 16 active /workspace/project/xian-explorer/node_modules/cache-loader/dist/cjs.js??ref--0-0!/workspace/project/xian-explorer/node_modules/vue-loader/lib/index.js??vue-loader-options!/workspace/project/xian-explorer/node_modules/eslint-loader/index.js??ref--13-0!/workspace/project/xian-explorer/src/components/PageValidator.vue
<s> [webpack.Progress] 40% building 109/126 modules 17 active /workspace/project/xian-explorer/node_modules/cache-loader/dist/cjs.js??ref--0-0!/workspace/project/xian-explorer/node_modules/vue-loader/lib/index.js??vue-loader-options!/workspace/project/xian-explorer/node_modules/eslint-loader/index.js??ref--13-0!/workspace/project/xian-explorer/src/components/ModernPageContract.vue
<s> [webpack.Progress] 40% building 109/127 modules 18 active /workspace/project/xian-explorer/node_modules/cache-loader/dist/cjs.js??ref--0-0!/workspace/project/xian-explorer/node_modules/vue-loader/lib/index.js??vue-loader-options!/workspace/project/xian-explorer/node_modules/eslint-loader/index.js??ref--13-0!/workspace/project/xian-explorer/src/components/ModernPageAddresses.vue
<s> [webpack.Progress] 40% building 109/128 modules 19 active /workspace/project/xian-explorer/node_modules/cache-loader/dist/cjs.js??ref--0-0!/workspace/project/xian-explorer/node_modules/vue-loader/lib/index.js??vue-loader-options!/workspace/project/xian-explorer/node_modules/eslint-loader/index.js??ref--13-0!/workspace/project/xian-explorer/src/components/ModernPageAddress.vue
<s> [webpack.Progress] 40% building 109/129 modules 20 active /workspace/project/xian-explorer/node_modules/cache-loader/dist/cjs.js??ref--0-0!/workspace/project/xian-explorer/node_modules/vue-loader/lib/index.js??vue-loader-options!/workspace/project/xian-explorer/node_modules/eslint-loader/index.js??ref--13-0!/workspace/project/xian-explorer/src/components/ModernPageTokens.vue
<s> [webpack.Progress] 40% building 109/130 modules 21 active /workspace/project/xian-explorer/node_modules/cache-loader/dist/cjs.js??ref--0-0!/workspace/project/xian-explorer/node_modules/vue-loader/lib/index.js??vue-loader-options!/workspace/project/xian-explorer/node_modules/eslint-loader/index.js??ref--13-0!/workspace/project/xian-explorer/src/components/ModernPageToken.vue
<s> [webpack.Progress] 40% building 109/131 modules 22 active /workspace/project/xian-explorer/node_modules/core-js/modules/web.dom.iterable.js
<s> [webpack.Progress] 40% building 110/131 modules 21 active /workspace/project/xian-explorer/node_modules/core-js/modules/web.dom.iterable.js
<s> [webpack.Progress] 40% building 110/132 modules 22 active /workspace/project/xian-explorer/node_modules/core-js/modules/es6.regexp.replace.js
<s> [webpack.Progress] 40% building 111/132 modules 21 active /workspace/project/xian-explorer/node_modules/core-js/modules/es6.regexp.replace.js
<s> [webpack.Progress] 40% building 112/132 modules 20 active /workspace/project/xian-explorer/node_modules/core-js/modules/es6.regexp.replace.js
<s> [webpack.Progress] 40% building 112/133 modules 21 active /workspace/project/xian-explorer/node_modules/core-js/modules/_object-create.js
<s> [webpack.Progress] 40% building 112/134 modules 22 active /workspace/project/xian-explorer/node_modules/core-js/modules/_shared-key.js
<s> [webpack.Progress] 40% building 112/135 modules 23 active /workspace/project/xian-explorer/node_modules/core-js/modules/_property-desc.js
<s> [webpack.Progress] 40% building 112/136 modules 24 active /workspace/project/xian-explorer/node_modules/core-js/modules/_function-to-string.js
<s> [webpack.Progress] 40% building 112/137 modules 25 active /workspace/project/xian-explorer/node_modules/core-js/modules/_to-integer.js
<s> [webpack.Progress] 40% building 112/138 modules 26 active /workspace/project/xian-explorer/node_modules/core-js/modules/_ie8-dom-define.js
<s> [webpack.Progress] 40% building 112/139 modules 27 active /workspace/project/xian-explorer/node_modules/core-js/modules/_to-primitive.js
<s> [webpack.Progress] 40% building 112/140 modules 28 active /workspace/project/xian-explorer/node_modules/core-js/modules/_object-keys-internal.js
<s> [webpack.Progress] 40% building 112/141 modules 29 active /workspace/project/xian-explorer/node_modules/core-js/modules/_enum-bug-keys.js
<s> [webpack.Progress] 40% building 112/142 modules 30 active /workspace/project/xian-explorer/node_modules/url/node_modules/qs/lib/utils.js
<s> [webpack.Progress] 40% building 113/142 modules 29 active /workspace/project/xian-explorer/node_modules/url/node_modules/qs/lib/utils.js
<s> [webpack.Progress] 40% building 114/142 modules 28 active /workspace/project/xian-explorer/node_modules/url/node_modules/qs/lib/utils.js
<s> [webpack.Progress] 40% building 115/142 modules 27 active /workspace/project/xian-explorer/node_modules/url/node_modules/qs/lib/utils.js
<s> [webpack.Progress] 40% building 116/142 modules 26 active /workspace/project/xian-explorer/node_modules/url/node_modules/qs/lib/utils.js
<s> [webpack.Progress] 40% building 117/142 modules 25 active /workspace/project/xian-explorer/node_modules/url/node_modules/qs/lib/utils.js
<s> [webpack.Progress] 40% building 118/142 modules 24 active /workspace/project/xian-explorer/node_modules/url/node_modules/qs/lib/utils.js
<s> [webpack.Progress] 40% building 119/142 modules 23 active /workspace/project/xian-explorer/node_modules/url/node_modules/qs/lib/utils.js
<s> [webpack.Progress] 40% building 120/142 modules 22 active /workspace/project/xian-explorer/node_modules/url/node_modules/qs/lib/utils.js
<s> [webpack.Progress] 40% building 121/142 modules 21 active /workspace/project/xian-explorer/node_modules/url/node_modules/qs/lib/utils.js
<s> [webpack.Progress] 40% building 122/142 modules 20 active /workspace/project/xian-explorer/node_modules/url/node_modules/qs/lib/utils.js
<s> [webpack.Progress] 40% building 123/142 modules 19 active /workspace/project/xian-explorer/node_modules/url/node_modules/qs/lib/utils.js
<s> [webpack.Progress] 40% building 124/142 modules 18 active /workspace/project/xian-explorer/node_modules/url/node_modules/qs/lib/utils.js
<s> [webpack.Progress] 40% building 125/142 modules 17 active /workspace/project/xian-explorer/node_modules/url/node_modules/qs/lib/utils.js
<s> [webpack.Progress] 40% building 126/142 modules 16 active /workspace/project/xian-explorer/node_modules/url/node_modules/qs/lib/utils.js
<s> [webpack.Progress] 40% building 127/142 modules 15 active /workspace/project/xian-explorer/node_modules/url/node_modules/qs/lib/utils.js
<s> [webpack.Progress] 40% building 128/142 modules 14 active /workspace/project/xian-explorer/node_modules/url/node_modules/qs/lib/utils.js
<s> [webpack.Progress] 40% building 129/142 modules 13 active /workspace/project/xian-explorer/node_modules/url/node_modules/qs/lib/utils.js
<s> [webpack.Progress] 40% building 130/142 modules 12 active /workspace/project/xian-explorer/node_modules/url/node_modules/qs/lib/utils.js
<s> [webpack.Progress] 40% building 131/142 modules 11 active /workspace/project/xian-explorer/node_modules/url/node_modules/qs/lib/utils.js
<s> [webpack.Progress] 40% building 132/142 modules 10 active /workspace/project/xian-explorer/node_modules/url/node_modules/qs/lib/utils.js
<s> [webpack.Progress] 40% building 133/142 modules 9 active /workspace/project/xian-explorer/node_modules/url/node_modules/qs/lib/utils.js
<s> [webpack.Progress] 40% building 134/142 modules 8 active /workspace/project/xian-explorer/node_modules/url/node_modules/qs/lib/utils.js
<s> [webpack.Progress] 40% building 135/142 modules 7 active /workspace/project/xian-explorer/node_modules/url/node_modules/qs/lib/utils.js
<s> [webpack.Progress] 40% building 136/142 modules 6 active /workspace/project/xian-explorer/node_modules/url/node_modules/qs/lib/utils.js
<s> [webpack.Progress] 40% building 137/142 modules 5 active /workspace/project/xian-explorer/node_modules/url/node_modules/qs/lib/utils.js
<s> [webpack.Progress] 40% building 138/142 modules 4 active /workspace/project/xian-explorer/node_modules/url/node_modules/qs/lib/utils.js
<s> [webpack.Progress] 40% building 139/142 modules 3 active /workspace/project/xian-explorer/node_modules/url/node_modules/qs/lib/utils.js
<s> [webpack.Progress] 40% building 140/142 modules 2 active /workspace/project/xian-explorer/node_modules/cache-loader/dist/cjs.js??ref--0-0!/workspace/project/xian-explorer/node_modules/vue-loader/lib/index.js??vue-loader-options!/workspace/project/xian-explorer/node_modules/eslint-loader/index.js??ref--13-0!/workspace/project/xian-explorer/src/components/ModernPageContract.vue
<s> [webpack.Progress] 40% building 140/143 modules 3 active /workspace/project/xian-explorer/node_modules/vue-loader/lib/loaders/pitcher.js??ref--4!/workspace/project/xian-explorer/node_modules/cache-loader/dist/cjs.js??ref--12-0!/workspace/project/xian-explorer/node_modules/babel-loader/lib/index.js!/workspace/project/xian-explorer/node_modules/cache-loader/dist/cjs.js??ref--0-0!/workspace/project/xian-explorer/node_modules/vue-loader/lib/index.js??vue-loader-options!/workspace/project/xian-explorer/node_modules/eslint-loader/index.js??ref--13-0!/workspace/project/xian-explorer/node_modules/eslint-loader/index.js??ref--13-0!/workspace/project/xian-explorer/src/app.vue?vue&type=script&lang=js
<s> [webpack.Progress] 40% building 141/143 modules 2 active /workspace/project/xian-explorer/node_modules/cache-loader/dist/cjs.js??ref--0-0!/workspace/project/xian-explorer/node_modules/vue-loader/lib/index.js??vue-loader-options!/workspace/project/xian-explorer/node_modules/eslint-loader/index.js??ref--13-0!/workspace/project/xian-explorer/src/components/ModernPageContract.vue
<s> [webpack.Progress] 40% building 141/144 modules 3 active /workspace/project/xian-explorer/node_modules/vue-loader/lib/loaders/pitcher.js??ref--4!/workspace/project/xian-explorer/node_modules/cache-loader/dist/cjs.js??ref--12-0!/workspace/project/xian-explorer/node_modules/babel-loader/lib/index.js!/workspace/project/xian-explorer/node_modules/cache-loader/dist/cjs.js??ref--0-0!/workspace/project/xian-explorer/node_modules/vue-loader/lib/index.js??vue-loader-options!/workspace/project/xian-explorer/node_modules/eslint-loader/index.js??ref--13-0!/workspace/project/xian-explorer/node_modules/eslint-loader/index.js??ref--13-0!/workspace/project/xian-explorer/src/components/ModernPageIndex.vue?vue&type=script&lang=js
<s> [webpack.Progress] 40% building 142/144 modules 2 active /workspace/project/xian-explorer/node_modules/cache-loader/dist/cjs.js??ref--0-0!/workspace/project/xian-explorer/node_modules/vue-loader/lib/index.js??vue-loader-options!/workspace/project/xian-explorer/node_modules/eslint-loader/index.js??ref--13-0!/workspace/project/xian-explorer/src/components/ModernPageContract.vue
<s> [webpack.Progress] 40% building 142/145 modules 3 active /workspace/project/xian-explorer/node_modules/vue-loader/lib/loaders/pitcher.js??ref--4!/workspace/project/xian-explorer/node_modules/cache-loader/dist/cjs.js??ref--12-0!/workspace/project/xian-explorer/node_modules/babel-loader/lib/index.js!/workspace/project/xian-explorer/node_modules/cache-loader/dist/cjs.js??ref--0-0!/workspace/project/xian-explorer/node_modules/vue-loader/lib/index.js??vue-loader-options!/workspace/project/xian-explorer/node_modules/eslint-loader/index.js??ref--13-0!/workspace/project/xian-explorer/node_modules/eslint-loader/index.js??ref--13-0!/workspace/project/xian-explorer/src/components/ModernPageBlocks.vue?vue&type=script&lang=js
<s> [webpack.Progress] 40% building 143/145 modules 2 active /workspace/project/xian-explorer/node_modules/cache-loader/dist/cjs.js??ref--0-0!/workspace/project/xian-explorer/node_modules/vue-loader/lib/index.js??vue-loader-options!/workspace/project/xian-explorer/node_modules/eslint-loader/index.js??ref--13-0!/workspace/project/xian-explorer/src/components/ModernPageContract.vue
<s> [webpack.Progress] 40% building 143/146 modules 3 active /workspace/project/xian-explorer/node_modules/vue-loader/lib/loaders/pitcher.js??ref--4!/workspace/project/xian-explorer/node_modules/cache-loader/dist/cjs.js??ref--12-0!/workspace/project/xian-explorer/node_modules/babel-loader/lib/index.js!/workspace/project/xian-explorer/node_modules/cache-loader/dist/cjs.js??ref--0-0!/workspace/project/xian-explorer/node_modules/vue-loader/lib/index.js??vue-loader-options!/workspace/project/xian-explorer/node_modules/eslint-loader/index.js??ref--13-0!/workspace/project/xian-explorer/node_modules/eslint-loader/index.js??ref--13-0!/workspace/project/xian-explorer/src/components/ModernPageTxs.vue?vue&type=script&lang=js
<s> [webpack.Progress] 40% building 144/146 modules 2 active /workspace/project/xian-explorer/node_modules/cache-loader/dist/cjs.js??ref--0-0!/workspace/project/xian-explorer/node_modules/vue-loader/lib/index.js??vue-loader-options!/workspace/project/xian-explorer/node_modules/eslint-loader/index.js??ref--13-0!/workspace/project/xian-explorer/src/components/ModernPageContract.vue
<s> [webpack.Progress] 40% building 144/147 modules 3 active /workspace/project/xian-explorer/node_modules/vue-loader/lib/loaders/pitcher.js??ref--4!/workspace/project/xian-explorer/node_modules/cache-loader/dist/cjs.js??ref--12-0!/workspace/project/xian-explorer/node_modules/babel-loader/lib/index.js!/workspace/project/xian-explorer/node_modules/cache-loader/dist/cjs.js??ref--0-0!/workspace/project/xian-explorer/node_modules/vue-loader/lib/index.js??vue-loader-options!/workspace/project/xian-explorer/node_modules/eslint-loader/index.js??ref--13-0!/workspace/project/xian-explorer/node_modules/eslint-loader/index.js??ref--13-0!/workspace/project/xian-explorer/src/components/PageSearch.vue?vue&type=script&lang=js
<s> [webpack.Progress] 40% building 145/147 modules 2 active /workspace/project/xian-explorer/node_modules/cache-loader/dist/cjs.js??ref--0-0!/workspace/project/xian-explorer/node_modules/vue-loader/lib/index.js??vue-loader-options!/workspace/project/xian-explorer/node_modules/eslint-loader/index.js??ref--13-0!/workspace/project/xian-explorer/src/components/ModernPageContract.vue
<s> [webpack.Progress] 40% building 145/148 modules 3 active /workspace/project/xian-explorer/node_modules/vue-loader/lib/loaders/pitcher.js??ref--4!/workspace/project/xian-explorer/node_modules/cache-loader/dist/cjs.js??ref--12-0!/workspace/project/xian-explorer/node_modules/babel-loader/lib/index.js!/workspace/project/xian-explorer/node_modules/cache-loader/dist/cjs.js??ref--0-0!/workspace/project/xian-explorer/node_modules/vue-loader/lib/index.js??vue-loader-options!/workspace/project/xian-explorer/node_modules/eslint-loader/index.js??ref--13-0!/workspace/project/xian-explorer/node_modules/eslint-loader/index.js??ref--13-0!/workspace/project/xian-explorer/src/components/ModernPageBlock.vue?vue&type=script&lang=js
<s> [webpack.Progress] 40% building 146/148 modules 2 active /workspace/project/xian-explorer/node_modules/cache-loader/dist/cjs.js??ref--0-0!/workspace/project/xian-explorer/node_modules/vue-loader/lib/index.js??vue-loader-options!/workspace/project/xian-explorer/node_modules/eslint-loader/index.js??ref--13-0!/workspace/project/xian-explorer/src/components/ModernPageContract.vue
<s> [webpack.Progress] 40% building 146/149 modules 3 active /workspace/project/xian-explorer/node_modules/vue-loader/lib/loaders/pitcher.js??ref--4!/workspace/project/xian-explorer/node_modules/cache-loader/dist/cjs.js??ref--12-0!/workspace/project/xian-explorer/node_modules/babel-loader/lib/index.js!/workspace/project/xian-explorer/node_modules/cache-loader/dist/cjs.js??ref--0-0!/workspace/project/xian-explorer/node_modules/vue-loader/lib/index.js??vue-loader-options!/workspace/project/xian-explorer/node_modules/eslint-loader/index.js??ref--13-0!/workspace/project/xian-explorer/node_modules/eslint-loader/index.js??ref--13-0!/workspace/project/xian-explorer/src/components/PageFullNode.vue?vue&type=script&lang=js
<s> [webpack.Progress] 40% building 147/149 modules 2 active /workspace/project/xian-explorer/node_modules/cache-loader/dist/cjs.js??ref--0-0!/workspace/project/xian-explorer/node_modules/vue-loader/lib/index.js??vue-loader-options!/workspace/project/xian-explorer/node_modules/eslint-loader/index.js??ref--13-0!/workspace/project/xian-explorer/src/components/ModernPageContract.vue
<s> [webpack.Progress] 40% building 147/150 modules 3 active /workspace/project/xian-explorer/node_modules/vue-loader/lib/loaders/pitcher.js??ref--4!/workspace/project/xian-explorer/node_modules/cache-loader/dist/cjs.js??ref--12-0!/workspace/project/xian-explorer/node_modules/babel-loader/lib/index.js!/workspace/project/xian-explorer/node_modules/cache-loader/dist/cjs.js??ref--0-0!/workspace/project/xian-explorer/node_modules/vue-loader/lib/index.js??vue-loader-options!/workspace/project/xian-explorer/node_modules/eslint-loader/index.js??ref--13-0!/workspace/project/xian-explorer/node_modules/eslint-loader/index.js??ref--13-0!/workspace/project/xian-explorer/src/components/PageValidatorsIndex.vue?vue&type=script&lang=js
<s> [webpack.Progress] 40% building 148/150 modules 2 active /workspace/project/xian-explorer/node_modules/cache-loader/dist/cjs.js??ref--0-0!/workspace/project/xian-explorer/node_modules/vue-loader/lib/index.js??vue-loader-options!/workspace/project/xian-explorer/node_modules/eslint-loader/index.js??ref--13-0!/workspace/project/xian-explorer/src/components/ModernPageContract.vue
<s> [webpack.Progress] 40% building 148/151 modules 3 active /workspace/project/xian-explorer/node_modules/vue-loader/lib/loaders/pitcher.js??ref--4!/workspace/project/xian-explorer/node_modules/cache-loader/dist/cjs.js??ref--12-0!/workspace/project/xian-explorer/node_modules/babel-loader/lib/index.js!/workspace/project/xian-explorer/node_modules/cache-loader/dist/cjs.js??ref--0-0!/workspace/project/xian-explorer/node_modules/vue-loader/lib/index.js??vue-loader-options!/workspace/project/xian-explorer/node_modules/eslint-loader/index.js??ref--13-0!/workspace/project/xian-explorer/node_modules/eslint-loader/index.js??ref--13-0!/workspace/project/xian-explorer/src/components/PageFullNodes.vue?vue&type=script&lang=js
<s> [webpack.Progress] 40% building 149/151 modules 2 active /workspace/project/xian-explorer/node_modules/cache-loader/dist/cjs.js??ref--0-0!/workspace/project/xian-explorer/node_modules/vue-loader/lib/index.js??vue-loader-options!/workspace/project/xian-explorer/node_modules/eslint-loader/index.js??ref--13-0!/workspace/project/xian-explorer/src/components/ModernPageContract.vue
<s> [webpack.Progress] 40% building 149/152 modules 3 active /workspace/project/xian-explorer/node_modules/vue-loader/lib/loaders/pitcher.js??ref--4!/workspace/project/xian-explorer/node_modules/cache-loader/dist/cjs.js??ref--12-0!/workspace/project/xian-explorer/node_modules/babel-loader/lib/index.js!/workspace/project/xian-explorer/node_modules/cache-loader/dist/cjs.js??ref--0-0!/workspace/project/xian-explorer/node_modules/vue-loader/lib/index.js??vue-loader-options!/workspace/project/xian-explorer/node_modules/eslint-loader/index.js??ref--13-0!/workspace/project/xian-explorer/node_modules/eslint-loader/index.js??ref--13-0!/workspace/project/xian-explorer/src/components/PageValidatorsRevoked.vue?vue&type=script&lang=js
<s> [webpack.Progress] 40% building 150/152 modules 2 active /workspace/project/xian-explorer/node_modules/cache-loader/dist/cjs.js??ref--0-0!/workspace/project/xian-explorer/node_modules/vue-loader/lib/index.js??vue-loader-options!/workspace/project/xian-explorer/node_modules/eslint-loader/index.js??ref--13-0!/workspace/project/xian-explorer/src/components/ModernPageContract.vue
<s> [webpack.Progress] 40% building 150/153 modules 3 active /workspace/project/xian-explorer/node_modules/vue-loader/lib/loaders/pitcher.js??ref--4!/workspace/project/xian-explorer/node_modules/cache-loader/dist/cjs.js??ref--12-0!/workspace/project/xian-explorer/node_modules/babel-loader/lib/index.js!/workspace/project/xian-explorer/node_modules/cache-loader/dist/cjs.js??ref--0-0!/workspace/project/xian-explorer/node_modules/vue-loader/lib/index.js??vue-loader-options!/workspace/project/xian-explorer/node_modules/eslint-loader/index.js??ref--13-0!/workspace/project/xian-explorer/node_modules/eslint-loader/index.js??ref--13-0!/workspace/project/xian-explorer/src/components/PageValidators.vue?vue&type=script&lang=js
<s> [webpack.Progress] 40% building 151/153 modules 2 active /workspace/project/xian-explorer/node_modules/cache-loader/dist/cjs.js??ref--0-0!/workspace/project/xian-explorer/node_modules/vue-loader/lib/index.js??vue-loader-options!/workspace/project/xian-explorer/node_modules/eslint-loader/index.js??ref--13-0!/workspace/project/xian-explorer/src/components/ModernPageContract.vue
<s> [webpack.Progress] 40% building 151/154 modules 3 active /workspace/project/xian-explorer/node_modules/vue-loader/lib/loaders/pitcher.js??ref--4!/workspace/project/xian-explorer/node_modules/cache-loader/dist/cjs.js??ref--12-0!/workspace/project/xian-explorer/node_modules/babel-loader/lib/index.js!/workspace/project/xian-explorer/node_modules/cache-loader/dist/cjs.js??ref--0-0!/workspace/project/xian-explorer/node_modules/vue-loader/lib/index.js??vue-loader-options!/workspace/project/xian-explorer/node_modules/eslint-loader/index.js??ref--13-0!/workspace/project/xian-explorer/node_modules/eslint-loader/index.js??ref--13-0!/workspace/project/xian-explorer/src/components/ModernPageContracts.vue?vue&type=script&lang=js
<s> [webpack.Progress] 40% building 152/154 modules 2 active /workspace/project/xian-explorer/node_modules/cache-loader/dist/cjs.js??ref--0-0!/workspace/project/xian-explorer/node_modules/vue-loader/lib/index.js??vue-loader-options!/workspace/project/xian-explorer/node_modules/eslint-loader/index.js??ref--13-0!/workspace/project/xian-explorer/src/components/ModernPageContract.vue
<s> [webpack.Progress] 40% building 152/155 modules 3 active /workspace/project/xian-explorer/node_modules/vue-loader/lib/loaders/pitcher.js??ref--4!/workspace/project/xian-explorer/node_modules/cache-loader/dist/cjs.js??ref--12-0!/workspace/project/xian-explorer/node_modules/babel-loader/lib/index.js!/workspace/project/xian-explorer/node_modules/cache-loader/dist/cjs.js??ref--0-0!/workspace/project/xian-explorer/node_modules/vue-loader/lib/index.js??vue-loader-options!/workspace/project/xian-explorer/node_modules/eslint-loader/index.js??ref--13-0!/workspace/project/xian-explorer/node_modules/eslint-loader/index.js??ref--13-0!/workspace/project/xian-explorer/src/components/PageValidator.vue?vue&type=script&lang=js
<s> [webpack.Progress] 40% building 153/155 modules 2 active /workspace/project/xian-explorer/node_modules/cache-loader/dist/cjs.js??ref--0-0!/workspace/project/xian-explorer/node_modules/vue-loader/lib/index.js??vue-loader-options!/workspace/project/xian-explorer/node_modules/eslint-loader/index.js??ref--13-0!/workspace/project/xian-explorer/src/components/ModernPageContract.vue
<s> [webpack.Progress] 40% building 153/156 modules 3 active /workspace/project/xian-explorer/node_modules/vue-loader/lib/loaders/pitcher.js??ref--4!/workspace/project/xian-explorer/node_modules/cache-loader/dist/cjs.js??ref--12-0!/workspace/project/xian-explorer/node_modules/babel-loader/lib/index.js!/workspace/project/xian-explorer/node_modules/cache-loader/dist/cjs.js??ref--0-0!/workspace/project/xian-explorer/node_modules/vue-loader/lib/index.js??vue-loader-options!/workspace/project/xian-explorer/node_modules/eslint-loader/index.js??ref--13-0!/workspace/project/xian-explorer/node_modules/eslint-loader/index.js??ref--13-0!/workspace/project/xian-explorer/src/components/ModernPageAddress.vue?vue&type=script&lang=js
<s> [webpack.Progress] 40% building 154/156 modules 2 active /workspace/project/xian-explorer/node_modules/cache-loader/dist/cjs.js??ref--0-0!/workspace/project/xian-explorer/node_modules/vue-loader/lib/index.js??vue-loader-options!/workspace/project/xian-explorer/node_modules/eslint-loader/index.js??ref--13-0!/workspace/project/xian-explorer/src/components/ModernPageContract.vue
<s> [webpack.Progress] 40% building 154/157 modules 3 active /workspace/project/xian-explorer/node_modules/vue-loader/lib/loaders/pitcher.js??ref--4!/workspace/project/xian-explorer/node_modules/cache-loader/dist/cjs.js??ref--12-0!/workspace/project/xian-explorer/node_modules/babel-loader/lib/index.js!/workspace/project/xian-explorer/node_modules/cache-loader/dist/cjs.js??ref--0-0!/workspace/project/xian-explorer/node_modules/vue-loader/lib/index.js??vue-loader-options!/workspace/project/xian-explorer/node_modules/eslint-loader/index.js??ref--13-0!/workspace/project/xian-explorer/node_modules/eslint-loader/index.js??ref--13-0!/workspace/project/xian-explorer/src/components/ModernPageAddresses.vue?vue&type=script&lang=js
<s> [webpack.Progress] 40% building 155/157 modules 2 active /workspace/project/xian-explorer/node_modules/cache-loader/dist/cjs.js??ref--0-0!/workspace/project/xian-explorer/node_modules/vue-loader/lib/index.js??vue-loader-options!/workspace/project/xian-explorer/node_modules/eslint-loader/index.js??ref--13-0!/workspace/project/xian-explorer/src/components/ModernPageContract.vue
<s> [webpack.Progress] 40% building 155/158 modules 3 active /workspace/project/xian-explorer/node_modules/vue-loader/lib/loaders/pitcher.js??ref--4!/workspace/project/xian-explorer/node_modules/cache-loader/dist/cjs.js??ref--12-0!/workspace/project/xian-explorer/node_modules/babel-loader/lib/index.js!/workspace/project/xian-explorer/node_modules/cache-loader/dist/cjs.js??ref--0-0!/workspace/project/xian-explorer/node_modules/vue-loader/lib/index.js??vue-loader-options!/workspace/project/xian-explorer/node_modules/eslint-loader/index.js??ref--13-0!/workspace/project/xian-explorer/node_modules/eslint-loader/index.js??ref--13-0!/workspace/project/xian-explorer/src/components/ModernPageToken.vue?vue&type=script&lang=js
<s> [webpack.Progress] 40% building 156/158 modules 2 active /workspace/project/xian-explorer/node_modules/cache-loader/dist/cjs.js??ref--0-0!/workspace/project/xian-explorer/node_modules/vue-loader/lib/index.js??vue-loader-options!/workspace/project/xian-explorer/node_modules/eslint-loader/index.js??ref--13-0!/workspace/project/xian-explorer/src/components/ModernPageContract.vue
<s> [webpack.Progress] 40% building 156/159 modules 3 active /workspace/project/xian-explorer/node_modules/vue-loader/lib/loaders/pitcher.js??ref--4!/workspace/project/xian-explorer/node_modules/cache-loader/dist/cjs.js??ref--12-0!/workspace/project/xian-explorer/node_modules/babel-loader/lib/index.js!/workspace/project/xian-explorer/node_modules/cache-loader/dist/cjs.js??ref--0-0!/workspace/project/xian-explorer/node_modules/vue-loader/lib/index.js??vue-loader-options!/workspace/project/xian-explorer/node_modules/eslint-loader/index.js??ref--13-0!/workspace/project/xian-explorer/node_modules/eslint-loader/index.js??ref--13-0!/workspace/project/xian-explorer/src/components/ModernPageTokens.vue?vue&type=script&lang=js
<s> [webpack.Progress] 40% building 157/159 modules 2 active /workspace/project/xian-explorer/node_modules/cache-loader/dist/cjs.js??ref--0-0!/workspace/project/xian-explorer/node_modules/vue-loader/lib/index.js??vue-loader-options!/workspace/project/xian-explorer/node_modules/eslint-loader/index.js??ref--13-0!/workspace/project/xian-explorer/src/components/ModernPageContract.vue
<s> [webpack.Progress] 40% building 157/160 modules 3 active /workspace/project/xian-explorer/node_modules/cache-loader/dist/cjs.js??ref--12-0!/workspace/project/xian-explorer/node_modules/babel-loader/lib/index.js!/workspace/project/xian-explorer/node_modules/cache-loader/dist/cjs.js??ref--0-0!/workspace/project/xian-explorer/node_modules/vue-loader/lib/index.js??vue-loader-options!/workspace/project/xian-explorer/src/app.vue?vue&type=script&lang=js
<s> [webpack.Progress] 40% building 157/161 modules 4 active /workspace/project/xian-explorer/node_modules/cache-loader/dist/cjs.js??ref--12-0!/workspace/project/xian-explorer/node_modules/babel-loader/lib/index.js!/workspace/project/xian-explorer/node_modules/cache-loader/dist/cjs.js??ref--0-0!/workspace/project/xian-explorer/node_modules/vue-loader/lib/index.js??vue-loader-options!/workspace/project/xian-explorer/src/components/ModernPageIndex.vue?vue&type=script&lang=js
<s> [webpack.Progress] 40% building 157/162 modules 5 active /workspace/project/xian-explorer/node_modules/cache-loader/dist/cjs.js??ref--12-0!/workspace/project/xian-explorer/node_modules/babel-loader/lib/index.js!/workspace/project/xian-explorer/node_modules/cache-loader/dist/cjs.js??ref--0-0!/workspace/project/xian-explorer/node_modules/vue-loader/lib/index.js??vue-loader-options!/workspace/project/xian-explorer/src/components/ModernPageBlocks.vue?vue&type=script&lang=js
<s> [webpack.Progress] 40% building 157/163 modules 6 active /workspace/project/xian-explorer/node_modules/cache-loader/dist/cjs.js??ref--12-0!/workspace/project/xian-explorer/node_modules/babel-loader/lib/index.js!/workspace/project/xian-explorer/node_modules/cache-loader/dist/cjs.js??ref--0-0!/workspace/project/xian-explorer/node_modules/vue-loader/lib/index.js??vue-loader-options!/workspace/project/xian-explorer/src/components/ModernPageTxs.vue?vue&type=script&lang=js
<s> [webpack.Progress] 40% building 157/164 modules 7 active /workspace/project/xian-explorer/node_modules/cache-loader/dist/cjs.js??ref--12-0!/workspace/project/xian-explorer/node_modules/babel-loader/lib/index.js!/workspace/project/xian-explorer/node_modules/cache-loader/dist/cjs.js??ref--0-0!/workspace/project/xian-explorer/node_modules/vue-loader/lib/index.js??vue-loader-options!/workspace/project/xian-explorer/src/components/PageSearch.vue?vue&type=script&lang=js
<s> [webpack.Progress] 40% building 157/165 modules 8 active /workspace/project/xian-explorer/node_modules/cache-loader/dist/cjs.js??ref--12-0!/workspace/project/xian-explorer/node_modules/babel-loader/lib/index.js!/workspace/project/xian-explorer/node_modules/cache-loader/dist/cjs.js??ref--0-0!/workspace/project/xian-explorer/node_modules/vue-loader/lib/index.js??vue-loader-options!/workspace/project/xian-explorer/src/components/ModernPageBlock.vue?vue&type=script&lang=js
<s> [webpack.Progress] 40% building 157/166 modules 9 active /workspace/project/xian-explorer/node_modules/cache-loader/dist/cjs.js??ref--12-0!/workspace/project/xian-explorer/node_modules/babel-loader/lib/index.js!/workspace/project/xian-explorer/node_modules/cache-loader/dist/cjs.js??ref--0-0!/workspace/project/xian-explorer/node_modules/vue-loader/lib/index.js??vue-loader-options!/workspace/project/xian-explorer/src/components/PageFullNode.vue?vue&type=script&lang=js
<s> [webpack.Progress] 40% building 157/167 modules 10 active /workspace/project/xian-explorer/node_modules/cache-loader/dist/cjs.js??ref--12-0!/workspace/project/xian-explorer/node_modules/babel-loader/lib/index.js!/workspace/project/xian-explorer/node_modules/cache-loader/dist/cjs.js??ref--0-0!/workspace/project/xian-explorer/node_modules/vue-loader/lib/index.js??vue-loader-options!/workspace/project/xian-explorer/src/components/PageValidatorsIndex.vue?vue&type=script&lang=js
<s> [webpack.Progress] 40% building 157/168 modules 11 active /workspace/project/xian-explorer/node_modules/cache-loader/dist/cjs.js??ref--12-0!/workspace/project/xian-explorer/node_modules/babel-loader/lib/index.js!/workspace/project/xian-explorer/node_modules/cache-loader/dist/cjs.js??ref--0-0!/workspace/project/xian-explorer/node_modules/vue-loader/lib/index.js??vue-loader-options!/workspace/project/xian-explorer/src/components/PageFullNodes.vue?vue&type=script&lang=js
<s> [webpack.Progress] 40% building 157/169 modules 12 active /workspace/project/xian-explorer/node_modules/cache-loader/dist/cjs.js??ref--12-0!/workspace/project/xian-explorer/node_modules/babel-loader/lib/index.js!/workspace/project/xian-explorer/node_modules/cache-loader/dist/cjs.js??ref--0-0!/workspace/project/xian-explorer/node_modules/vue-loader/lib/index.js??vue-loader-options!/workspace/project/xian-explorer/src/components/PageValidatorsRevoked.vue?vue&type=script&lang=js
<s> [webpack.Progress] 40% building 157/170 modules 13 active /workspace/project/xian-explorer/node_modules/cache-loader/dist/cjs.js??ref--12-0!/workspace/project/xian-explorer/node_modules/babel-loader/lib/index.js!/workspace/project/xian-explorer/node_modules/cache-loader/dist/cjs.js??ref--0-0!/workspace/project/xian-explorer/node_modules/vue-loader/lib/index.js??vue-loader-options!/workspace/project/xian-explorer/src/components/PageValidators.vue?vue&type=script&lang=js
<s> [webpack.Progress] 40% building 157/171 modules 14 active /workspace/project/xian-explorer/node_modules/cache-loader/dist/cjs.js??ref--12-0!/workspace/project/xian-explorer/node_modules/babel-loader/lib/index.js!/workspace/project/xian-explorer/node_modules/cache-loader/dist/cjs.js??ref--0-0!/workspace/project/xian-explorer/node_modules/vue-loader/lib/index.js??vue-loader-options!/workspace/project/xian-explorer/src/components/ModernPageContracts.vue?vue&type=script&lang=js
<s> [webpack.Progress] 40% building 157/172 modules 15 active /workspace/project/xian-explorer/node_modules/cache-loader/dist/cjs.js??ref--12-0!/workspace/project/xian-explorer/node_modules/babel-loader/lib/index.js!/workspace/project/xian-explorer/node_modules/cache-loader/dist/cjs.js??ref--0-0!/workspace/project/xian-explorer/node_modules/vue-loader/lib/index.js??vue-loader-options!/workspace/project/xian-explorer/src/components/PageValidator.vue?vue&type=script&lang=js
<s> [webpack.Progress] 40% building 157/173 modules 16 active /workspace/project/xian-explorer/node_modules/cache-loader/dist/cjs.js??ref--12-0!/workspace/project/xian-explorer/node_modules/babel-loader/lib/index.js!/workspace/project/xian-explorer/node_modules/cache-loader/dist/cjs.js??ref--0-0!/workspace/project/xian-explorer/node_modules/vue-loader/lib/index.js??vue-loader-options!/workspace/project/xian-explorer/src/components/ModernPageAddress.vue?vue&type=script&lang=js
<s> [webpack.Progress] 40% building 157/174 modules 17 active /workspace/project/xian-explorer/node_modules/cache-loader/dist/cjs.js??ref--12-0!/workspace/project/xian-explorer/node_modules/babel-loader/lib/index.js!/workspace/project/xian-explorer/node_modules/cache-loader/dist/cjs.js??ref--0-0!/workspace/project/xian-explorer/node_modules/vue-loader/lib/index.js??vue-loader-options!/workspace/project/xian-explorer/src/components/ModernPageAddresses.vue?vue&type=script&lang=js
<s> [webpack.Progress] 40% building 157/175 modules 18 active /workspace/project/xian-explorer/node_modules/cache-loader/dist/cjs.js??ref--12-0!/workspace/project/xian-explorer/node_modules/babel-loader/lib/index.js!/workspace/project/xian-explorer/node_modules/cache-loader/dist/cjs.js??ref--0-0!/workspace/project/xian-explorer/node_modules/vue-loader/lib/index.js??vue-loader-options!/workspace/project/xian-explorer/src/components/ModernPageToken.vue?vue&type=script&lang=js
<s> [webpack.Progress] 40% building 157/176 modules 19 active /workspace/project/xian-explorer/node_modules/cache-loader/dist/cjs.js??ref--12-0!/workspace/project/xian-explorer/node_modules/babel-loader/lib/index.js!/workspace/project/xian-explorer/node_modules/cache-loader/dist/cjs.js??ref--0-0!/workspace/project/xian-explorer/node_modules/vue-loader/lib/index.js??vue-loader-options!/workspace/project/xian-explorer/src/components/ModernPageTokens.vue?vue&type=script&lang=js
<s> [webpack.Progress] 40% building 157/177 modules 20 active /workspace/project/xian-explorer/node_modules/vue-loader/lib/loaders/pitcher.js??ref--4!/workspace/project/xian-explorer/node_modules/cache-loader/dist/cjs.js??ref--12-0!/workspace/project/xian-explorer/node_modules/babel-loader/lib/index.js!/workspace/project/xian-explorer/node_modules/vue-loader/lib/loaders/templateLoader.js??ref--6!/workspace/project/xian-explorer/node_modules/cache-loader/dist/cjs.js??ref--0-0!/workspace/project/xian-explorer/node_modules/vue-loader/lib/index.js??vue-loader-options!/workspace/project/xian-explorer/node_modules/eslint-loader/index.js??ref--13-0!/workspace/project/xian-explorer/src/components/ModernPageBlocks.vue?vue&type=template&id=2a1fe0b8&scoped=true
<s> [webpack.Progress] 40% building 158/177 modules 19 active /workspace/project/xian-explorer/node_modules/cache-loader/dist/cjs.js??ref--12-0!/workspace/project/xian-explorer/node_modules/babel-loader/lib/index.js!/workspace/project/xian-explorer/node_modules/cache-loader/dist/cjs.js??ref--0-0!/workspace/project/xian-explorer/node_modules/vue-loader/lib/index.js??vue-loader-options!/workspace/project/xian-explorer/src/components/ModernPageTokens.vue?vue&type=script&lang=js
<s> [webpack.Progress] 40% building 158/178 modules 20 active /workspace/project/xian-explorer/node_modules/vue-loader/lib/loaders/pitcher.js??ref--4!/workspace/project/xian-explorer/node_modules/cache-loader/dist/cjs.js??ref--12-0!/workspace/project/xian-explorer/node_modules/babel-loader/lib/index.js!/workspace/project/xian-explorer/node_modules/vue-loader/lib/loaders/templateLoader.js??ref--6!/workspace/project/xian-explorer/node_modules/cache-loader/dist/cjs.js??ref--0-0!/workspace/project/xian-explorer/node_modules/vue-loader/lib/index.js??vue-loader-options!/workspace/project/xian-explorer/node_modules/eslint-loader/index.js??ref--13-0!/workspace/project/xian-explorer/src/components/ModernPageTxs.vue?vue&type=template&id=6b3960c1&scoped=true
<s> [webpack.Progress] 40% building 159/178 modules 19 active /workspace/project/xian-explorer/node_modules/cache-loader/dist/cjs.js??ref--12-0!/workspace/project/xian-explorer/node_modules/babel-loader/lib/index.js!/workspace/project/xian-explorer/node_modules/cache-loader/dist/cjs.js??ref--0-0!/workspace/project/xian-explorer/node_modules/vue-loader/lib/index.js??vue-loader-options!/workspace/project/xian-explorer/src/components/ModernPageTokens.vue?vue&type=script&lang=js
<s> [webpack.Progress] 40% building 159/179 modules 20 active /workspace/project/xian-explorer/node_modules/vue-loader/lib/loaders/pitcher.js??ref--4!/workspace/project/xian-explorer/node_modules/cache-loader/dist/cjs.js??ref--12-0!/workspace/project/xian-explorer/node_modules/babel-loader/lib/index.js!/workspace/project/xian-explorer/node_modules/vue-loader/lib/loaders/templateLoader.js??ref--6!/workspace/project/xian-explorer/node_modules/cache-loader/dist/cjs.js??ref--0-0!/workspace/project/xian-explorer/node_modules/vue-loader/lib/index.js??vue-loader-options!/workspace/project/xian-explorer/node_modules/eslint-loader/index.js??ref--13-0!/workspace/project/xian-explorer/src/components/ModernPageBlock.vue?vue&type=template&id=85b98542&scoped=true
<s> [webpack.Progress] 40% building 160/179 modules 19 active /workspace/project/xian-explorer/node_modules/cache-loader/dist/cjs.js??ref--12-0!/workspace/project/xian-explorer/node_modules/babel-loader/lib/index.js!/workspace/project/xian-explorer/node_modules/cache-loader/dist/cjs.js??ref--0-0!/workspace/project/xian-explorer/node_modules/vue-loader/lib/index.js??vue-loader-options!/workspace/project/xian-explorer/src/components/ModernPageTokens.vue?vue&type=script&lang=js
<s> [webpack.Progress] 40% building 160/180 modules 20 active /workspace/project/xian-explorer/node_modules/vue-loader/lib/loaders/pitcher.js??ref--4!/workspace/project/xian-explorer/node_modules/cache-loader/dist/cjs.js??ref--12-0!/workspace/project/xian-explorer/node_modules/babel-loader/lib/index.js!/workspace/project/xian-explorer/node_modules/vue-loader/lib/loaders/templateLoader.js??ref--6!/workspace/project/xian-explorer/node_modules/cache-loader/dist/cjs.js??ref--0-0!/workspace/project/xian-explorer/node_modules/vue-loader/lib/index.js??vue-loader-options!/workspace/project/xian-explorer/node_modules/eslint-loader/index.js??ref--13-0!/workspace/project/xian-explorer/src/components/ModernPageContracts.vue?vue&type=template&id=4fd6f373&scoped=true
<s> [webpack.Progress] 40% building 161/180 modules 19 active /workspace/project/xian-explorer/node_modules/cache-loader/dist/cjs.js??ref--12-0!/workspace/project/xian-explorer/node_modules/babel-loader/lib/index.js!/workspace/project/xian-explorer/node_modules/cache-loader/dist/cjs.js??ref--0-0!/workspace/project/xian-explorer/node_modules/vue-loader/lib/index.js??vue-loader-options!/workspace/project/xian-explorer/src/components/ModernPageTokens.vue?vue&type=script&lang=js
<s> [webpack.Progress] 40% building 161/181 modules 20 active /workspace/project/xian-explorer/node_modules/vue-loader/lib/loaders/pitcher.js??ref--4!/workspace/project/xian-explorer/node_modules/cache-loader/dist/cjs.js??ref--12-0!/workspace/project/xian-explorer/node_modules/babel-loader/lib/index.js!/workspace/project/xian-explorer/node_modules/vue-loader/lib/loaders/templateLoader.js??ref--6!/workspace/project/xian-explorer/node_modules/cache-loader/dist/cjs.js??ref--0-0!/workspace/project/xian-explorer/node_modules/vue-loader/lib/index.js??vue-loader-options!/workspace/project/xian-explorer/node_modules/eslint-loader/index.js??ref--13-0!/workspace/project/xian-explorer/src/components/ModernPageAddress.vue?vue&type=template&id=8d2e7a74&scoped=true
<s> [webpack.Progress] 40% building 162/181 modules 19 active /workspace/project/xian-explorer/node_modules/cache-loader/dist/cjs.js??ref--12-0!/workspace/project/xian-explorer/node_modules/babel-loader/lib/index.js!/workspace/project/xian-explorer/node_modules/cache-loader/dist/cjs.js??ref--0-0!/workspace/project/xian-explorer/node_modules/vue-loader/lib/index.js??vue-loader-options!/workspace/project/xian-explorer/src/components/ModernPageTokens.vue?vue&type=script&lang=js
<s> [webpack.Progress] 40% building 162/182 modules 20 active /workspace/project/xian-explorer/node_modules/vue-loader/lib/loaders/pitcher.js??ref--4!/workspace/project/xian-explorer/node_modules/cache-loader/dist/cjs.js??ref--12-0!/workspace/project/xian-explorer/node_modules/babel-loader/lib/index.js!/workspace/project/xian-explorer/node_modules/vue-loader/lib/loaders/templateLoader.js??ref--6!/workspace/project/xian-explorer/node_modules/cache-loader/dist/cjs.js??ref--0-0!/workspace/project/xian-explorer/node_modules/vue-loader/lib/index.js??vue-loader-options!/workspace/project/xian-explorer/node_modules/eslint-loader/index.js??ref--13-0!/workspace/project/xian-explorer/src/components/ModernPageAddresses.vue?vue&type=template&id=5fd374f4&scoped=true
<s> [webpack.Progress] 40% building 163/182 modules 19 active /workspace/project/xian-explorer/node_modules/cache-loader/dist/cjs.js??ref--12-0!/workspace/project/xian-explorer/node_modules/babel-loader/lib/index.js!/workspace/project/xian-explorer/node_modules/cache-loader/dist/cjs.js??ref--0-0!/workspace/project/xian-explorer/node_modules/vue-loader/lib/index.js??vue-loader-options!/workspace/project/xian-explorer/src/components/ModernPageTokens.vue?vue&type=script&lang=js
<s> [webpack.Progress] 40% building 163/183 modules 20 active /workspace/project/xian-explorer/node_modules/vue-loader/lib/loaders/pitcher.js??ref--4!/workspace/project/xian-explorer/node_modules/cache-loader/dist/cjs.js??ref--12-0!/workspace/project/xian-explorer/node_modules/babel-loader/lib/index.js!/workspace/project/xian-explorer/node_modules/vue-loader/lib/loaders/templateLoader.js??ref--6!/workspace/project/xian-explorer/node_modules/cache-loader/dist/cjs.js??ref--0-0!/workspace/project/xian-explorer/node_modules/vue-loader/lib/index.js??vue-loader-options!/workspace/project/xian-explorer/node_modules/eslint-loader/index.js??ref--13-0!/workspace/project/xian-explorer/src/components/ModernPageToken.vue?vue&type=template&id=dcdcc66a&scoped=true
<s> [webpack.Progress] 40% building 164/183 modules 19 active /workspace/project/xian-explorer/node_modules/cache-loader/dist/cjs.js??ref--12-0!/workspace/project/xian-explorer/node_modules/babel-loader/lib/index.js!/workspace/project/xian-explorer/node_modules/cache-loader/dist/cjs.js??ref--0-0!/workspace/project/xian-explorer/node_modules/vue-loader/lib/index.js??vue-loader-options!/workspace/project/xian-explorer/src/components/ModernPageTokens.vue?vue&type=script&lang=js
<s> [webpack.Progress] 40% building 164/184 modules 20 active /workspace/project/xian-explorer/node_modules/vue-loader/lib/loaders/pitcher.js??ref--4!/workspace/project/xian-explorer/node_modules/cache-loader/dist/cjs.js??ref--12-0!/workspace/project/xian-explorer/node_modules/babel-loader/lib/index.js!/workspace/project/xian-explorer/node_modules/vue-loader/lib/loaders/templateLoader.js??ref--6!/workspace/project/xian-explorer/node_modules/cache-loader/dist/cjs.js??ref--0-0!/workspace/project/xian-explorer/node_modules/vue-loader/lib/index.js??vue-loader-options!/workspace/project/xian-explorer/node_modules/eslint-loader/index.js??ref--13-0!/workspace/project/xian-explorer/src/components/ModernPageTokens.vue?vue&type=template&id=b764c490&scoped=true
<s> [webpack.Progress] 40% building 165/184 modules 19 active /workspace/project/xian-explorer/node_modules/cache-loader/dist/cjs.js??ref--12-0!/workspace/project/xian-explorer/node_modules/babel-loader/lib/index.js!/workspace/project/xian-explorer/node_modules/cache-loader/dist/cjs.js??ref--0-0!/workspace/project/xian-explorer/node_modules/vue-loader/lib/index.js??vue-loader-options!/workspace/project/xian-explorer/src/components/ModernPageTokens.vue?vue&type=script&lang=js
<s> [webpack.Progress] 40% building 165/185 modules 20 active /workspace/project/xian-explorer/node_modules/cache-loader/dist/cjs.js?{"cacheDirectory":"node_modules/.cache/vue-loader","cacheIdentifier":"1fe9d2cf-vue-loader-template"}!/workspace/project/xian-explorer/node_modules/cache-loader/dist/cjs.js??ref--12-0!/workspace/project/xian-explorer/node_modules/babel-loader/lib/index.js!/workspace/project/xian-explorer/node_modules/vue-loader/lib/loaders/templateLoader.js??ref--6!/workspace/project/xian-explorer/node_modules/cache-loader/dist/cjs.js??ref--0-0!/workspace/project/xian-explorer/node_modules/vue-loader/lib/index.js??vue-loader-options!/workspace/project/xian-explorer/src/components/ModernPageBlocks.vue?vue&type=template&id=2a1fe0b8&scoped=true
<s> [webpack.Progress] 40% building 165/186 modules 21 active /workspace/project/xian-explorer/node_modules/cache-loader/dist/cjs.js?{"cacheDirectory":"node_modules/.cache/vue-loader","cacheIdentifier":"1fe9d2cf-vue-loader-template"}!/workspace/project/xian-explorer/node_modules/cache-loader/dist/cjs.js??ref--12-0!/workspace/project/xian-explorer/node_modules/babel-loader/lib/index.js!/workspace/project/xian-explorer/node_modules/vue-loader/lib/loaders/templateLoader.js??ref--6!/workspace/project/xian-explorer/node_modules/cache-loader/dist/cjs.js??ref--0-0!/workspace/project/xian-explorer/node_modules/vue-loader/lib/index.js??vue-loader-options!/workspace/project/xian-explorer/src/components/ModernPageTxs.vue?vue&type=template&id=6b3960c1&scoped=true
<s> [webpack.Progress] 40% building 165/187 modules 22 active /workspace/project/xian-explorer/node_modules/cache-loader/dist/cjs.js?{"cacheDirectory":"node_modules/.cache/vue-loader","cacheIdentifier":"1fe9d2cf-vue-loader-template"}!/workspace/project/xian-explorer/node_modules/cache-loader/dist/cjs.js??ref--12-0!/workspace/project/xian-explorer/node_modules/babel-loader/lib/index.js!/workspace/project/xian-explorer/node_modules/vue-loader/lib/loaders/templateLoader.js??ref--6!/workspace/project/xian-explorer/node_modules/cache-loader/dist/cjs.js??ref--0-0!/workspace/project/xian-explorer/node_modules/vue-loader/lib/index.js??vue-loader-options!/workspace/project/xian-explorer/src/components/ModernPageBlock.vue?vue&type=template&id=85b98542&scoped=true
<s> [webpack.Progress] 40% building 165/188 modules 23 active /workspace/project/xian-explorer/node_modules/cache-loader/dist/cjs.js?{"cacheDirectory":"node_modules/.cache/vue-loader","cacheIdentifier":"1fe9d2cf-vue-loader-template"}!/workspace/project/xian-explorer/node_modules/cache-loader/dist/cjs.js??ref--12-0!/workspace/project/xian-explorer/node_modules/babel-loader/lib/index.js!/workspace/project/xian-explorer/node_modules/vue-loader/lib/loaders/templateLoader.js??ref--6!/workspace/project/xian-explorer/node_modules/cache-loader/dist/cjs.js??ref--0-0!/workspace/project/xian-explorer/node_modules/vue-loader/lib/index.js??vue-loader-options!/workspace/project/xian-explorer/src/components/ModernPageContracts.vue?vue&type=template&id=4fd6f373&scoped=true
<s> [webpack.Progress] 40% building 165/189 modules 24 active /workspace/project/xian-explorer/node_modules/cache-loader/dist/cjs.js?{"cacheDirectory":"node_modules/.cache/vue-loader","cacheIdentifier":"1fe9d2cf-vue-loader-template"}!/workspace/project/xian-explorer/node_modules/cache-loader/dist/cjs.js??ref--12-0!/workspace/project/xian-explorer/node_modules/babel-loader/lib/index.js!/workspace/project/xian-explorer/node_modules/vue-loader/lib/loaders/templateLoader.js??ref--6!/workspace/project/xian-explorer/node_modules/cache-loader/dist/cjs.js??ref--0-0!/workspace/project/xian-explorer/node_modules/vue-loader/lib/index.js??vue-loader-options!/workspace/project/xian-explorer/src/components/ModernPageAddress.vue?vue&type=template&id=8d2e7a74&scoped=true
<s> [webpack.Progress] 40% building 165/190 modules 25 active /workspace/project/xian-explorer/node_modules/cache-loader/dist/cjs.js?{"cacheDirectory":"node_modules/.cache/vue-loader","cacheIdentifier":"1fe9d2cf-vue-loader-template"}!/workspace/project/xian-explorer/node_modules/cache-loader/dist/cjs.js??ref--12-0!/workspace/project/xian-explorer/node_modules/babel-loader/lib/index.js!/workspace/project/xian-explorer/node_modules/vue-loader/lib/loaders/templateLoader.js??ref--6!/workspace/project/xian-explorer/node_modules/cache-loader/dist/cjs.js??ref--0-0!/workspace/project/xian-explorer/node_modules/vue-loader/lib/index.js??vue-loader-options!/workspace/project/xian-explorer/src/components/ModernPageAddresses.vue?vue&type=template&id=5fd374f4&scoped=true
<s> [webpack.Progress] 40% building 165/191 modules 26 active /workspace/project/xian-explorer/node_modules/cache-loader/dist/cjs.js?{"cacheDirectory":"node_modules/.cache/vue-loader","cacheIdentifier":"1fe9d2cf-vue-loader-template"}!/workspace/project/xian-explorer/node_modules/cache-loader/dist/cjs.js??ref--12-0!/workspace/project/xian-explorer/node_modules/babel-loader/lib/index.js!/workspace/project/xian-explorer/node_modules/vue-loader/lib/loaders/templateLoader.js??ref--6!/workspace/project/xian-explorer/node_modules/cache-loader/dist/cjs.js??ref--0-0!/workspace/project/xian-explorer/node_modules/vue-loader/lib/index.js??vue-loader-options!/workspace/project/xian-explorer/src/components/ModernPageToken.vue?vue&type=template&id=dcdcc66a&scoped=true
<s> [webpack.Progress] 40% building 165/192 modules 27 active /workspace/project/xian-explorer/node_modules/cache-loader/dist/cjs.js?{"cacheDirectory":"node_modules/.cache/vue-loader","cacheIdentifier":"1fe9d2cf-vue-loader-template"}!/workspace/project/xian-explorer/node_modules/cache-loader/dist/cjs.js??ref--12-0!/workspace/project/xian-explorer/node_modules/babel-loader/lib/index.js!/workspace/project/xian-explorer/node_modules/vue-loader/lib/loaders/templateLoader.js??ref--6!/workspace/project/xian-explorer/node_modules/cache-loader/dist/cjs.js??ref--0-0!/workspace/project/xian-explorer/node_modules/vue-loader/lib/index.js??vue-loader-options!/workspace/project/xian-explorer/src/components/ModernPageTokens.vue?vue&type=template&id=b764c490&scoped=true
<s> [webpack.Progress] 40% building 165/193 modules 28 active /workspace/project/xian-explorer/node_modules/core-js/modules/es6.array.find.js
<s> [webpack.Progress] 40% building 165/194 modules 29 active /workspace/project/xian-explorer/node_modules/core-js/modules/es6.string.iterator.js
<s> [webpack.Progress] 40% building 165/195 modules 30 active /workspace/project/xian-explorer/node_modules/core-js/modules/es6.function.name.js
<s> [webpack.Progress] 40% building 165/196 modules 31 active /workspace/project/xian-explorer/node_modules/vue-loader/lib/runtime/componentNormalizer.js
<s> [webpack.Progress] 40% building 166/196 modules 30 active /workspace/project/xian-explorer/node_modules/vue-loader/lib/runtime/componentNormalizer.js
<s> [webpack.Progress] 40% building 167/196 modules 29 active /workspace/project/xian-explorer/node_modules/vue-loader/lib/runtime/componentNormalizer.js
<s> [webpack.Progress] 40% building 168/196 modules 28 active /workspace/project/xian-explorer/node_modules/vue-loader/lib/runtime/componentNormalizer.js
<s> [webpack.Progress] 40% building 169/196 modules 27 active /workspace/project/xian-explorer/node_modules/vue-loader/lib/runtime/componentNormalizer.js
<s> [webpack.Progress] 40% building 170/196 modules 26 active /workspace/project/xian-explorer/node_modules/vue-loader/lib/runtime/componentNormalizer.js
<s> [webpack.Progress] 40% building 171/196 modules 25 active /workspace/project/xian-explorer/node_modules/vue-loader/lib/runtime/componentNormalizer.js
<s> [webpack.Progress] 40% building 172/196 modules 24 active /workspace/project/xian-explorer/node_modules/vue-loader/lib/runtime/componentNormalizer.js
<s> [webpack.Progress] 40% building 173/196 modules 23 active /workspace/project/xian-explorer/node_modules/vue-loader/lib/runtime/componentNormalizer.js
<s> [webpack.Progress] 40% building 174/196 modules 22 active /workspace/project/xian-explorer/node_modules/vue-loader/lib/runtime/componentNormalizer.js
<s> [webpack.Progress] 40% building 175/196 modules 21 active /workspace/project/xian-explorer/node_modules/vue-loader/lib/runtime/componentNormalizer.js
<s> [webpack.Progress] 40% building 176/196 modules 20 active /workspace/project/xian-explorer/node_modules/vue-loader/lib/runtime/componentNormalizer.js
<s> [webpack.Progress] 40% building 177/196 modules 19 active /workspace/project/xian-explorer/node_modules/vue-loader/lib/runtime/componentNormalizer.js
<s> [webpack.Progress] 40% building 178/196 modules 18 active /workspace/project/xian-explorer/node_modules/vue-loader/lib/runtime/componentNormalizer.js
<s> [webpack.Progress] 40% building 179/196 modules 17 active /workspace/project/xian-explorer/node_modules/vue-loader/lib/runtime/componentNormalizer.js
<s> [webpack.Progress] 40% building 180/196 modules 16 active /workspace/project/xian-explorer/node_modules/vue-loader/lib/runtime/componentNormalizer.js
<s> [webpack.Progress] 40% building 181/196 modules 15 active /workspace/project/xian-explorer/node_modules/vue-loader/lib/runtime/componentNormalizer.js
<s> [webpack.Progress] 40% building 182/196 modules 14 active /workspace/project/xian-explorer/node_modules/vue-loader/lib/runtime/componentNormalizer.js
<s> [webpack.Progress] 40% building 183/196 modules 13 active /workspace/project/xian-explorer/node_modules/vue-loader/lib/runtime/componentNormalizer.js
<s> [webpack.Progress] 40% building 184/196 modules 12 active /workspace/project/xian-explorer/node_modules/vue-loader/lib/runtime/componentNormalizer.js
<s> [webpack.Progress] 40% building 185/196 modules 11 active /workspace/project/xian-explorer/node_modules/vue-loader/lib/runtime/componentNormalizer.js
<s> [webpack.Progress] 40% building 186/196 modules 10 active /workspace/project/xian-explorer/node_modules/vue-loader/lib/runtime/componentNormalizer.js
<s> [webpack.Progress] 40% building 187/196 modules 9 active /workspace/project/xian-explorer/node_modules/vue-loader/lib/runtime/componentNormalizer.js
<s> [webpack.Progress] 40% building 188/196 modules 8 active /workspace/project/xian-explorer/node_modules/vue-loader/lib/runtime/componentNormalizer.js
<s> [webpack.Progress] 40% building 189/196 modules 7 active /workspace/project/xian-explorer/node_modules/vue-loader/lib/runtime/componentNormalizer.js
<s> [webpack.Progress] 40% building 190/196 modules 6 active /workspace/project/xian-explorer/node_modules/vue-loader/lib/runtime/componentNormalizer.js
<s> [webpack.Progress] 40% building 191/196 modules 5 active /workspace/project/xian-explorer/node_modules/vue-loader/lib/runtime/componentNormalizer.js
<s> [webpack.Progress] 40% building 192/196 modules 4 active /workspace/project/xian-explorer/node_modules/vue-loader/lib/runtime/componentNormalizer.js
<s> [webpack.Progress] 40% building 193/196 modules 3 active /workspace/project/xian-explorer/node_modules/vue-loader/lib/runtime/componentNormalizer.js
<s> [webpack.Progress] 40% building 193/197 modules 4 active /workspace/project/xian-explorer/node_modules/core-js/modules/_fix-re-wks.js
<s> [webpack.Progress] 40% building 193/198 modules 5 active /workspace/project/xian-explorer/node_modules/@babel/runtime-corejs2/helpers/esm/asyncToGenerator.js
<s> [webpack.Progress] 40% building 194/198 modules 4 active /workspace/project/xian-explorer/node_modules/@babel/runtime-corejs2/helpers/esm/asyncToGenerator.js
<s> [webpack.Progress] 40% building 194/199 modules 5 active /workspace/project/xian-explorer/node_modules/vue-loader/node_modules/vue-hot-reload-api/dist/index.js
<s> [webpack.Progress] 40% building 194/200 modules 6 active /workspace/project/xian-explorer/node_modules/core-js/modules/_object-dps.js
<s> [webpack.Progress] 40% building 194/201 modules 7 active /workspace/project/xian-explorer/node_modules/core-js/modules/_regexp-exec-abstract.js
<s> [webpack.Progress] 40% building 194/202 modules 8 active /workspace/project/xian-explorer/node_modules/core-js/modules/_advance-string-index.js
<s> [webpack.Progress] 40% building 194/203 modules 9 active /workspace/project/xian-explorer/node_modules/core-js/modules/_array-includes.js
<s> [webpack.Progress] 40% building 194/204 modules 10 active /workspace/project/xian-explorer/node_modules/regenerator-runtime/runtime.js
<s> [webpack.Progress] 40% building 194/205 modules 11 active /workspace/project/xian-explorer/node_modules/@babel/runtime-corejs2/helpers/esm/defineProperty.js
<s> [webpack.Progress] 40% building 194/206 modules 12 active /workspace/project/xian-explorer/node_modules/@babel/runtime-corejs2/helpers/esm/slicedToArray.js
<s> [webpack.Progress] 40% building 195/206 modules 11 active /workspace/project/xian-explorer/node_modules/@babel/runtime-corejs2/helpers/esm/slicedToArray.js
<s> [webpack.Progress] 40% building 196/206 modules 10 active /workspace/project/xian-explorer/node_modules/@babel/runtime-corejs2/helpers/esm/slicedToArray.js
<s> [webpack.Progress] 40% building 197/206 modules 9 active /workspace/project/xian-explorer/node_modules/@babel/runtime-corejs2/helpers/esm/slicedToArray.js
<s> [webpack.Progress] 40% building 198/206 modules 8 active /workspace/project/xian-explorer/node_modules/@babel/runtime-corejs2/helpers/esm/slicedToArray.js
<s> [webpack.Progress] 40% building 199/206 modules 7 active /workspace/project/xian-explorer/node_modules/@babel/runtime-corejs2/helpers/esm/slicedToArray.js
<s> [webpack.Progress] 40% building 200/206 modules 6 active /workspace/project/xian-explorer/node_modules/@babel/runtime-corejs2/helpers/esm/slicedToArray.js
<s> [webpack.Progress] 40% building 201/206 modules 5 active /workspace/project/xian-explorer/node_modules/@babel/runtime-corejs2/helpers/esm/slicedToArray.js
<s> [webpack.Progress] 40% building 201/207 modules 6 active /workspace/project/xian-explorer/node_modules/side-channel/index.js
<s> [webpack.Progress] 40% building 202/207 modules 5 active /workspace/project/xian-explorer/node_modules/side-channel/index.js
<s> [webpack.Progress] 40% building 203/207 modules 4 active /workspace/project/xian-explorer/node_modules/side-channel/index.js
<s> [webpack.Progress] 40% building 203/208 modules 5 active /workspace/project/xian-explorer/node_modules/core-js/modules/es7.object.get-own-property-descriptors.js
<s> [webpack.Progress] 40% building 203/209 modules 6 active /workspace/project/xian-explorer/node_modules/core-js/modules/es6.object.keys.js
<s> [webpack.Progress] 40% building 204/209 modules 5 active /workspace/project/xian-explorer/node_modules/core-js/modules/es6.object.keys.js
<s> [webpack.Progress] 40% building 204/210 modules 6 active /workspace/project/xian-explorer/node_modules/core-js/modules/es7.symbol.async-iterator.js
<s> [webpack.Progress] 40% building 204/211 modules 7 active /workspace/project/xian-explorer/node_modules/core-js/modules/es6.symbol.js
<s> [webpack.Progress] 40% building 204/212 modules 8 active /workspace/project/xian-explorer/node_modules/core-js/modules/es6.regexp.to-string.js
<s> [webpack.Progress] 40% building 204/213 modules 9 active /workspace/project/xian-explorer/node_modules/core-js/modules/es6.array.from.js
<s> [webpack.Progress] 40% building 204/214 modules 10 active /workspace/project/xian-explorer/node_modules/core-js/modules/es6.regexp.search.js
<s> [webpack.Progress] 40% building 204/215 modules 11 active /workspace/project/xian-explorer/node_modules/core-js/modules/es6.number.constructor.js
<s> [webpack.Progress] 40% building 204/216 modules 12 active /workspace/project/xian-explorer/node_modules/core-js/modules/es6.string.includes.js
<s> [webpack.Progress] 40% building 204/217 modules 13 active /workspace/project/xian-explorer/node_modules/core-js/modules/es7.array.includes.js
<s> [webpack.Progress] 40% building 204/218 modules 14 active /workspace/project/xian-explorer/node_modules/core-js/modules/_array-methods.js
<s> [webpack.Progress] 40% building 204/219 modules 15 active /workspace/project/xian-explorer/node_modules/core-js/modules/_string-at.js
<s> [webpack.Progress] 40% building 204/220 modules 16 active /workspace/project/xian-explorer/node_modules/cache-loader/dist/cjs.js??ref--12-0!/workspace/project/xian-explorer/node_modules/babel-loader/lib/index.js!/workspace/project/xian-explorer/node_modules/eslint-loader/index.js??ref--13-0!/workspace/project/xian-explorer/src/scripts/utils.js
<s> [webpack.Progress] 40% building 204/221 modules 17 active /workspace/project/xian-explorer/node_modules/cache-loader/dist/cjs.js??ref--12-0!/workspace/project/xian-explorer/node_modules/babel-loader/lib/index.js!/workspace/project/xian-explorer/node_modules/eslint-loader/index.js??ref--13-0!/workspace/project/xian-explorer/src/scripts/num.js
<s> [webpack.Progress] 40% building 204/222 modules 18 active /workspace/project/xian-explorer/node_modules/core-js/modules/es6.set.js
<s> [webpack.Progress] 40% building 204/223 modules 19 active /workspace/project/xian-explorer/node_modules/core-js/modules/es6.regexp.split.js
<s> [webpack.Progress] 40% building 204/224 modules 20 active /workspace/project/xian-explorer/node_modules/core-js/modules/es6.array.sort.js
<s> [webpack.Progress] 40% building 204/225 modules 21 active /workspace/project/xian-explorer/node_modules/@babel/runtime-corejs2/helpers/esm/toConsumableArray.js
<s> [webpack.Progress] 40% building 205/225 modules 20 active /workspace/project/xian-explorer/node_modules/@babel/runtime-corejs2/helpers/esm/toConsumableArray.js
<s> [webpack.Progress] 40% building 206/225 modules 19 active /workspace/project/xian-explorer/node_modules/@babel/runtime-corejs2/helpers/esm/toConsumableArray.js
<s> [webpack.Progress] 40% building 206/226 modules 20 active /workspace/project/xian-explorer/node_modules/core-js/modules/es6.map.js
<s> [webpack.Progress] 40% building 206/227 modules 21 active /workspace/project/xian-explorer/node_modules/core-js/modules/es6.string.starts-with.js
<s> [webpack.Progress] 40% building 206/228 modules 22 active /workspace/project/xian-explorer/node_modules/@babel/runtime-corejs2/helpers/esm/toPropertyKey.js
<s> [webpack.Progress] 40% building 206/229 modules 23 active /workspace/project/xian-explorer/node_modules/@babel/runtime-corejs2/helpers/esm/arrayWithHoles.js
<s> [webpack.Progress] 40% building 206/230 modules 24 active /workspace/project/xian-explorer/node_modules/@babel/runtime-corejs2/helpers/esm/nonIterableRest.js
<s> [webpack.Progress] 40% building 206/231 modules 25 active /workspace/project/xian-explorer/node_modules/@babel/runtime-corejs2/helpers/esm/unsupportedIterableToArray.js
<s> [webpack.Progress] 40% building 206/232 modules 26 active /workspace/project/xian-explorer/node_modules/@babel/runtime-corejs2/helpers/esm/iterableToArrayLimit.js
<s> [webpack.Progress] 40% building 207/232 modules 25 active /workspace/project/xian-explorer/node_modules/@babel/runtime-corejs2/helpers/esm/iterableToArrayLimit.js
<s> [webpack.Progress] 40% building 207/233 modules 26 active /workspace/project/xian-explorer/node_modules/vue-loader/lib/loaders/pitcher.js??ref--4!/workspace/project/xian-explorer/node_modules/cache-loader/dist/cjs.js??ref--12-0!/workspace/project/xian-explorer/node_modules/babel-loader/lib/index.js!/workspace/project/xian-explorer/node_modules/vue-loader/lib/loaders/templateLoader.js??ref--6!/workspace/project/xian-explorer/node_modules/cache-loader/dist/cjs.js??ref--0-0!/workspace/project/xian-explorer/node_modules/vue-loader/lib/index.js??vue-loader-options!/workspace/project/xian-explorer/node_modules/eslint-loader/index.js??ref--13-0!/workspace/project/xian-explorer/src/components/ModernPageContract.vue?vue&type=template&id=12f923b0&scoped=true
<s> [webpack.Progress] 40% building 208/233 modules 25 active /workspace/project/xian-explorer/node_modules/@babel/runtime-corejs2/helpers/esm/iterableToArrayLimit.js
<s> [webpack.Progress] 40% building 208/234 modules 26 active /workspace/project/xian-explorer/node_modules/vue-loader/lib/loaders/pitcher.js??ref--4!/workspace/project/xian-explorer/node_modules/cache-loader/dist/cjs.js??ref--12-0!/workspace/project/xian-explorer/node_modules/babel-loader/lib/index.js!/workspace/project/xian-explorer/node_modules/cache-loader/dist/cjs.js??ref--0-0!/workspace/project/xian-explorer/node_modules/vue-loader/lib/index.js??vue-loader-options!/workspace/project/xian-explorer/node_modules/eslint-loader/index.js??ref--13-0!/workspace/project/xian-explorer/node_modules/eslint-loader/index.js??ref--13-0!/workspace/project/xian-explorer/src/components/ModernPageContract.vue?vue&type=script&lang=js
<s> [webpack.Progress] 40% building 209/234 modules 25 active /workspace/project/xian-explorer/node_modules/@babel/runtime-corejs2/helpers/esm/iterableToArrayLimit.js
<s> [webpack.Progress] 40% building 209/235 modules 26 active /workspace/project/xian-explorer/node_modules/cache-loader/dist/cjs.js?{"cacheDirectory":"node_modules/.cache/vue-loader","cacheIdentifier":"1fe9d2cf-vue-loader-template"}!/workspace/project/xian-explorer/node_modules/cache-loader/dist/cjs.js??ref--12-0!/workspace/project/xian-explorer/node_modules/babel-loader/lib/index.js!/workspace/project/xian-explorer/node_modules/vue-loader/lib/loaders/templateLoader.js??ref--6!/workspace/project/xian-explorer/node_modules/cache-loader/dist/cjs.js??ref--0-0!/workspace/project/xian-explorer/node_modules/vue-loader/lib/index.js??vue-loader-options!/workspace/project/xian-explorer/src/components/ModernPageContract.vue?vue&type=template&id=12f923b0&scoped=true
<s> [webpack.Progress] 40% building 209/236 modules 27 active /workspace/project/xian-explorer/node_modules/cache-loader/dist/cjs.js??ref--12-0!/workspace/project/xian-explorer/node_modules/babel-loader/lib/index.js!/workspace/project/xian-explorer/node_modules/cache-loader/dist/cjs.js??ref--0-0!/workspace/project/xian-explorer/node_modules/vue-loader/lib/index.js??vue-loader-options!/workspace/project/xian-explorer/src/components/ModernPageContract.vue?vue&type=script&lang=js
<s> [webpack.Progress] 40% building 209/237 modules 28 active /workspace/project/xian-explorer/node_modules/vue-loader/lib/loaders/pitcher.js??ref--4!/workspace/project/xian-explorer/node_modules/cache-loader/dist/cjs.js??ref--12-0!/workspace/project/xian-explorer/node_modules/babel-loader/lib/index.js!/workspace/project/xian-explorer/node_modules/vue-loader/lib/loaders/templateLoader.js??ref--6!/workspace/project/xian-explorer/node_modules/cache-loader/dist/cjs.js??ref--0-0!/workspace/project/xian-explorer/node_modules/vue-loader/lib/index.js??vue-loader-options!/workspace/project/xian-explorer/node_modules/eslint-loader/index.js??ref--13-0!/workspace/project/xian-explorer/src/components/ModernPageTx.vue?vue&type=template&id=4be656bc&scoped=true
<s> [webpack.Progress] 40% building 210/237 modules 27 active /workspace/project/xian-explorer/node_modules/cache-loader/dist/cjs.js??ref--12-0!/workspace/project/xian-explorer/node_modules/babel-loader/lib/index.js!/workspace/project/xian-explorer/node_modules/cache-loader/dist/cjs.js??ref--0-0!/workspace/project/xian-explorer/node_modules/vue-loader/lib/index.js??vue-loader-options!/workspace/project/xian-explorer/src/components/ModernPageContract.vue?vue&type=script&lang=js
<s> [webpack.Progress] 40% building 210/238 modules 28 active /workspace/project/xian-explorer/node_modules/vue-loader/lib/loaders/pitcher.js??ref--4!/workspace/project/xian-explorer/node_modules/cache-loader/dist/cjs.js??ref--12-0!/workspace/project/xian-explorer/node_modules/babel-loader/lib/index.js!/workspace/project/xian-explorer/node_modules/cache-loader/dist/cjs.js??ref--0-0!/workspace/project/xian-explorer/node_modules/vue-loader/lib/index.js??vue-loader-options!/workspace/project/xian-explorer/node_modules/eslint-loader/index.js??ref--13-0!/workspace/project/xian-explorer/node_modules/eslint-loader/index.js??ref--13-0!/workspace/project/xian-explorer/src/components/ModernPageTx.vue?vue&type=script&lang=js
<s> [webpack.Progress] 40% building 211/238 modules 27 active /workspace/project/xian-explorer/node_modules/cache-loader/dist/cjs.js??ref--12-0!/workspace/project/xian-explorer/node_modules/babel-loader/lib/index.js!/workspace/project/xian-explorer/node_modules/cache-loader/dist/cjs.js??ref--0-0!/workspace/project/xian-explorer/node_modules/vue-loader/lib/index.js??vue-loader-options!/workspace/project/xian-explorer/src/components/ModernPageContract.vue?vue&type=script&lang=js
<s> [webpack.Progress] 40% building 211/239 modules 28 active /workspace/project/xian-explorer/node_modules/cache-loader/dist/cjs.js?{"cacheDirectory":"node_modules/.cache/vue-loader","cacheIdentifier":"1fe9d2cf-vue-loader-template"}!/workspace/project/xian-explorer/node_modules/cache-loader/dist/cjs.js??ref--12-0!/workspace/project/xian-explorer/node_modules/babel-loader/lib/index.js!/workspace/project/xian-explorer/node_modules/vue-loader/lib/loaders/templateLoader.js??ref--6!/workspace/project/xian-explorer/node_modules/cache-loader/dist/cjs.js??ref--0-0!/workspace/project/xian-explorer/node_modules/vue-loader/lib/index.js??vue-loader-options!/workspace/project/xian-explorer/src/components/ModernPageTx.vue?vue&type=template&id=4be656bc&scoped=true
<s> [webpack.Progress] 40% building 211/240 modules 29 active /workspace/project/xian-explorer/node_modules/cache-loader/dist/cjs.js??ref--12-0!/workspace/project/xian-explorer/node_modules/babel-loader/lib/index.js!/workspace/project/xian-explorer/node_modules/cache-loader/dist/cjs.js??ref--0-0!/workspace/project/xian-explorer/node_modules/vue-loader/lib/index.js??vue-loader-options!/workspace/project/xian-explorer/src/components/ModernPageTx.vue?vue&type=script&lang=js
<s> [webpack.Progress] 40% building 211/241 modules 30 active /workspace/project/xian-explorer/node_modules/cache-loader/dist/cjs.js??ref--0-0!/workspace/project/xian-explorer/node_modules/vue-loader/lib/index.js??vue-loader-options!/workspace/project/xian-explorer/node_modules/eslint-loader/index.js??ref--13-0!/workspace/project/xian-explorer/src/components/ModernApp.vue
<s> [webpack.Progress] 40% building 212/241 modules 29 active /workspace/project/xian-explorer/node_modules/cache-loader/dist/cjs.js??ref--0-0!/workspace/project/xian-explorer/node_modules/vue-loader/lib/index.js??vue-loader-options!/workspace/project/xian-explorer/node_modules/eslint-loader/index.js??ref--13-0!/workspace/project/xian-explorer/src/components/ModernApp.vue
<s> [webpack.Progress] 40% building 213/241 modules 28 active /workspace/project/xian-explorer/node_modules/cache-loader/dist/cjs.js??ref--0-0!/workspace/project/xian-explorer/node_modules/vue-loader/lib/index.js??vue-loader-options!/workspace/project/xian-explorer/node_modules/eslint-loader/index.js??ref--13-0!/workspace/project/xian-explorer/src/components/ModernApp.vue
<s> [webpack.Progress] 40% building 214/241 modules 27 active /workspace/project/xian-explorer/node_modules/cache-loader/dist/cjs.js??ref--0-0!/workspace/project/xian-explorer/node_modules/vue-loader/lib/index.js??vue-loader-options!/workspace/project/xian-explorer/node_modules/eslint-loader/index.js??ref--13-0!/workspace/project/xian-explorer/src/components/ModernApp.vue
<s> [webpack.Progress] 40% building 215/241 modules 26 active /workspace/project/xian-explorer/node_modules/cache-loader/dist/cjs.js??ref--0-0!/workspace/project/xian-explorer/node_modules/vue-loader/lib/index.js??vue-loader-options!/workspace/project/xian-explorer/node_modules/eslint-loader/index.js??ref--13-0!/workspace/project/xian-explorer/src/components/ModernApp.vue
<s> [webpack.Progress] 40% building 216/241 modules 25 active /workspace/project/xian-explorer/node_modules/cache-loader/dist/cjs.js??ref--0-0!/workspace/project/xian-explorer/node_modules/vue-loader/lib/index.js??vue-loader-options!/workspace/project/xian-explorer/node_modules/eslint-loader/index.js??ref--13-0!/workspace/project/xian-explorer/src/components/ModernApp.vue
<s> [webpack.Progress] 40% building 217/241 modules 24 active /workspace/project/xian-explorer/node_modules/cache-loader/dist/cjs.js??ref--0-0!/workspace/project/xian-explorer/node_modules/vue-loader/lib/index.js??vue-loader-options!/workspace/project/xian-explorer/node_modules/eslint-loader/index.js??ref--13-0!/workspace/project/xian-explorer/src/components/ModernApp.vue
<s> [webpack.Progress] 40% building 218/241 modules 23 active /workspace/project/xian-explorer/node_modules/cache-loader/dist/cjs.js??ref--0-0!/workspace/project/xian-explorer/node_modules/vue-loader/lib/index.js??vue-loader-options!/workspace/project/xian-explorer/node_modules/eslint-loader/index.js??ref--13-0!/workspace/project/xian-explorer/src/components/ModernApp.vue
<s> [webpack.Progress] 40% building 219/241 modules 22 active /workspace/project/xian-explorer/node_modules/cache-loader/dist/cjs.js??ref--0-0!/workspace/project/xian-explorer/node_modules/vue-loader/lib/index.js??vue-loader-options!/workspace/project/xian-explorer/node_modules/eslint-loader/index.js??ref--13-0!/workspace/project/xian-explorer/src/components/ModernApp.vue
<s> [webpack.Progress] 40% building 219/242 modules 23 active /workspace/project/xian-explorer/node_modules/cache-loader/dist/cjs.js??ref--0-0!/workspace/project/xian-explorer/node_modules/vue-loader/lib/index.js??vue-loader-options!/workspace/project/xian-explorer/node_modules/eslint-loader/index.js??ref--13-0!/workspace/project/xian-explorer/src/components/AnchorCopy.vue
<s> [webpack.Progress] 40% building 220/242 modules 22 active /workspace/project/xian-explorer/node_modules/cache-loader/dist/cjs.js??ref--0-0!/workspace/project/xian-explorer/node_modules/vue-loader/lib/index.js??vue-loader-options!/workspace/project/xian-explorer/node_modules/eslint-loader/index.js??ref--13-0!/workspace/project/xian-explorer/src/components/AnchorCopy.vue
<s> [webpack.Progress] 40% building 221/242 modules 21 active /workspace/project/xian-explorer/node_modules/cache-loader/dist/cjs.js??ref--0-0!/workspace/project/xian-explorer/node_modules/vue-loader/lib/index.js??vue-loader-options!/workspace/project/xian-explorer/node_modules/eslint-loader/index.js??ref--13-0!/workspace/project/xian-explorer/src/components/AnchorCopy.vue
<s> [webpack.Progress] 40% building 222/242 modules 20 active /workspace/project/xian-explorer/node_modules/cache-loader/dist/cjs.js??ref--0-0!/workspace/project/xian-explorer/node_modules/vue-loader/lib/index.js??vue-loader-options!/workspace/project/xian-explorer/node_modules/eslint-loader/index.js??ref--13-0!/workspace/project/xian-explorer/src/components/AnchorCopy.vue
<s> [webpack.Progress] 40% building 223/242 modules 19 active /workspace/project/xian-explorer/node_modules/cache-loader/dist/cjs.js??ref--0-0!/workspace/project/xian-explorer/node_modules/vue-loader/lib/index.js??vue-loader-options!/workspace/project/xian-explorer/node_modules/eslint-loader/index.js??ref--13-0!/workspace/project/xian-explorer/src/components/AnchorCopy.vue
<s> [webpack.Progress] 40% building 223/243 modules 20 active /workspace/project/xian-explorer/node_modules/axios/index.js
<s> [webpack.Progress] 40% building 223/244 modules 21 active /workspace/project/xian-explorer/node_modules/core-js/modules/es6.regexp.exec.js
<s> [webpack.Progress] 40% building 223/245 modules 22 active /workspace/project/xian-explorer/node_modules/core-js/library/fn/promise.js
<s> [webpack.Progress] 40% building 223/246 modules 23 active /workspace/project/xian-explorer/node_modules/core-js/library/fn/object/define-property.js
<s> [webpack.Progress] 40% building 224/246 modules 22 active /workspace/project/xian-explorer/node_modules/core-js/library/fn/object/define-property.js
<s> [webpack.Progress] 40% building 225/246 modules 21 active /workspace/project/xian-explorer/node_modules/core-js/library/fn/object/define-property.js
<s> [webpack.Progress] 40% building 226/246 modules 20 active /workspace/project/xian-explorer/node_modules/core-js/library/fn/object/define-property.js
<s> [webpack.Progress] 40% building 226/247 modules 21 active /workspace/project/xian-explorer/node_modules/core-js/modules/_regexp-exec.js
<s> [webpack.Progress] 40% building 227/247 modules 20 active /workspace/project/xian-explorer/node_modules/core-js/modules/_regexp-exec.js
<s> [webpack.Progress] 40% building 228/247 modules 19 active /workspace/project/xian-explorer/node_modules/core-js/modules/_regexp-exec.js
<s> [webpack.Progress] 40% building 229/247 modules 18 active /workspace/project/xian-explorer/node_modules/core-js/modules/_regexp-exec.js
<s> [webpack.Progress] 40% building 229/248 modules 19 active /workspace/project/xian-explorer/node_modules/core-js/modules/_to-absolute-index.js
<s> [webpack.Progress] 40% building 230/248 modules 18 active /workspace/project/xian-explorer/node_modules/core-js/modules/_to-absolute-index.js
<s> [webpack.Progress] 40% building 231/248 modules 17 active /workspace/project/xian-explorer/node_modules/core-js/modules/_to-absolute-index.js
<s> [webpack.Progress] 40% building 232/248 modules 16 active /workspace/project/xian-explorer/node_modules/core-js/modules/_to-absolute-index.js
<s> [webpack.Progress] 40% building 232/249 modules 17 active /workspace/project/xian-explorer/node_modules/cache-loader/dist/cjs.js??ref--12-0!/workspace/project/xian-explorer/node_modules/babel-loader/lib/index.js!/workspace/project/xian-explorer/node_modules/eslint-loader/index.js??ref--13-0!/workspace/project/xian-explorer/src/scripts/revokedValidators.js
<s> [webpack.Progress] 40% building 232/250 modules 18 active /workspace/project/xian-explorer/node_modules/cache-loader/dist/cjs.js??ref--12-0!/workspace/project/xian-explorer/node_modules/babel-loader/lib/index.js!/workspace/project/xian-explorer/node_modules/eslint-loader/index.js??ref--13-0!/workspace/project/xian-explorer/src/scripts/validatorTitle.js
<s> [webpack.Progress] 40% building 232/251 modules 19 active /workspace/project/xian-explorer/node_modules/cache-loader/dist/cjs.js??ref--12-0!/workspace/project/xian-explorer/node_modules/babel-loader/lib/index.js!/workspace/project/xian-explorer/node_modules/eslint-loader/index.js??ref--13-0!/workspace/project/xian-explorer/src/scripts/votingPower.js
<s> [webpack.Progress] 40% building 232/252 modules 20 active /workspace/project/xian-explorer/node_modules/cache-loader/dist/cjs.js??ref--12-0!/workspace/project/xian-explorer/node_modules/babel-loader/lib/index.js!/workspace/project/xian-explorer/node_modules/eslint-loader/index.js??ref--13-0!/workspace/project/xian-explorer/src/scripts/orderedValidators.js
<s> [webpack.Progress] 40% building 233/252 modules 19 active /workspace/project/xian-explorer/node_modules/cache-loader/dist/cjs.js??ref--12-0!/workspace/project/xian-explorer/node_modules/babel-loader/lib/index.js!/workspace/project/xian-explorer/node_modules/eslint-loader/index.js??ref--13-0!/workspace/project/xian-explorer/src/scripts/orderedValidators.js
<s> [webpack.Progress] 40% building 234/252 modules 18 active /workspace/project/xian-explorer/node_modules/cache-loader/dist/cjs.js??ref--12-0!/workspace/project/xian-explorer/node_modules/babel-loader/lib/index.js!/workspace/project/xian-explorer/node_modules/eslint-loader/index.js??ref--13-0!/workspace/project/xian-explorer/src/scripts/orderedValidators.js
<s> [webpack.Progress] 40% building 235/252 modules 17 active /workspace/project/xian-explorer/node_modules/cache-loader/dist/cjs.js??ref--12-0!/workspace/project/xian-explorer/node_modules/babel-loader/lib/index.js!/workspace/project/xian-explorer/node_modules/eslint-loader/index.js??ref--13-0!/workspace/project/xian-explorer/src/scripts/orderedValidators.js
<s> [webpack.Progress] 40% building 236/252 modules 16 active /workspace/project/xian-explorer/node_modules/cache-loader/dist/cjs.js??ref--12-0!/workspace/project/xian-explorer/node_modules/babel-loader/lib/index.js!/workspace/project/xian-explorer/node_modules/eslint-loader/index.js??ref--13-0!/workspace/project/xian-explorer/src/scripts/orderedValidators.js
<s> [webpack.Progress] 40% building 236/253 modules 17 active /workspace/project/xian-explorer/node_modules/cache-loader/dist/cjs.js??ref--12-0!/workspace/project/xian-explorer/node_modules/babel-loader/lib/index.js!/workspace/project/xian-explorer/node_modules/eslint-loader/index.js??ref--13-0!/workspace/project/xian-explorer/src/scripts/votingValidators.js
<s> [webpack.Progress] 40% building 236/254 modules 18 active /workspace/project/xian-explorer/node_modules/core-js/modules/es7.string.pad-start.js
<s> [webpack.Progress] 40% building 237/254 modules 17 active /workspace/project/xian-explorer/node_modules/core-js/modules/es7.string.pad-start.js
<s> [webpack.Progress] 40% building 237/255 modules 18 active /workspace/project/xian-explorer/node_modules/buffer/index.js
<s> [webpack.Progress] 40% building 238/255 modules 17 active /workspace/project/xian-explorer/node_modules/buffer/index.js
<s> [webpack.Progress] 40% building 238/256 modules 18 active /workspace/project/xian-explorer/node_modules/@babel/runtime-corejs2/helpers/esm/arrayWithoutHoles.js
<s> [webpack.Progress] 40% building 239/256 modules 17 active /workspace/project/xian-explorer/node_modules/@babel/runtime-corejs2/helpers/esm/arrayWithoutHoles.js
<s> [webpack.Progress] 40% building 240/256 modules 16 active /workspace/project/xian-explorer/node_modules/@babel/runtime-corejs2/helpers/esm/arrayWithoutHoles.js
<s> [webpack.Progress] 40% building 240/257 modules 17 active /workspace/project/xian-explorer/node_modules/vue-loader/lib/loaders/pitcher.js??ref--4!/workspace/project/xian-explorer/node_modules/cache-loader/dist/cjs.js??ref--12-0!/workspace/project/xian-explorer/node_modules/babel-loader/lib/index.js!/workspace/project/xian-explorer/node_modules/cache-loader/dist/cjs.js??ref--0-0!/workspace/project/xian-explorer/node_modules/vue-loader/lib/index.js??vue-loader-options!/workspace/project/xian-explorer/node_modules/eslint-loader/index.js??ref--13-0!/workspace/project/xian-explorer/node_modules/eslint-loader/index.js??ref--13-0!/workspace/project/xian-explorer/src/components/AnchorCopy.vue?vue&type=script&lang=js
<s> [webpack.Progress] 40% building 241/257 modules 16 active /workspace/project/xian-explorer/node_modules/@babel/runtime-corejs2/helpers/esm/arrayWithoutHoles.js
<s> [webpack.Progress] 40% building 241/258 modules 17 active /workspace/project/xian-explorer/node_modules/cache-loader/dist/cjs.js??ref--12-0!/workspace/project/xian-explorer/node_modules/babel-loader/lib/index.js!/workspace/project/xian-explorer/node_modules/cache-loader/dist/cjs.js??ref--0-0!/workspace/project/xian-explorer/node_modules/vue-loader/lib/index.js??vue-loader-options!/workspace/project/xian-explorer/src/components/AnchorCopy.vue?vue&type=script&lang=js
<s> [webpack.Progress] 40% building 242/258 modules 16 active /workspace/project/xian-explorer/node_modules/cache-loader/dist/cjs.js??ref--12-0!/workspace/project/xian-explorer/node_modules/babel-loader/lib/index.js!/workspace/project/xian-explorer/node_modules/cache-loader/dist/cjs.js??ref--0-0!/workspace/project/xian-explorer/node_modules/vue-loader/lib/index.js??vue-loader-options!/workspace/project/xian-explorer/src/components/AnchorCopy.vue?vue&type=script&lang=js
<s> [webpack.Progress] 40% building 243/258 modules 15 active /workspace/project/xian-explorer/node_modules/cache-loader/dist/cjs.js??ref--12-0!/workspace/project/xian-explorer/node_modules/babel-loader/lib/index.js!/workspace/project/xian-explorer/node_modules/cache-loader/dist/cjs.js??ref--0-0!/workspace/project/xian-explorer/node_modules/vue-loader/lib/index.js??vue-loader-options!/workspace/project/xian-explorer/src/components/AnchorCopy.vue?vue&type=script&lang=js
<s> [webpack.Progress] 40% building 243/259 modules 16 active /workspace/project/xian-explorer/node_modules/@babel/runtime-corejs2/helpers/esm/typeof.js
<s> [webpack.Progress] 40% building 243/260 modules 17 active /workspace/project/xian-explorer/node_modules/@babel/runtime-corejs2/helpers/esm/toPrimitive.js
<s> [webpack.Progress] 40% building 244/260 modules 16 active /workspace/project/xian-explorer/node_modules/@babel/runtime-corejs2/helpers/esm/toPrimitive.js
<s> [webpack.Progress] 40% building 245/260 modules 15 active /workspace/project/xian-explorer/node_modules/@babel/runtime-corejs2/helpers/esm/toPrimitive.js
<s> [webpack.Progress] 40% building 245/261 modules 16 active /workspace/project/xian-explorer/node_modules/core-js/modules/_create-property.js
<s> [webpack.Progress] 40% building 246/261 modules 15 active /workspace/project/xian-explorer/node_modules/core-js/modules/_create-property.js
<s> [webpack.Progress] 40% building 247/261 modules 14 active /workspace/project/xian-explorer/node_modules/core-js/modules/_create-property.js
<s> [webpack.Progress] 40% building 248/261 modules 13 active /workspace/project/xian-explorer/node_modules/core-js/modules/_create-property.js
<s> [webpack.Progress] 40% building 249/261 modules 12 active /workspace/project/xian-explorer/node_modules/core-js/modules/_create-property.js
<s> [webpack.Progress] 40% building 249/262 modules 13 active /workspace/project/xian-explorer/node_modules/core-js/modules/_object-sap.js
<s> [webpack.Progress] 40% building 249/263 modules 14 active /workspace/project/xian-explorer/node_modules/core-js/modules/_wks-define.js
<s> [webpack.Progress] 40% building 249/264 modules 15 active /workspace/project/xian-explorer/node_modules/core-js/modules/_object-gopn.js
<s> [webpack.Progress] 40% building 250/264 modules 14 active /workspace/project/xian-explorer/node_modules/core-js/modules/_object-gopn.js
<s> [webpack.Progress] 40% building 250/265 modules 15 active /workspace/project/xian-explorer/node_modules/core-js/modules/es6.regexp.flags.js
<s> [webpack.Progress] 40% building 251/265 modules 14 active /workspace/project/xian-explorer/node_modules/core-js/modules/es6.regexp.flags.js
<s> [webpack.Progress] 40% building 251/266 modules 15 active /workspace/project/xian-explorer/node_modules/core-js/modules/_same-value.js
<s> [webpack.Progress] 40% building 251/267 modules 16 active /workspace/project/xian-explorer/node_modules/core-js/modules/_string-trim.js
<s> [webpack.Progress] 40% building 251/268 modules 17 active /workspace/project/xian-explorer/node_modules/core-js/modules/_object-gopd.js
<s> [webpack.Progress] 40% building 251/269 modules 18 active /workspace/project/xian-explorer/node_modules/vue-loader/lib/loaders/pitcher.js??ref--4!/workspace/project/xian-explorer/node_modules/cache-loader/dist/cjs.js??ref--12-0!/workspace/project/xian-explorer/node_modules/babel-loader/lib/index.js!/workspace/project/xian-explorer/node_modules/cache-loader/dist/cjs.js??ref--0-0!/workspace/project/xian-explorer/node_modules/vue-loader/lib/index.js??vue-loader-options!/workspace/project/xian-explorer/node_modules/eslint-loader/index.js??ref--13-0!/workspace/project/xian-explorer/node_modules/eslint-loader/index.js??ref--13-0!/workspace/project/xian-explorer/src/components/ModernApp.vue?vue&type=script&lang=js
<s> [webpack.Progress] 40% building 252/269 modules 17 active /workspace/project/xian-explorer/node_modules/core-js/modules/_object-gopd.js
<s> [webpack.Progress] 40% building 252/270 modules 18 active /workspace/project/xian-explorer/node_modules/cache-loader/dist/cjs.js??ref--12-0!/workspace/project/xian-explorer/node_modules/babel-loader/lib/index.js!/workspace/project/xian-explorer/node_modules/cache-loader/dist/cjs.js??ref--0-0!/workspace/project/xian-explorer/node_modules/vue-loader/lib/index.js??vue-loader-options!/workspace/project/xian-explorer/src/components/ModernApp.vue?vue&type=script&lang=js
<s> [webpack.Progress] 40% building 252/271 modules 19 active /workspace/project/xian-explorer/node_modules/core-js/modules/_fails-is-regexp.js
<s> [webpack.Progress] 40% building 252/272 modules 20 active /workspace/project/xian-explorer/node_modules/core-js/modules/_string-context.js
<s> [webpack.Progress] 40% building 253/272 modules 19 active /workspace/project/xian-explorer/node_modules/core-js/modules/_string-context.js
<s> [webpack.Progress] 40% building 253/273 modules 20 active /workspace/project/xian-explorer/node_modules/core-js/library/fn/array/is-array.js
<s> [webpack.Progress] 40% building 253/274 modules 21 active /workspace/project/xian-explorer/node_modules/core-js/library/fn/array/from.js
<s> [webpack.Progress] 40% building 253/275 modules 22 active /workspace/project/xian-explorer/node_modules/core-js/library/fn/symbol/index.js
<s> [webpack.Progress] 40% building 253/276 modules 23 active /workspace/project/xian-explorer/node_modules/vue-loader/lib/loaders/pitcher.js??ref--4!/workspace/project/xian-explorer/node_modules/cache-loader/dist/cjs.js??ref--12-0!/workspace/project/xian-explorer/node_modules/babel-loader/lib/index.js!/workspace/project/xian-explorer/node_modules/vue-loader/lib/loaders/templateLoader.js??ref--6!/workspace/project/xian-explorer/node_modules/pug-plain-loader/index.js!/workspace/project/xian-explorer/node_modules/cache-loader/dist/cjs.js??ref--0-0!/workspace/project/xian-explorer/node_modules/vue-loader/lib/index.js??vue-loader-options!/workspace/project/xian-explorer/node_modules/eslint-loader/index.js??ref--13-0!/workspace/project/xian-explorer/src/app.vue?vue&type=template&id=5ef48958&lang=pug
<s> [webpack.Progress] 40% building 254/276 modules 22 active /workspace/project/xian-explorer/node_modules/core-js/library/fn/symbol/index.js
<s> [webpack.Progress] 40% building 254/277 modules 23 active /workspace/project/xian-explorer/node_modules/vue-loader/lib/loaders/pitcher.js??ref--4!/workspace/project/xian-explorer/node_modules/cache-loader/dist/cjs.js??ref--12-0!/workspace/project/xian-explorer/node_modules/babel-loader/lib/index.js!/workspace/project/xian-explorer/node_modules/vue-loader/lib/loaders/templateLoader.js??ref--6!/workspace/project/xian-explorer/node_modules/pug-plain-loader/index.js!/workspace/project/xian-explorer/node_modules/cache-loader/dist/cjs.js??ref--0-0!/workspace/project/xian-explorer/node_modules/vue-loader/lib/index.js??vue-loader-options!/workspace/project/xian-explorer/node_modules/eslint-loader/index.js??ref--13-0!/workspace/project/xian-explorer/src/components/ModernPageIndex.vue?vue&type=template&id=5900f724&scoped=true&lang=pug
<s> [webpack.Progress] 40% building 255/277 modules 22 active /workspace/project/xian-explorer/node_modules/core-js/library/fn/symbol/index.js
<s> [webpack.Progress] 40% building 255/278 modules 23 active /workspace/project/xian-explorer/node_modules/vue-loader/lib/loaders/pitcher.js??ref--4!/workspace/project/xian-explorer/node_modules/cache-loader/dist/cjs.js??ref--12-0!/workspace/project/xian-explorer/node_modules/babel-loader/lib/index.js!/workspace/project/xian-explorer/node_modules/vue-loader/lib/loaders/templateLoader.js??ref--6!/workspace/project/xian-explorer/node_modules/pug-plain-loader/index.js!/workspace/project/xian-explorer/node_modules/cache-loader/dist/cjs.js??ref--0-0!/workspace/project/xian-explorer/node_modules/vue-loader/lib/index.js??vue-loader-options!/workspace/project/xian-explorer/node_modules/eslint-loader/index.js??ref--13-0!/workspace/project/xian-explorer/src/components/PageSearch.vue?vue&type=template&id=090603c7&lang=pug
<s> [webpack.Progress] 40% building 256/278 modules 22 active /workspace/project/xian-explorer/node_modules/core-js/library/fn/symbol/index.js
<s> [webpack.Progress] 40% building 256/279 modules 23 active /workspace/project/xian-explorer/node_modules/vue-loader/lib/loaders/pitcher.js??ref--4!/workspace/project/xian-explorer/node_modules/cache-loader/dist/cjs.js??ref--12-0!/workspace/project/xian-explorer/node_modules/babel-loader/lib/index.js!/workspace/project/xian-explorer/node_modules/vue-loader/lib/loaders/templateLoader.js??ref--6!/workspace/project/xian-explorer/node_modules/pug-plain-loader/index.js!/workspace/project/xian-explorer/node_modules/cache-loader/dist/cjs.js??ref--0-0!/workspace/project/xian-explorer/node_modules/vue-loader/lib/index.js??vue-loader-options!/workspace/project/xian-explorer/node_modules/eslint-loader/index.js??ref--13-0!/workspace/project/xian-explorer/src/components/PageFullNode.vue?vue&type=template&id=17505110&lang=pug
<s> [webpack.Progress] 40% building 257/279 modules 22 active /workspace/project/xian-explorer/node_modules/core-js/library/fn/symbol/index.js
<s> [webpack.Progress] 40% building 257/280 modules 23 active /workspace/project/xian-explorer/node_modules/vue-loader/lib/loaders/pitcher.js??ref--4!/workspace/project/xian-explorer/node_modules/cache-loader/dist/cjs.js??ref--12-0!/workspace/project/xian-explorer/node_modules/babel-loader/lib/index.js!/workspace/project/xian-explorer/node_modules/vue-loader/lib/loaders/templateLoader.js??ref--6!/workspace/project/xian-explorer/node_modules/pug-plain-loader/index.js!/workspace/project/xian-explorer/node_modules/cache-loader/dist/cjs.js??ref--0-0!/workspace/project/xian-explorer/node_modules/vue-loader/lib/index.js??vue-loader-options!/workspace/project/xian-explorer/node_modules/eslint-loader/index.js??ref--13-0!/workspace/project/xian-explorer/src/components/PageValidatorsIndex.vue?vue&type=template&id=72602862&lang=pug
<s> [webpack.Progress] 40% building 258/280 modules 22 active /workspace/project/xian-explorer/node_modules/core-js/library/fn/symbol/index.js
<s> [webpack.Progress] 40% building 258/281 modules 23 active /workspace/project/xian-explorer/node_modules/vue-loader/lib/loaders/pitcher.js??ref--4!/workspace/project/xian-explorer/node_modules/cache-loader/dist/cjs.js??ref--12-0!/workspace/project/xian-explorer/node_modules/babel-loader/lib/index.js!/workspace/project/xian-explorer/node_modules/vue-loader/lib/loaders/templateLoader.js??ref--6!/workspace/project/xian-explorer/node_modules/pug-plain-loader/index.js!/workspace/project/xian-explorer/node_modules/cache-loader/dist/cjs.js??ref--0-0!/workspace/project/xian-explorer/node_modules/vue-loader/lib/index.js??vue-loader-options!/workspace/project/xian-explorer/node_modules/eslint-loader/index.js??ref--13-0!/workspace/project/xian-explorer/src/components/PageFullNodes.vue?vue&type=template&id=53351bda&lang=pug
<s> [webpack.Progress] 41% building 259/281 modules 22 active /workspace/project/xian-explorer/node_modules/core-js/library/fn/symbol/index.js
<s> [webpack.Progress] 41% building 259/282 modules 23 active /workspace/project/xian-explorer/node_modules/vue-loader/lib/loaders/pitcher.js??ref--4!/workspace/project/xian-explorer/node_modules/cache-loader/dist/cjs.js??ref--12-0!/workspace/project/xian-explorer/node_modules/babel-loader/lib/index.js!/workspace/project/xian-explorer/node_modules/vue-loader/lib/loaders/templateLoader.js??ref--6!/workspace/project/xian-explorer/node_modules/pug-plain-loader/index.js!/workspace/project/xian-explorer/node_modules/cache-loader/dist/cjs.js??ref--0-0!/workspace/project/xian-explorer/node_modules/vue-loader/lib/index.js??vue-loader-options!/workspace/project/xian-explorer/node_modules/eslint-loader/index.js??ref--13-0!/workspace/project/xian-explorer/src/components/PageValidatorsRevoked.vue?vue&type=template&id=29145e2e&lang=pug
<s> [webpack.Progress] 41% building 260/282 modules 22 active /workspace/project/xian-explorer/node_modules/core-js/library/fn/symbol/index.js
<s> [webpack.Progress] 41% building 260/283 modules 23 active /workspace/project/xian-explorer/node_modules/vue-loader/lib/loaders/pitcher.js??ref--4!/workspace/project/xian-explorer/node_modules/cache-loader/dist/cjs.js??ref--12-0!/workspace/project/xian-explorer/node_modules/babel-loader/lib/index.js!/workspace/project/xian-explorer/node_modules/vue-loader/lib/loaders/templateLoader.js??ref--6!/workspace/project/xian-explorer/node_modules/pug-plain-loader/index.js!/workspace/project/xian-explorer/node_modules/cache-loader/dist/cjs.js??ref--0-0!/workspace/project/xian-explorer/node_modules/vue-loader/lib/index.js??vue-loader-options!/workspace/project/xian-explorer/node_modules/eslint-loader/index.js??ref--13-0!/workspace/project/xian-explorer/src/components/PageValidators.vue?vue&type=template&id=26d45d80&lang=pug
<s> [webpack.Progress] 41% building 261/283 modules 22 active /workspace/project/xian-explorer/node_modules/core-js/library/fn/symbol/index.js
<s> [webpack.Progress] 41% building 261/284 modules 23 active /workspace/project/xian-explorer/node_modules/vue-loader/lib/loaders/pitcher.js??ref--4!/workspace/project/xian-explorer/node_modules/cache-loader/dist/cjs.js??ref--12-0!/workspace/project/xian-explorer/node_modules/babel-loader/lib/index.js!/workspace/project/xian-explorer/node_modules/vue-loader/lib/loaders/templateLoader.js??ref--6!/workspace/project/xian-explorer/node_modules/pug-plain-loader/index.js!/workspace/project/xian-explorer/node_modules/cache-loader/dist/cjs.js??ref--0-0!/workspace/project/xian-explorer/node_modules/vue-loader/lib/index.js??vue-loader-options!/workspace/project/xian-explorer/node_modules/eslint-loader/index.js??ref--13-0!/workspace/project/xian-explorer/src/components/PageValidator.vue?vue&type=template&id=926077fa&lang=pug
<s> [webpack.Progress] 41% building 262/284 modules 22 active /workspace/project/xian-explorer/node_modules/core-js/library/fn/symbol/index.js
<s> [webpack.Progress] 41% building 262/285 modules 23 active /workspace/project/xian-explorer/node_modules/vue-loader/lib/loaders/pitcher.js??ref--4!/workspace/project/xian-explorer/node_modules/cache-loader/dist/cjs.js??ref--12-0!/workspace/project/xian-explorer/node_modules/babel-loader/lib/index.js!/workspace/project/xian-explorer/node_modules/vue-loader/lib/loaders/templateLoader.js??ref--6!/workspace/project/xian-explorer/node_modules/pug-plain-loader/index.js!/workspace/project/xian-explorer/node_modules/cache-loader/dist/cjs.js??ref--0-0!/workspace/project/xian-explorer/node_modules/vue-loader/lib/index.js??vue-loader-options!/workspace/project/xian-explorer/node_modules/eslint-loader/index.js??ref--13-0!/workspace/project/xian-explorer/src/components/ModernApp.vue?vue&type=template&id=1f7bb582&lang=pug
<s> [webpack.Progress] 41% building 263/285 modules 22 active /workspace/project/xian-explorer/node_modules/core-js/library/fn/symbol/index.js
<s> [webpack.Progress] 41% building 263/286 modules 23 active /workspace/project/xian-explorer/node_modules/vue-loader/lib/loaders/pitcher.js??ref--4!/workspace/project/xian-explorer/node_modules/cache-loader/dist/cjs.js??ref--12-0!/workspace/project/xian-explorer/node_modules/babel-loader/lib/index.js!/workspace/project/xian-explorer/node_modules/vue-loader/lib/loaders/templateLoader.js??ref--6!/workspace/project/xian-explorer/node_modules/pug-plain-loader/index.js!/workspace/project/xian-explorer/node_modules/cache-loader/dist/cjs.js??ref--0-0!/workspace/project/xian-explorer/node_modules/vue-loader/lib/index.js??vue-loader-options!/workspace/project/xian-explorer/node_modules/eslint-loader/index.js??ref--13-0!/workspace/project/xian-explorer/src/components/AnchorCopy.vue?vue&type=template&id=1520a8fa&lang=pug
<s> [webpack.Progress] 41% building 264/286 modules 22 active /workspace/project/xian-explorer/node_modules/core-js/library/fn/symbol/index.js
<s> [webpack.Progress] 41% building 264/287 modules 23 active /workspace/project/xian-explorer/node_modules/cache-loader/dist/cjs.js?{"cacheDirectory":"node_modules/.cache/vue-loader","cacheIdentifier":"1fe9d2cf-vue-loader-template"}!/workspace/project/xian-explorer/node_modules/cache-loader/dist/cjs.js??ref--12-0!/workspace/project/xian-explorer/node_modules/babel-loader/lib/index.js!/workspace/project/xian-explorer/node_modules/vue-loader/lib/loaders/templateLoader.js??ref--6!/workspace/project/xian-explorer/node_modules/pug-plain-loader/index.js!/workspace/project/xian-explorer/node_modules/cache-loader/dist/cjs.js??ref--0-0!/workspace/project/xian-explorer/node_modules/vue-loader/lib/index.js??vue-loader-options!/workspace/project/xian-explorer/src/components/ModernPageIndex.vue?vue&type=template&id=5900f724&scoped=true&lang=pug
<s> [webpack.Progress] 41% building 264/288 modules 24 active /workspace/project/xian-explorer/node_modules/cache-loader/dist/cjs.js?{"cacheDirectory":"node_modules/.cache/vue-loader","cacheIdentifier":"1fe9d2cf-vue-loader-template"}!/workspace/project/xian-explorer/node_modules/cache-loader/dist/cjs.js??ref--12-0!/workspace/project/xian-explorer/node_modules/babel-loader/lib/index.js!/workspace/project/xian-explorer/node_modules/vue-loader/lib/loaders/templateLoader.js??ref--6!/workspace/project/xian-explorer/node_modules/pug-plain-loader/index.js!/workspace/project/xian-explorer/node_modules/cache-loader/dist/cjs.js??ref--0-0!/workspace/project/xian-explorer/node_modules/vue-loader/lib/index.js??vue-loader-options!/workspace/project/xian-explorer/src/components/PageSearch.vue?vue&type=template&id=090603c7&lang=pug
<s> [webpack.Progress] 41% building 264/289 modules 25 active /workspace/project/xian-explorer/node_modules/cache-loader/dist/cjs.js?{"cacheDirectory":"node_modules/.cache/vue-loader","cacheIdentifier":"1fe9d2cf-vue-loader-template"}!/workspace/project/xian-explorer/node_modules/cache-loader/dist/cjs.js??ref--12-0!/workspace/project/xian-explorer/node_modules/babel-loader/lib/index.js!/workspace/project/xian-explorer/node_modules/vue-loader/lib/loaders/templateLoader.js??ref--6!/workspace/project/xian-explorer/node_modules/pug-plain-loader/index.js!/workspace/project/xian-explorer/node_modules/cache-loader/dist/cjs.js??ref--0-0!/workspace/project/xian-explorer/node_modules/vue-loader/lib/index.js??vue-loader-options!/workspace/project/xian-explorer/src/components/PageFullNode.vue?vue&type=template&id=17505110&lang=pug
<s> [webpack.Progress] 41% building 264/290 modules 26 active /workspace/project/xian-explorer/node_modules/cache-loader/dist/cjs.js?{"cacheDirectory":"node_modules/.cache/vue-loader","cacheIdentifier":"1fe9d2cf-vue-loader-template"}!/workspace/project/xian-explorer/node_modules/cache-loader/dist/cjs.js??ref--12-0!/workspace/project/xian-explorer/node_modules/babel-loader/lib/index.js!/workspace/project/xian-explorer/node_modules/vue-loader/lib/loaders/templateLoader.js??ref--6!/workspace/project/xian-explorer/node_modules/pug-plain-loader/index.js!/workspace/project/xian-explorer/node_modules/cache-loader/dist/cjs.js??ref--0-0!/workspace/project/xian-explorer/node_modules/vue-loader/lib/index.js??vue-loader-options!/workspace/project/xian-explorer/src/components/PageValidatorsIndex.vue?vue&type=template&id=72602862&lang=pug
<s> [webpack.Progress] 41% building 264/291 modules 27 active /workspace/project/xian-explorer/node_modules/cache-loader/dist/cjs.js?{"cacheDirectory":"node_modules/.cache/vue-loader","cacheIdentifier":"1fe9d2cf-vue-loader-template"}!/workspace/project/xian-explorer/node_modules/cache-loader/dist/cjs.js??ref--12-0!/workspace/project/xian-explorer/node_modules/babel-loader/lib/index.js!/workspace/project/xian-explorer/node_modules/vue-loader/lib/loaders/templateLoader.js??ref--6!/workspace/project/xian-explorer/node_modules/pug-plain-loader/index.js!/workspace/project/xian-explorer/node_modules/cache-loader/dist/cjs.js??ref--0-0!/workspace/project/xian-explorer/node_modules/vue-loader/lib/index.js??vue-loader-options!/workspace/project/xian-explorer/src/components/PageFullNodes.vue?vue&type=template&id=53351bda&lang=pug
<s> [webpack.Progress] 41% building 264/292 modules 28 active /workspace/project/xian-explorer/node_modules/cache-loader/dist/cjs.js?{"cacheDirectory":"node_modules/.cache/vue-loader","cacheIdentifier":"1fe9d2cf-vue-loader-template"}!/workspace/project/xian-explorer/node_modules/cache-loader/dist/cjs.js??ref--12-0!/workspace/project/xian-explorer/node_modules/babel-loader/lib/index.js!/workspace/project/xian-explorer/node_modules/vue-loader/lib/loaders/templateLoader.js??ref--6!/workspace/project/xian-explorer/node_modules/pug-plain-loader/index.js!/workspace/project/xian-explorer/node_modules/cache-loader/dist/cjs.js??ref--0-0!/workspace/project/xian-explorer/node_modules/vue-loader/lib/index.js??vue-loader-options!/workspace/project/xian-explorer/src/components/PageValidatorsRevoked.vue?vue&type=template&id=29145e2e&lang=pug
<s> [webpack.Progress] 41% building 264/293 modules 29 active /workspace/project/xian-explorer/node_modules/cache-loader/dist/cjs.js?{"cacheDirectory":"node_modules/.cache/vue-loader","cacheIdentifier":"1fe9d2cf-vue-loader-template"}!/workspace/project/xian-explorer/node_modules/cache-loader/dist/cjs.js??ref--12-0!/workspace/project/xian-explorer/node_modules/babel-loader/lib/index.js!/workspace/project/xian-explorer/node_modules/vue-loader/lib/loaders/templateLoader.js??ref--6!/workspace/project/xian-explorer/node_modules/pug-plain-loader/index.js!/workspace/project/xian-explorer/node_modules/cache-loader/dist/cjs.js??ref--0-0!/workspace/project/xian-explorer/node_modules/vue-loader/lib/index.js??vue-loader-options!/workspace/project/xian-explorer/src/components/PageValidators.vue?vue&type=template&id=26d45d80&lang=pug
<s> [webpack.Progress] 41% building 264/294 modules 30 active /workspace/project/xian-explorer/node_modules/cache-loader/dist/cjs.js?{"cacheDirectory":"node_modules/.cache/vue-loader","cacheIdentifier":"1fe9d2cf-vue-loader-template"}!/workspace/project/xian-explorer/node_modules/cache-loader/dist/cjs.js??ref--12-0!/workspace/project/xian-explorer/node_modules/babel-loader/lib/index.js!/workspace/project/xian-explorer/node_modules/vue-loader/lib/loaders/templateLoader.js??ref--6!/workspace/project/xian-explorer/node_modules/pug-plain-loader/index.js!/workspace/project/xian-explorer/node_modules/cache-loader/dist/cjs.js??ref--0-0!/workspace/project/xian-explorer/node_modules/vue-loader/lib/index.js??vue-loader-options!/workspace/project/xian-explorer/src/components/PageValidator.vue?vue&type=template&id=926077fa&lang=pug
<s> [webpack.Progress] 41% building 264/295 modules 31 active /workspace/project/xian-explorer/node_modules/cache-loader/dist/cjs.js?{"cacheDirectory":"node_modules/.cache/vue-loader","cacheIdentifier":"1fe9d2cf-vue-loader-template"}!/workspace/project/xian-explorer/node_modules/cache-loader/dist/cjs.js??ref--12-0!/workspace/project/xian-explorer/node_modules/babel-loader/lib/index.js!/workspace/project/xian-explorer/node_modules/vue-loader/lib/loaders/templateLoader.js??ref--6!/workspace/project/xian-explorer/node_modules/pug-plain-loader/index.js!/workspace/project/xian-explorer/node_modules/cache-loader/dist/cjs.js??ref--0-0!/workspace/project/xian-explorer/node_modules/vue-loader/lib/index.js??vue-loader-options!/workspace/project/xian-explorer/src/components/ModernApp.vue?vue&type=template&id=1f7bb582&lang=pug
<s> [webpack.Progress] 41% building 264/296 modules 32 active /workspace/project/xian-explorer/node_modules/cache-loader/dist/cjs.js?{"cacheDirectory":"node_modules/.cache/vue-loader","cacheIdentifier":"1fe9d2cf-vue-loader-template"}!/workspace/project/xian-explorer/node_modules/cache-loader/dist/cjs.js??ref--12-0!/workspace/project/xian-explorer/node_modules/babel-loader/lib/index.js!/workspace/project/xian-explorer/node_modules/vue-loader/lib/loaders/templateLoader.js??ref--6!/workspace/project/xian-explorer/node_modules/pug-plain-loader/index.js!/workspace/project/xian-explorer/node_modules/cache-loader/dist/cjs.js??ref--0-0!/workspace/project/xian-explorer/node_modules/vue-loader/lib/index.js??vue-loader-options!/workspace/project/xian-explorer/src/components/AnchorCopy.vue?vue&type=template&id=1520a8fa&lang=pug
<s> [webpack.Progress] 41% building 264/297 modules 33 active /workspace/project/xian-explorer/node_modules/cache-loader/dist/cjs.js?{"cacheDirectory":"node_modules/.cache/vue-loader","cacheIdentifier":"1fe9d2cf-vue-loader-template"}!/workspace/project/xian-explorer/node_modules/cache-loader/dist/cjs.js??ref--12-0!/workspace/project/xian-explorer/node_modules/babel-loader/lib/index.js!/workspace/project/xian-explorer/node_modules/vue-loader/lib/loaders/templateLoader.js??ref--6!/workspace/project/xian-explorer/node_modules/pug-plain-loader/index.js!/workspace/project/xian-explorer/node_modules/cache-loader/dist/cjs.js??ref--0-0!/workspace/project/xian-explorer/node_modules/vue-loader/lib/index.js??vue-loader-options!/workspace/project/xian-explorer/src/app.vue?vue&type=template&id=5ef48958&lang=pug
<s> [webpack.Progress] 41% building 264/298 modules 34 active /workspace/project/xian-explorer/node_modules/core-js/modules/_array-species-create.js
<s> [webpack.Progress] 41% building 264/299 modules 35 active /workspace/project/xian-explorer/node_modules/core-js/modules/_inherit-if-required.js
<s> [webpack.Progress] 41% building 264/300 modules 36 active /workspace/project/xian-explorer/node_modules/core-js/modules/_flags.js
<s> [webpack.Progress] 41% building 264/301 modules 37 active /workspace/project/xian-explorer/node_modules/core-js/modules/_object-gopn-ext.js
<s> [webpack.Progress] 41% building 264/302 modules 38 active /workspace/project/xian-explorer/node_modules/core-js/modules/_is-array.js
<s> [webpack.Progress] 41% building 264/303 modules 39 active /workspace/project/xian-explorer/node_modules/core-js/modules/_enum-keys.js
<s> [webpack.Progress] 41% building 264/304 modules 40 active /workspace/project/xian-explorer/node_modules/core-js/modules/_wks-ext.js
<s> [webpack.Progress] 41% building 264/305 modules 41 active /workspace/project/xian-explorer/node_modules/core-js/modules/_meta.js
<s> [webpack.Progress] 41% building 264/306 modules 42 active /workspace/project/xian-explorer/node_modules/core-js/modules/_collection-strong.js
<s> [webpack.Progress] 41% building 264/307 modules 43 active /workspace/project/xian-explorer/node_modules/core-js/modules/_strict-method.js
<s> [webpack.Progress] 41% building 264/308 modules 44 active /workspace/project/xian-explorer/node_modules/core-js/modules/_is-regexp.js
<s> [webpack.Progress] 41% building 265/308 modules 43 active /workspace/project/xian-explorer/node_modules/core-js/modules/_is-regexp.js
<s> [webpack.Progress] 41% building 266/308 modules 42 active /workspace/project/xian-explorer/node_modules/core-js/modules/_is-regexp.js
<s> [webpack.Progress] 42% building 267/308 modules 41 active /workspace/project/xian-explorer/node_modules/core-js/modules/_is-regexp.js
<s> [webpack.Progress] 42% building 268/308 modules 40 active /workspace/project/xian-explorer/node_modules/core-js/modules/_is-regexp.js
<s> [webpack.Progress] 42% building 268/309 modules 41 active /workspace/project/xian-explorer/node_modules/core-js/modules/_collection.js
<s> [webpack.Progress] 42% building 268/310 modules 42 active /workspace/project/xian-explorer/node_modules/core-js/modules/_validate-collection.js
<s> [webpack.Progress] 42% building 268/311 modules 43 active /workspace/project/xian-explorer/node_modules/core-js/library/fn/symbol/iterator.js
<s> [webpack.Progress] 42% building 268/312 modules 44 active /workspace/project/xian-explorer/node_modules/@babel/runtime-corejs2/helpers/esm/arrayLikeToArray.js
<s> [webpack.Progress] 42% building 268/313 modules 45 active /workspace/project/xian-explorer/node_modules/vue-loader/lib/loaders/pitcher.js??ref--4!/workspace/project/xian-explorer/node_modules/vue-style-loader/index.js??ref--11-oneOf-1-0!/workspace/project/xian-explorer/node_modules/css-loader/index.js??ref--11-oneOf-1-1!/workspace/project/xian-explorer/node_modules/postcss-loader/src/index.js??ref--11-oneOf-1-2!/workspace/project/xian-explorer/node_modules/stylus-loader/index.js??ref--11-oneOf-1-3!/workspace/project/xian-explorer/node_modules/cache-loader/dist/cjs.js??ref--0-0!/workspace/project/xian-explorer/node_modules/vue-loader/lib/index.js??vue-loader-options!/workspace/project/xian-explorer/node_modules/eslint-loader/index.js??ref--13-0!/workspace/project/xian-explorer/src/app.vue?vue&type=style&index=1&id=5ef48958&lang=stylus
<s> [webpack.Progress] 42% building 269/313 modules 44 active /workspace/project/xian-explorer/node_modules/@babel/runtime-corejs2/helpers/esm/arrayLikeToArray.js
<s> [webpack.Progress] 42% building 269/314 modules 45 active /workspace/project/xian-explorer/node_modules/vue-loader/lib/loaders/pitcher.js??ref--4!/workspace/project/xian-explorer/node_modules/vue-style-loader/index.js??ref--11-oneOf-1-0!/workspace/project/xian-explorer/node_modules/css-loader/index.js??ref--11-oneOf-1-1!/workspace/project/xian-explorer/node_modules/postcss-loader/src/index.js??ref--11-oneOf-1-2!/workspace/project/xian-explorer/node_modules/stylus-loader/index.js??ref--11-oneOf-1-3!/workspace/project/xian-explorer/node_modules/cache-loader/dist/cjs.js??ref--0-0!/workspace/project/xian-explorer/node_modules/vue-loader/lib/index.js??vue-loader-options!/workspace/project/xian-explorer/node_modules/eslint-loader/index.js??ref--13-0!/workspace/project/xian-explorer/src/components/ModernPageIndex.vue?vue&type=style&index=0&id=5900f724&lang=stylus&scoped=true
<s> [webpack.Progress] 42% building 270/314 modules 44 active /workspace/project/xian-explorer/node_modules/@babel/runtime-corejs2/helpers/esm/arrayLikeToArray.js
<s> [webpack.Progress] 42% building 270/315 modules 45 active /workspace/project/xian-explorer/node_modules/vue-loader/lib/loaders/pitcher.js??ref--4!/workspace/project/xian-explorer/node_modules/vue-style-loader/index.js??ref--11-oneOf-1-0!/workspace/project/xian-explorer/node_modules/css-loader/index.js??ref--11-oneOf-1-1!/workspace/project/xian-explorer/node_modules/postcss-loader/src/index.js??ref--11-oneOf-1-2!/workspace/project/xian-explorer/node_modules/stylus-loader/index.js??ref--11-oneOf-1-3!/workspace/project/xian-explorer/node_modules/cache-loader/dist/cjs.js??ref--0-0!/workspace/project/xian-explorer/node_modules/vue-loader/lib/index.js??vue-loader-options!/workspace/project/xian-explorer/node_modules/eslint-loader/index.js??ref--13-0!/workspace/project/xian-explorer/src/components/ModernPageBlocks.vue?vue&type=style&index=0&id=2a1fe0b8&lang=stylus&scoped=true
<s> [webpack.Progress] 42% building 271/315 modules 44 active /workspace/project/xian-explorer/node_modules/@babel/runtime-corejs2/helpers/esm/arrayLikeToArray.js
<s> [webpack.Progress] 42% building 271/316 modules 45 active /workspace/project/xian-explorer/node_modules/vue-loader/lib/loaders/pitcher.js??ref--4!/workspace/project/xian-explorer/node_modules/vue-style-loader/index.js??ref--11-oneOf-1-0!/workspace/project/xian-explorer/node_modules/css-loader/index.js??ref--11-oneOf-1-1!/workspace/project/xian-explorer/node_modules/postcss-loader/src/index.js??ref--11-oneOf-1-2!/workspace/project/xian-explorer/node_modules/stylus-loader/index.js??ref--11-oneOf-1-3!/workspace/project/xian-explorer/node_modules/cache-loader/dist/cjs.js??ref--0-0!/workspace/project/xian-explorer/node_modules/vue-loader/lib/index.js??vue-loader-options!/workspace/project/xian-explorer/node_modules/eslint-loader/index.js??ref--13-0!/workspace/project/xian-explorer/src/components/ModernPageTxs.vue?vue&type=style&index=0&id=6b3960c1&lang=stylus&scoped=true
<s> [webpack.Progress] 42% building 272/316 modules 44 active /workspace/project/xian-explorer/node_modules/@babel/runtime-corejs2/helpers/esm/arrayLikeToArray.js
<s> [webpack.Progress] 42% building 272/317 modules 45 active /workspace/project/xian-explorer/node_modules/vue-loader/lib/loaders/pitcher.js??ref--4!/workspace/project/xian-explorer/node_modules/vue-style-loader/index.js??ref--11-oneOf-1-0!/workspace/project/xian-explorer/node_modules/css-loader/index.js??ref--11-oneOf-1-1!/workspace/project/xian-explorer/node_modules/postcss-loader/src/index.js??ref--11-oneOf-1-2!/workspace/project/xian-explorer/node_modules/stylus-loader/index.js??ref--11-oneOf-1-3!/workspace/project/xian-explorer/node_modules/cache-loader/dist/cjs.js??ref--0-0!/workspace/project/xian-explorer/node_modules/vue-loader/lib/index.js??vue-loader-options!/workspace/project/xian-explorer/node_modules/eslint-loader/index.js??ref--13-0!/workspace/project/xian-explorer/src/components/PageSearch.vue?vue&type=style&index=0&id=090603c7&lang=stylus
<s> [webpack.Progress] 42% building 273/317 modules 44 active /workspace/project/xian-explorer/node_modules/@babel/runtime-corejs2/helpers/esm/arrayLikeToArray.js
<s> [webpack.Progress] 42% building 273/318 modules 45 active /workspace/project/xian-explorer/node_modules/vue-loader/lib/loaders/pitcher.js??ref--4!/workspace/project/xian-explorer/node_modules/vue-style-loader/index.js??ref--6-oneOf-1-0!/workspace/project/xian-explorer/node_modules/css-loader/index.js??ref--6-oneOf-1-1!/workspace/project/xian-explorer/node_modules/postcss-loader/src/index.js??ref--6-oneOf-1-2!/workspace/project/xian-explorer/node_modules/cache-loader/dist/cjs.js??ref--0-0!/workspace/project/xian-explorer/node_modules/vue-loader/lib/index.js??vue-loader-options!/workspace/project/xian-explorer/node_modules/eslint-loader/index.js??ref--13-0!/workspace/project/xian-explorer/src/components/ModernPageBlock.vue?vue&type=style&index=0&id=85b98542&scoped=true&lang=css
<s> [webpack.Progress] 42% building 274/318 modules 44 active /workspace/project/xian-explorer/node_modules/@babel/runtime-corejs2/helpers/esm/arrayLikeToArray.js
<s> [webpack.Progress] 42% building 274/319 modules 45 active /workspace/project/xian-explorer/node_modules/vue-loader/lib/loaders/pitcher.js??ref--4!/workspace/project/xian-explorer/node_modules/vue-style-loader/index.js??ref--11-oneOf-1-0!/workspace/project/xian-explorer/node_modules/css-loader/index.js??ref--11-oneOf-1-1!/workspace/project/xian-explorer/node_modules/postcss-loader/src/index.js??ref--11-oneOf-1-2!/workspace/project/xian-explorer/node_modules/stylus-loader/index.js??ref--11-oneOf-1-3!/workspace/project/xian-explorer/node_modules/cache-loader/dist/cjs.js??ref--0-0!/workspace/project/xian-explorer/node_modules/vue-loader/lib/index.js??vue-loader-options!/workspace/project/xian-explorer/node_modules/eslint-loader/index.js??ref--13-0!/workspace/project/xian-explorer/src/components/ModernPageContracts.vue?vue&type=style&index=0&id=4fd6f373&lang=stylus&scoped=true
<s> [webpack.Progress] 43% building 275/319 modules 44 active /workspace/project/xian-explorer/node_modules/@babel/runtime-corejs2/helpers/esm/arrayLikeToArray.js
<s> [webpack.Progress] 43% building 275/320 modules 45 active /workspace/project/xian-explorer/node_modules/vue-loader/lib/loaders/pitcher.js??ref--4!/workspace/project/xian-explorer/node_modules/vue-style-loader/index.js??ref--11-oneOf-1-0!/workspace/project/xian-explorer/node_modules/css-loader/index.js??ref--11-oneOf-1-1!/workspace/project/xian-explorer/node_modules/postcss-loader/src/index.js??ref--11-oneOf-1-2!/workspace/project/xian-explorer/node_modules/stylus-loader/index.js??ref--11-oneOf-1-3!/workspace/project/xian-explorer/node_modules/cache-loader/dist/cjs.js??ref--0-0!/workspace/project/xian-explorer/node_modules/vue-loader/lib/index.js??vue-loader-options!/workspace/project/xian-explorer/node_modules/eslint-loader/index.js??ref--13-0!/workspace/project/xian-explorer/src/components/PageValidator.vue?vue&type=style&index=0&id=926077fa&lang=stylus
<s> [webpack.Progress] 43% building 276/320 modules 44 active /workspace/project/xian-explorer/node_modules/@babel/runtime-corejs2/helpers/esm/arrayLikeToArray.js
<s> [webpack.Progress] 43% building 276/321 modules 45 active /workspace/project/xian-explorer/node_modules/vue-loader/lib/loaders/pitcher.js??ref--4!/workspace/project/xian-explorer/node_modules/vue-style-loader/index.js??ref--6-oneOf-1-0!/workspace/project/xian-explorer/node_modules/css-loader/index.js??ref--6-oneOf-1-1!/workspace/project/xian-explorer/node_modules/postcss-loader/src/index.js??ref--6-oneOf-1-2!/workspace/project/xian-explorer/node_modules/cache-loader/dist/cjs.js??ref--0-0!/workspace/project/xian-explorer/node_modules/vue-loader/lib/index.js??vue-loader-options!/workspace/project/xian-explorer/node_modules/eslint-loader/index.js??ref--13-0!/workspace/project/xian-explorer/src/components/ModernPageAddress.vue?vue&type=style&index=0&id=8d2e7a74&scoped=true&lang=css
<s> [webpack.Progress] 43% building 277/321 modules 44 active /workspace/project/xian-explorer/node_modules/@babel/runtime-corejs2/helpers/esm/arrayLikeToArray.js
<s> [webpack.Progress] 43% building 277/322 modules 45 active /workspace/project/xian-explorer/node_modules/vue-loader/lib/loaders/pitcher.js??ref--4!/workspace/project/xian-explorer/node_modules/vue-style-loader/index.js??ref--11-oneOf-1-0!/workspace/project/xian-explorer/node_modules/css-loader/index.js??ref--11-oneOf-1-1!/workspace/project/xian-explorer/node_modules/postcss-loader/src/index.js??ref--11-oneOf-1-2!/workspace/project/xian-explorer/node_modules/stylus-loader/index.js??ref--11-oneOf-1-3!/workspace/project/xian-explorer/node_modules/cache-loader/dist/cjs.js??ref--0-0!/workspace/project/xian-explorer/node_modules/vue-loader/lib/index.js??vue-loader-options!/workspace/project/xian-explorer/node_modules/eslint-loader/index.js??ref--13-0!/workspace/project/xian-explorer/src/components/ModernPageAddresses.vue?vue&type=style&index=0&id=5fd374f4&lang=stylus&scoped=true
<s> [webpack.Progress] 43% building 278/322 modules 44 active /workspace/project/xian-explorer/node_modules/@babel/runtime-corejs2/helpers/esm/arrayLikeToArray.js
<s> [webpack.Progress] 43% building 278/323 modules 45 active /workspace/project/xian-explorer/node_modules/vue-loader/lib/loaders/pitcher.js??ref--4!/workspace/project/xian-explorer/node_modules/vue-style-loader/index.js??ref--6-oneOf-1-0!/workspace/project/xian-explorer/node_modules/css-loader/index.js??ref--6-oneOf-1-1!/workspace/project/xian-explorer/node_modules/postcss-loader/src/index.js??ref--6-oneOf-1-2!/workspace/project/xian-explorer/node_modules/cache-loader/dist/cjs.js??ref--0-0!/workspace/project/xian-explorer/node_modules/vue-loader/lib/index.js??vue-loader-options!/workspace/project/xian-explorer/node_modules/eslint-loader/index.js??ref--13-0!/workspace/project/xian-explorer/src/components/ModernPageToken.vue?vue&type=style&index=0&id=dcdcc66a&scoped=true&lang=css
<s> [webpack.Progress] 43% building 279/323 modules 44 active /workspace/project/xian-explorer/node_modules/@babel/runtime-corejs2/helpers/esm/arrayLikeToArray.js
<s> [webpack.Progress] 43% building 279/324 modules 45 active /workspace/project/xian-explorer/node_modules/vue-loader/lib/loaders/pitcher.js??ref--4!/workspace/project/xian-explorer/node_modules/vue-style-loader/index.js??ref--11-oneOf-1-0!/workspace/project/xian-explorer/node_modules/css-loader/index.js??ref--11-oneOf-1-1!/workspace/project/xian-explorer/node_modules/postcss-loader/src/index.js??ref--11-oneOf-1-2!/workspace/project/xian-explorer/node_modules/stylus-loader/index.js??ref--11-oneOf-1-3!/workspace/project/xian-explorer/node_modules/cache-loader/dist/cjs.js??ref--0-0!/workspace/project/xian-explorer/node_modules/vue-loader/lib/index.js??vue-loader-options!/workspace/project/xian-explorer/node_modules/eslint-loader/index.js??ref--13-0!/workspace/project/xian-explorer/src/components/ModernPageTokens.vue?vue&type=style&index=0&id=b764c490&lang=stylus&scoped=true
<s> [webpack.Progress] 43% building 280/324 modules 44 active /workspace/project/xian-explorer/node_modules/@babel/runtime-corejs2/helpers/esm/arrayLikeToArray.js
<s> [webpack.Progress] 43% building 280/325 modules 45 active /workspace/project/xian-explorer/node_modules/vue-loader/lib/loaders/pitcher.js??ref--4!/workspace/project/xian-explorer/node_modules/vue-style-loader/index.js??ref--6-oneOf-1-0!/workspace/project/xian-explorer/node_modules/css-loader/index.js??ref--6-oneOf-1-1!/workspace/project/xian-explorer/node_modules/postcss-loader/src/index.js??ref--6-oneOf-1-2!/workspace/project/xian-explorer/node_modules/cache-loader/dist/cjs.js??ref--0-0!/workspace/project/xian-explorer/node_modules/vue-loader/lib/index.js??vue-loader-options!/workspace/project/xian-explorer/node_modules/eslint-loader/index.js??ref--13-0!/workspace/project/xian-explorer/src/components/ModernPageContract.vue?vue&type=style&index=0&id=12f923b0&scoped=true&lang=css
<s> [webpack.Progress] 43% building 281/325 modules 44 active /workspace/project/xian-explorer/node_modules/@babel/runtime-corejs2/helpers/esm/arrayLikeToArray.js
<s> [webpack.Progress] 43% building 281/326 modules 45 active /workspace/project/xian-explorer/node_modules/vue-loader/lib/loaders/pitcher.js??ref--4!/workspace/project/xian-explorer/node_modules/vue-style-loader/index.js??ref--6-oneOf-1-0!/workspace/project/xian-explorer/node_modules/css-loader/index.js??ref--6-oneOf-1-1!/workspace/project/xian-explorer/node_modules/postcss-loader/src/index.js??ref--6-oneOf-1-2!/workspace/project/xian-explorer/node_modules/cache-loader/dist/cjs.js??ref--0-0!/workspace/project/xian-explorer/node_modules/vue-loader/lib/index.js??vue-loader-options!/workspace/project/xian-explorer/node_modules/eslint-loader/index.js??ref--13-0!/workspace/project/xian-explorer/src/components/ModernPageTx.vue?vue&type=style&index=0&id=4be656bc&scoped=true&lang=css
<s> [webpack.Progress] 43% building 282/326 modules 44 active /workspace/project/xian-explorer/node_modules/@babel/runtime-corejs2/helpers/esm/arrayLikeToArray.js
<s> [webpack.Progress] 43% building 282/327 modules 45 active /workspace/project/xian-explorer/node_modules/vue-loader/lib/loaders/pitcher.js??ref--4!/workspace/project/xian-explorer/node_modules/vue-style-loader/index.js??ref--11-oneOf-1-0!/workspace/project/xian-explorer/node_modules/css-loader/index.js??ref--11-oneOf-1-1!/workspace/project/xian-explorer/node_modules/postcss-loader/src/index.js??ref--11-oneOf-1-2!/workspace/project/xian-explorer/node_modules/stylus-loader/index.js??ref--11-oneOf-1-3!/workspace/project/xian-explorer/node_modules/cache-loader/dist/cjs.js??ref--0-0!/workspace/project/xian-explorer/node_modules/vue-loader/lib/index.js??vue-loader-options!/workspace/project/xian-explorer/node_modules/eslint-loader/index.js??ref--13-0!/workspace/project/xian-explorer/src/components/ModernApp.vue?vue&type=style&index=0&id=1f7bb582&lang=stylus
<s> [webpack.Progress] 43% building 283/327 modules 44 active /workspace/project/xian-explorer/node_modules/@babel/runtime-corejs2/helpers/esm/arrayLikeToArray.js
Browserslist: caniuse-lite is outdated. Please run:
  npx update-browserslist-db@latest
  Why you should do it regularly: https://github.com/browserslist/update-db#readme
<s> [webpack.Progress] 44% building 284/327 modules 43 active /workspace/project/xian-explorer/node_modules/@babel/runtime-corejs2/helpers/esm/arrayLikeToArray.js
<s> [webpack.Progress] 44% building 285/327 modules 42 active /workspace/project/xian-explorer/node_modules/@babel/runtime-corejs2/helpers/esm/arrayLikeToArray.js
<s> [webpack.Progress] 44% building 286/327 modules 41 active /workspace/project/xian-explorer/node_modules/@babel/runtime-corejs2/helpers/esm/arrayLikeToArray.js
<s> [webpack.Progress] 44% building 287/327 modules 40 active /workspace/project/xian-explorer/node_modules/@babel/runtime-corejs2/helpers/esm/arrayLikeToArray.js
<s> [webpack.Progress] 44% building 288/327 modules 39 active /workspace/project/xian-explorer/node_modules/@babel/runtime-corejs2/helpers/esm/arrayLikeToArray.js
<s> [webpack.Progress] 44% building 289/327 modules 38 active /workspace/project/xian-explorer/node_modules/@babel/runtime-corejs2/helpers/esm/arrayLikeToArray.js
<s> [webpack.Progress] 44% building 290/327 modules 37 active /workspace/project/xian-explorer/node_modules/@babel/runtime-corejs2/helpers/esm/arrayLikeToArray.js
<s> [webpack.Progress] 44% building 291/327 modules 36 active /workspace/project/xian-explorer/node_modules/@babel/runtime-corejs2/helpers/esm/arrayLikeToArray.js
<s> [webpack.Progress] 45% building 292/327 modules 35 active /workspace/project/xian-explorer/node_modules/@babel/runtime-corejs2/helpers/esm/arrayLikeToArray.js
<s> [webpack.Progress] 45% building 293/327 modules 34 active /workspace/project/xian-explorer/node_modules/@babel/runtime-corejs2/helpers/esm/arrayLikeToArray.js
<s> [webpack.Progress] 45% building 293/328 modules 35 active /workspace/project/xian-explorer/node_modules/moment/moment.js
<s> [webpack.Progress] 45% building 294/328 modules 34 active /workspace/project/xian-explorer/node_modules/moment/moment.js
<s> [webpack.Progress] 45% building 294/329 modules 35 active /workspace/project/xian-explorer/node_modules/vue-loader/lib/loaders/pitcher.js??ref--4!/workspace/project/xian-explorer/node_modules/vue-style-loader/index.js??ref--11-oneOf-1-0!/workspace/project/xian-explorer/node_modules/css-loader/index.js??ref--11-oneOf-1-1!/workspace/project/xian-explorer/node_modules/postcss-loader/src/index.js??ref--11-oneOf-1-2!/workspace/project/xian-explorer/node_modules/stylus-loader/index.js??ref--11-oneOf-1-3!/workspace/project/xian-explorer/node_modules/vue-style-loader/index.js??ref--11-oneOf-1-0!/workspace/project/xian-explorer/node_modules/css-loader/index.js??ref--11-oneOf-1-1!/workspace/project/xian-explorer/node_modules/postcss-loader/src/index.js??ref--11-oneOf-1-2!/workspace/project/xian-explorer/node_modules/stylus-loader/index.js??ref--11-oneOf-1-3!/workspace/project/xian-explorer/src/styles/app.styl?vue&type=style&index=0&lang=stylus&external
<s> [webpack.Progress] 45% building 295/329 modules 34 active /workspace/project/xian-explorer/node_modules/moment/moment.js
<s> [webpack.Progress] 45% building 295/330 modules 35 active /workspace/project/xian-explorer/node_modules/call-bind/callBound.js
<s> [webpack.Progress] 45% building 295/331 modules 36 active /workspace/project/xian-explorer/node_modules/es-errors/type.js
<s> [webpack.Progress] 45% building 296/331 modules 35 active /workspace/project/xian-explorer/node_modules/es-errors/type.js
<s> [webpack.Progress] 45% building 297/331 modules 34 active /workspace/project/xian-explorer/node_modules/es-errors/type.js
<s> [webpack.Progress] 45% building 298/331 modules 33 active /workspace/project/xian-explorer/node_modules/es-errors/type.js
<s> [webpack.Progress] 45% building 299/331 modules 32 active /workspace/project/xian-explorer/node_modules/es-errors/type.js
<s> [webpack.Progress] 46% building 300/331 modules 31 active /workspace/project/xian-explorer/node_modules/es-errors/type.js
<s> [webpack.Progress] 46% building 301/331 modules 30 active /workspace/project/xian-explorer/node_modules/es-errors/type.js
<s> [webpack.Progress] 46% building 302/331 modules 29 active /workspace/project/xian-explorer/node_modules/es-errors/type.js
<s> [webpack.Progress] 46% building 303/331 modules 28 active /workspace/project/xian-explorer/node_modules/es-errors/type.js
<s> [webpack.Progress] 46% building 304/331 modules 27 active /workspace/project/xian-explorer/node_modules/es-errors/type.js
<s> [webpack.Progress] 46% building 305/331 modules 26 active /workspace/project/xian-explorer/node_modules/es-errors/type.js
<s> [webpack.Progress] 46% building 306/331 modules 25 active /workspace/project/xian-explorer/node_modules/es-errors/type.js
<s> [webpack.Progress] 46% building 307/331 modules 24 active /workspace/project/xian-explorer/node_modules/es-errors/type.js
<s> [webpack.Progress] 46% building 308/331 modules 23 active /workspace/project/xian-explorer/node_modules/es-errors/type.js
<s> [webpack.Progress] 47% building 309/331 modules 22 active /workspace/project/xian-explorer/node_modules/es-errors/type.js
<s> [webpack.Progress] 47% building 310/331 modules 21 active /workspace/project/xian-explorer/node_modules/es-errors/type.js
<s> [webpack.Progress] 47% building 311/331 modules 20 active /workspace/project/xian-explorer/node_modules/es-errors/type.js
<s> [webpack.Progress] 47% building 312/331 modules 19 active /workspace/project/xian-explorer/node_modules/es-errors/type.js
<s> [webpack.Progress] 47% building 313/331 modules 18 active /workspace/project/xian-explorer/node_modules/es-errors/type.js
<s> [webpack.Progress] 47% building 314/331 modules 17 active /workspace/project/xian-explorer/node_modules/es-errors/type.js
<s> [webpack.Progress] 47% building 315/331 modules 16 active /workspace/project/xian-explorer/node_modules/es-errors/type.js
<s> [webpack.Progress] 47% building 316/331 modules 15 active /workspace/project/xian-explorer/node_modules/es-errors/type.js
<s> [webpack.Progress] 48% building 317/331 modules 14 active /workspace/project/xian-explorer/node_modules/es-errors/type.js
<s> [webpack.Progress] 48% building 317/332 modules 15 active /workspace/project/xian-explorer/node_modules/core-js/library/fn/symbol/to-primitive.js
<s> [webpack.Progress] 48% building 317/333 modules 16 active /workspace/project/xian-explorer/node_modules/@babel/runtime-corejs2/helpers/esm/nonIterableSpread.js
<s> [webpack.Progress] 48% building 317/334 modules 17 active /workspace/project/xian-explorer/node_modules/@babel/runtime-corejs2/helpers/esm/iterableToArray.js
<s> [webpack.Progress] 48% building 317/335 modules 18 active /workspace/project/xian-explorer/node_modules/vue-style-loader/index.js??ref--11-oneOf-1-0!/workspace/project/xian-explorer/node_modules/css-loader/index.js??ref--11-oneOf-1-1!/workspace/project/xian-explorer/node_modules/vue-loader/lib/loaders/stylePostLoader.js!/workspace/project/xian-explorer/node_modules/postcss-loader/src/index.js??ref--11-oneOf-1-2!/workspace/project/xian-explorer/node_modules/stylus-loader/index.js??ref--11-oneOf-1-3!/workspace/project/xian-explorer/node_modules/cache-loader/dist/cjs.js??ref--0-0!/workspace/project/xian-explorer/node_modules/vue-loader/lib/index.js??vue-loader-options!/workspace/project/xian-explorer/src/app.vue?vue&type=style&index=1&id=5ef48958&lang=stylus
<s> [webpack.Progress] 48% building 318/335 modules 17 active /workspace/project/xian-explorer/node_modules/@babel/runtime-corejs2/helpers/esm/iterableToArray.js
<s> [webpack.Progress] 48% building 318/336 modules 18 active /workspace/project/xian-explorer/node_modules/vue-style-loader/index.js??ref--11-oneOf-1-0!/workspace/project/xian-explorer/node_modules/css-loader/index.js??ref--11-oneOf-1-1!/workspace/project/xian-explorer/node_modules/vue-loader/lib/loaders/stylePostLoader.js!/workspace/project/xian-explorer/node_modules/postcss-loader/src/index.js??ref--11-oneOf-1-2!/workspace/project/xian-explorer/node_modules/stylus-loader/index.js??ref--11-oneOf-1-3!/workspace/project/xian-explorer/node_modules/cache-loader/dist/cjs.js??ref--0-0!/workspace/project/xian-explorer/node_modules/vue-loader/lib/index.js??vue-loader-options!/workspace/project/xian-explorer/src/components/ModernPageIndex.vue?vue&type=style&index=0&id=5900f724&lang=stylus&scoped=true
<s> [webpack.Progress] 48% building 319/336 modules 17 active /workspace/project/xian-explorer/node_modules/@babel/runtime-corejs2/helpers/esm/iterableToArray.js
<s> [webpack.Progress] 48% building 319/337 modules 18 active /workspace/project/xian-explorer/node_modules/vue-style-loader/index.js??ref--11-oneOf-1-0!/workspace/project/xian-explorer/node_modules/css-loader/index.js??ref--11-oneOf-1-1!/workspace/project/xian-explorer/node_modules/vue-loader/lib/loaders/stylePostLoader.js!/workspace/project/xian-explorer/node_modules/postcss-loader/src/index.js??ref--11-oneOf-1-2!/workspace/project/xian-explorer/node_modules/stylus-loader/index.js??ref--11-oneOf-1-3!/workspace/project/xian-explorer/node_modules/cache-loader/dist/cjs.js??ref--0-0!/workspace/project/xian-explorer/node_modules/vue-loader/lib/index.js??vue-loader-options!/workspace/project/xian-explorer/src/components/ModernPageBlocks.vue?vue&type=style&index=0&id=2a1fe0b8&lang=stylus&scoped=true
<s> [webpack.Progress] 48% building 320/337 modules 17 active /workspace/project/xian-explorer/node_modules/@babel/runtime-corejs2/helpers/esm/iterableToArray.js
<s> [webpack.Progress] 48% building 320/338 modules 18 active /workspace/project/xian-explorer/node_modules/vue-style-loader/index.js??ref--11-oneOf-1-0!/workspace/project/xian-explorer/node_modules/css-loader/index.js??ref--11-oneOf-1-1!/workspace/project/xian-explorer/node_modules/vue-loader/lib/loaders/stylePostLoader.js!/workspace/project/xian-explorer/node_modules/postcss-loader/src/index.js??ref--11-oneOf-1-2!/workspace/project/xian-explorer/node_modules/stylus-loader/index.js??ref--11-oneOf-1-3!/workspace/project/xian-explorer/node_modules/cache-loader/dist/cjs.js??ref--0-0!/workspace/project/xian-explorer/node_modules/vue-loader/lib/index.js??vue-loader-options!/workspace/project/xian-explorer/src/components/ModernPageTxs.vue?vue&type=style&index=0&id=6b3960c1&lang=stylus&scoped=true
<s> [webpack.Progress] 48% building 321/338 modules 17 active /workspace/project/xian-explorer/node_modules/@babel/runtime-corejs2/helpers/esm/iterableToArray.js
<s> [webpack.Progress] 48% building 321/339 modules 18 active /workspace/project/xian-explorer/node_modules/vue-style-loader/index.js??ref--11-oneOf-1-0!/workspace/project/xian-explorer/node_modules/css-loader/index.js??ref--11-oneOf-1-1!/workspace/project/xian-explorer/node_modules/vue-loader/lib/loaders/stylePostLoader.js!/workspace/project/xian-explorer/node_modules/postcss-loader/src/index.js??ref--11-oneOf-1-2!/workspace/project/xian-explorer/node_modules/stylus-loader/index.js??ref--11-oneOf-1-3!/workspace/project/xian-explorer/node_modules/cache-loader/dist/cjs.js??ref--0-0!/workspace/project/xian-explorer/node_modules/vue-loader/lib/index.js??vue-loader-options!/workspace/project/xian-explorer/src/components/PageSearch.vue?vue&type=style&index=0&id=090603c7&lang=stylus
<s> [webpack.Progress] 48% building 322/339 modules 17 active /workspace/project/xian-explorer/node_modules/@babel/runtime-corejs2/helpers/esm/iterableToArray.js
<s> [webpack.Progress] 48% building 322/340 modules 18 active /workspace/project/xian-explorer/node_modules/vue-style-loader/index.js??ref--6-oneOf-1-0!/workspace/project/xian-explorer/node_modules/css-loader/index.js??ref--6-oneOf-1-1!/workspace/project/xian-explorer/node_modules/vue-loader/lib/loaders/stylePostLoader.js!/workspace/project/xian-explorer/node_modules/postcss-loader/src/index.js??ref--6-oneOf-1-2!/workspace/project/xian-explorer/node_modules/cache-loader/dist/cjs.js??ref--0-0!/workspace/project/xian-explorer/node_modules/vue-loader/lib/index.js??vue-loader-options!/workspace/project/xian-explorer/src/components/ModernPageBlock.vue?vue&type=style&index=0&id=85b98542&scoped=true&lang=css
<s> [webpack.Progress] 48% building 323/340 modules 17 active /workspace/project/xian-explorer/node_modules/@babel/runtime-corejs2/helpers/esm/iterableToArray.js
<s> [webpack.Progress] 48% building 323/341 modules 18 active /workspace/project/xian-explorer/node_modules/vue-style-loader/index.js??ref--11-oneOf-1-0!/workspace/project/xian-explorer/node_modules/css-loader/index.js??ref--11-oneOf-1-1!/workspace/project/xian-explorer/node_modules/vue-loader/lib/loaders/stylePostLoader.js!/workspace/project/xian-explorer/node_modules/postcss-loader/src/index.js??ref--11-oneOf-1-2!/workspace/project/xian-explorer/node_modules/stylus-loader/index.js??ref--11-oneOf-1-3!/workspace/project/xian-explorer/node_modules/cache-loader/dist/cjs.js??ref--0-0!/workspace/project/xian-explorer/node_modules/vue-loader/lib/index.js??vue-loader-options!/workspace/project/xian-explorer/src/components/ModernPageContracts.vue?vue&type=style&index=0&id=4fd6f373&lang=stylus&scoped=true
<s> [webpack.Progress] 48% building 324/341 modules 17 active /workspace/project/xian-explorer/node_modules/@babel/runtime-corejs2/helpers/esm/iterableToArray.js
<s> [webpack.Progress] 48% building 324/342 modules 18 active /workspace/project/xian-explorer/node_modules/vue-style-loader/index.js??ref--11-oneOf-1-0!/workspace/project/xian-explorer/node_modules/css-loader/index.js??ref--11-oneOf-1-1!/workspace/project/xian-explorer/node_modules/vue-loader/lib/loaders/stylePostLoader.js!/workspace/project/xian-explorer/node_modules/postcss-loader/src/index.js??ref--11-oneOf-1-2!/workspace/project/xian-explorer/node_modules/stylus-loader/index.js??ref--11-oneOf-1-3!/workspace/project/xian-explorer/node_modules/cache-loader/dist/cjs.js??ref--0-0!/workspace/project/xian-explorer/node_modules/vue-loader/lib/index.js??vue-loader-options!/workspace/project/xian-explorer/src/components/PageValidator.vue?vue&type=style&index=0&id=926077fa&lang=stylus
<s> [webpack.Progress] 49% building 325/342 modules 17 active /workspace/project/xian-explorer/node_modules/@babel/runtime-corejs2/helpers/esm/iterableToArray.js
<s> [webpack.Progress] 49% building 325/343 modules 18 active /workspace/project/xian-explorer/node_modules/vue-style-loader/index.js??ref--6-oneOf-1-0!/workspace/project/xian-explorer/node_modules/css-loader/index.js??ref--6-oneOf-1-1!/workspace/project/xian-explorer/node_modules/vue-loader/lib/loaders/stylePostLoader.js!/workspace/project/xian-explorer/node_modules/postcss-loader/src/index.js??ref--6-oneOf-1-2!/workspace/project/xian-explorer/node_modules/cache-loader/dist/cjs.js??ref--0-0!/workspace/project/xian-explorer/node_modules/vue-loader/lib/index.js??vue-loader-options!/workspace/project/xian-explorer/src/components/ModernPageAddress.vue?vue&type=style&index=0&id=8d2e7a74&scoped=true&lang=css
<s> [webpack.Progress] 49% building 326/343 modules 17 active /workspace/project/xian-explorer/node_modules/@babel/runtime-corejs2/helpers/esm/iterableToArray.js
<s> [webpack.Progress] 49% building 326/344 modules 18 active /workspace/project/xian-explorer/node_modules/vue-style-loader/index.js??ref--11-oneOf-1-0!/workspace/project/xian-explorer/node_modules/css-loader/index.js??ref--11-oneOf-1-1!/workspace/project/xian-explorer/node_modules/vue-loader/lib/loaders/stylePostLoader.js!/workspace/project/xian-explorer/node_modules/postcss-loader/src/index.js??ref--11-oneOf-1-2!/workspace/project/xian-explorer/node_modules/stylus-loader/index.js??ref--11-oneOf-1-3!/workspace/project/xian-explorer/node_modules/cache-loader/dist/cjs.js??ref--0-0!/workspace/project/xian-explorer/node_modules/vue-loader/lib/index.js??vue-loader-options!/workspace/project/xian-explorer/src/components/ModernPageAddresses.vue?vue&type=style&index=0&id=5fd374f4&lang=stylus&scoped=true
<s> [webpack.Progress] 49% building 327/344 modules 17 active /workspace/project/xian-explorer/node_modules/@babel/runtime-corejs2/helpers/esm/iterableToArray.js
<s> [webpack.Progress] 49% building 327/345 modules 18 active /workspace/project/xian-explorer/node_modules/vue-style-loader/index.js??ref--6-oneOf-1-0!/workspace/project/xian-explorer/node_modules/css-loader/index.js??ref--6-oneOf-1-1!/workspace/project/xian-explorer/node_modules/vue-loader/lib/loaders/stylePostLoader.js!/workspace/project/xian-explorer/node_modules/postcss-loader/src/index.js??ref--6-oneOf-1-2!/workspace/project/xian-explorer/node_modules/cache-loader/dist/cjs.js??ref--0-0!/workspace/project/xian-explorer/node_modules/vue-loader/lib/index.js??vue-loader-options!/workspace/project/xian-explorer/src/components/ModernPageToken.vue?vue&type=style&index=0&id=dcdcc66a&scoped=true&lang=css
<s> [webpack.Progress] 49% building 328/345 modules 17 active /workspace/project/xian-explorer/node_modules/@babel/runtime-corejs2/helpers/esm/iterableToArray.js
<s> [webpack.Progress] 49% building 328/346 modules 18 active /workspace/project/xian-explorer/node_modules/vue-style-loader/index.js??ref--11-oneOf-1-0!/workspace/project/xian-explorer/node_modules/css-loader/index.js??ref--11-oneOf-1-1!/workspace/project/xian-explorer/node_modules/vue-loader/lib/loaders/stylePostLoader.js!/workspace/project/xian-explorer/node_modules/postcss-loader/src/index.js??ref--11-oneOf-1-2!/workspace/project/xian-explorer/node_modules/stylus-loader/index.js??ref--11-oneOf-1-3!/workspace/project/xian-explorer/node_modules/cache-loader/dist/cjs.js??ref--0-0!/workspace/project/xian-explorer/node_modules/vue-loader/lib/index.js??vue-loader-options!/workspace/project/xian-explorer/src/components/ModernPageTokens.vue?vue&type=style&index=0&id=b764c490&lang=stylus&scoped=true
<s> [webpack.Progress] 49% building 329/346 modules 17 active /workspace/project/xian-explorer/node_modules/@babel/runtime-corejs2/helpers/esm/iterableToArray.js
<s> [webpack.Progress] 49% building 329/347 modules 18 active /workspace/project/xian-explorer/node_modules/vue-style-loader/index.js??ref--6-oneOf-1-0!/workspace/project/xian-explorer/node_modules/css-loader/index.js??ref--6-oneOf-1-1!/workspace/project/xian-explorer/node_modules/vue-loader/lib/loaders/stylePostLoader.js!/workspace/project/xian-explorer/node_modules/postcss-loader/src/index.js??ref--6-oneOf-1-2!/workspace/project/xian-explorer/node_modules/cache-loader/dist/cjs.js??ref--0-0!/workspace/project/xian-explorer/node_modules/vue-loader/lib/index.js??vue-loader-options!/workspace/project/xian-explorer/src/components/ModernPageContract.vue?vue&type=style&index=0&id=12f923b0&scoped=true&lang=css
<s> [webpack.Progress] 49% building 330/347 modules 17 active /workspace/project/xian-explorer/node_modules/@babel/runtime-corejs2/helpers/esm/iterableToArray.js
<s> [webpack.Progress] 49% building 330/348 modules 18 active /workspace/project/xian-explorer/node_modules/vue-style-loader/index.js??ref--6-oneOf-1-0!/workspace/project/xian-explorer/node_modules/css-loader/index.js??ref--6-oneOf-1-1!/workspace/project/xian-explorer/node_modules/vue-loader/lib/loaders/stylePostLoader.js!/workspace/project/xian-explorer/node_modules/postcss-loader/src/index.js??ref--6-oneOf-1-2!/workspace/project/xian-explorer/node_modules/cache-loader/dist/cjs.js??ref--0-0!/workspace/project/xian-explorer/node_modules/vue-loader/lib/index.js??vue-loader-options!/workspace/project/xian-explorer/src/components/ModernPageTx.vue?vue&type=style&index=0&id=4be656bc&scoped=true&lang=css
<s> [webpack.Progress] 49% building 331/348 modules 17 active /workspace/project/xian-explorer/node_modules/@babel/runtime-corejs2/helpers/esm/iterableToArray.js
<s> [webpack.Progress] 49% building 331/349 modules 18 active /workspace/project/xian-explorer/node_modules/vue-style-loader/index.js??ref--11-oneOf-1-0!/workspace/project/xian-explorer/node_modules/css-loader/index.js??ref--11-oneOf-1-1!/workspace/project/xian-explorer/node_modules/vue-loader/lib/loaders/stylePostLoader.js!/workspace/project/xian-explorer/node_modules/postcss-loader/src/index.js??ref--11-oneOf-1-2!/workspace/project/xian-explorer/node_modules/stylus-loader/index.js??ref--11-oneOf-1-3!/workspace/project/xian-explorer/node_modules/cache-loader/dist/cjs.js??ref--0-0!/workspace/project/xian-explorer/node_modules/vue-loader/lib/index.js??vue-loader-options!/workspace/project/xian-explorer/src/components/ModernApp.vue?vue&type=style&index=0&id=1f7bb582&lang=stylus
<s> [webpack.Progress] 49% building 332/349 modules 17 active /workspace/project/xian-explorer/node_modules/@babel/runtime-corejs2/helpers/esm/iterableToArray.js
<s> [webpack.Progress] 49% building 332/350 modules 18 active /workspace/project/xian-explorer/node_modules/vue-style-loader/index.js??ref--11-oneOf-1-0!/workspace/project/xian-explorer/node_modules/css-loader/index.js??ref--11-oneOf-1-1!/workspace/project/xian-explorer/node_modules/vue-loader/lib/loaders/stylePostLoader.js!/workspace/project/xian-explorer/node_modules/postcss-loader/src/index.js??ref--11-oneOf-1-2!/workspace/project/xian-explorer/node_modules/stylus-loader/index.js??ref--11-oneOf-1-3!/workspace/project/xian-explorer/src/styles/app.styl?vue&type=style&index=0&lang=stylus&external
<s> [webpack.Progress] 49% building 333/350 modules 17 active /workspace/project/xian-explorer/node_modules/@babel/runtime-corejs2/helpers/esm/iterableToArray.js
<s> [webpack.Progress] 49% building 333/351 modules 18 active /workspace/project/xian-explorer/node_modules/css-loader/index.js??ref--11-oneOf-1-1!/workspace/project/xian-explorer/node_modules/vue-loader/lib/loaders/stylePostLoader.js!/workspace/project/xian-explorer/node_modules/postcss-loader/src/index.js??ref--11-oneOf-1-2!/workspace/project/xian-explorer/node_modules/stylus-loader/index.js??ref--11-oneOf-1-3!/workspace/project/xian-explorer/node_modules/cache-loader/dist/cjs.js??ref--0-0!/workspace/project/xian-explorer/node_modules/vue-loader/lib/index.js??vue-loader-options!/workspace/project/xian-explorer/src/app.vue?vue&type=style&index=1&id=5ef48958&lang=stylus
<s> [webpack.Progress] 49% building 333/352 modules 19 active /workspace/project/xian-explorer/node_modules/css-loader/index.js??ref--11-oneOf-1-1!/workspace/project/xian-explorer/node_modules/vue-loader/lib/loaders/stylePostLoader.js!/workspace/project/xian-explorer/node_modules/postcss-loader/src/index.js??ref--11-oneOf-1-2!/workspace/project/xian-explorer/node_modules/stylus-loader/index.js??ref--11-oneOf-1-3!/workspace/project/xian-explorer/node_modules/cache-loader/dist/cjs.js??ref--0-0!/workspace/project/xian-explorer/node_modules/vue-loader/lib/index.js??vue-loader-options!/workspace/project/xian-explorer/src/components/ModernPageIndex.vue?vue&type=style&index=0&id=5900f724&lang=stylus&scoped=true
<s> [webpack.Progress] 49% building 333/353 modules 20 active /workspace/project/xian-explorer/node_modules/css-loader/index.js??ref--11-oneOf-1-1!/workspace/project/xian-explorer/node_modules/vue-loader/lib/loaders/stylePostLoader.js!/workspace/project/xian-explorer/node_modules/postcss-loader/src/index.js??ref--11-oneOf-1-2!/workspace/project/xian-explorer/node_modules/stylus-loader/index.js??ref--11-oneOf-1-3!/workspace/project/xian-explorer/node_modules/cache-loader/dist/cjs.js??ref--0-0!/workspace/project/xian-explorer/node_modules/vue-loader/lib/index.js??vue-loader-options!/workspace/project/xian-explorer/src/components/ModernPageBlocks.vue?vue&type=style&index=0&id=2a1fe0b8&lang=stylus&scoped=true
<s> [webpack.Progress] 49% building 333/354 modules 21 active /workspace/project/xian-explorer/node_modules/css-loader/index.js??ref--11-oneOf-1-1!/workspace/project/xian-explorer/node_modules/vue-loader/lib/loaders/stylePostLoader.js!/workspace/project/xian-explorer/node_modules/postcss-loader/src/index.js??ref--11-oneOf-1-2!/workspace/project/xian-explorer/node_modules/stylus-loader/index.js??ref--11-oneOf-1-3!/workspace/project/xian-explorer/node_modules/cache-loader/dist/cjs.js??ref--0-0!/workspace/project/xian-explorer/node_modules/vue-loader/lib/index.js??vue-loader-options!/workspace/project/xian-explorer/src/components/ModernPageTxs.vue?vue&type=style&index=0&id=6b3960c1&lang=stylus&scoped=true
<s> [webpack.Progress] 49% building 333/355 modules 22 active /workspace/project/xian-explorer/node_modules/css-loader/index.js??ref--11-oneOf-1-1!/workspace/project/xian-explorer/node_modules/vue-loader/lib/loaders/stylePostLoader.js!/workspace/project/xian-explorer/node_modules/postcss-loader/src/index.js??ref--11-oneOf-1-2!/workspace/project/xian-explorer/node_modules/stylus-loader/index.js??ref--11-oneOf-1-3!/workspace/project/xian-explorer/node_modules/cache-loader/dist/cjs.js??ref--0-0!/workspace/project/xian-explorer/node_modules/vue-loader/lib/index.js??vue-loader-options!/workspace/project/xian-explorer/src/components/PageSearch.vue?vue&type=style&index=0&id=090603c7&lang=stylus
<s> [webpack.Progress] 49% building 333/356 modules 23 active /workspace/project/xian-explorer/node_modules/css-loader/index.js??ref--6-oneOf-1-1!/workspace/project/xian-explorer/node_modules/vue-loader/lib/loaders/stylePostLoader.js!/workspace/project/xian-explorer/node_modules/postcss-loader/src/index.js??ref--6-oneOf-1-2!/workspace/project/xian-explorer/node_modules/cache-loader/dist/cjs.js??ref--0-0!/workspace/project/xian-explorer/node_modules/vue-loader/lib/index.js??vue-loader-options!/workspace/project/xian-explorer/src/components/ModernPageBlock.vue?vue&type=style&index=0&id=85b98542&scoped=true&lang=css
<s> [webpack.Progress] 49% building 333/357 modules 24 active /workspace/project/xian-explorer/node_modules/css-loader/index.js??ref--11-oneOf-1-1!/workspace/project/xian-explorer/node_modules/vue-loader/lib/loaders/stylePostLoader.js!/workspace/project/xian-explorer/node_modules/postcss-loader/src/index.js??ref--11-oneOf-1-2!/workspace/project/xian-explorer/node_modules/stylus-loader/index.js??ref--11-oneOf-1-3!/workspace/project/xian-explorer/node_modules/cache-loader/dist/cjs.js??ref--0-0!/workspace/project/xian-explorer/node_modules/vue-loader/lib/index.js??vue-loader-options!/workspace/project/xian-explorer/src/components/ModernPageContracts.vue?vue&type=style&index=0&id=4fd6f373&lang=stylus&scoped=true
<s> [webpack.Progress] 49% building 333/358 modules 25 active /workspace/project/xian-explorer/node_modules/css-loader/index.js??ref--11-oneOf-1-1!/workspace/project/xian-explorer/node_modules/vue-loader/lib/loaders/stylePostLoader.js!/workspace/project/xian-explorer/node_modules/postcss-loader/src/index.js??ref--11-oneOf-1-2!/workspace/project/xian-explorer/node_modules/stylus-loader/index.js??ref--11-oneOf-1-3!/workspace/project/xian-explorer/node_modules/cache-loader/dist/cjs.js??ref--0-0!/workspace/project/xian-explorer/node_modules/vue-loader/lib/index.js??vue-loader-options!/workspace/project/xian-explorer/src/components/PageValidator.vue?vue&type=style&index=0&id=926077fa&lang=stylus
<s> [webpack.Progress] 49% building 333/359 modules 26 active /workspace/project/xian-explorer/node_modules/css-loader/index.js??ref--6-oneOf-1-1!/workspace/project/xian-explorer/node_modules/vue-loader/lib/loaders/stylePostLoader.js!/workspace/project/xian-explorer/node_modules/postcss-loader/src/index.js??ref--6-oneOf-1-2!/workspace/project/xian-explorer/node_modules/cache-loader/dist/cjs.js??ref--0-0!/workspace/project/xian-explorer/node_modules/vue-loader/lib/index.js??vue-loader-options!/workspace/project/xian-explorer/src/components/ModernPageAddress.vue?vue&type=style&index=0&id=8d2e7a74&scoped=true&lang=css
<s> [webpack.Progress] 49% building 333/360 modules 27 active /workspace/project/xian-explorer/node_modules/css-loader/index.js??ref--11-oneOf-1-1!/workspace/project/xian-explorer/node_modules/vue-loader/lib/loaders/stylePostLoader.js!/workspace/project/xian-explorer/node_modules/postcss-loader/src/index.js??ref--11-oneOf-1-2!/workspace/project/xian-explorer/node_modules/stylus-loader/index.js??ref--11-oneOf-1-3!/workspace/project/xian-explorer/node_modules/cache-loader/dist/cjs.js??ref--0-0!/workspace/project/xian-explorer/node_modules/vue-loader/lib/index.js??vue-loader-options!/workspace/project/xian-explorer/src/components/ModernPageAddresses.vue?vue&type=style&index=0&id=5fd374f4&lang=stylus&scoped=true
<s> [webpack.Progress] 49% building 333/361 modules 28 active /workspace/project/xian-explorer/node_modules/css-loader/index.js??ref--6-oneOf-1-1!/workspace/project/xian-explorer/node_modules/vue-loader/lib/loaders/stylePostLoader.js!/workspace/project/xian-explorer/node_modules/postcss-loader/src/index.js??ref--6-oneOf-1-2!/workspace/project/xian-explorer/node_modules/cache-loader/dist/cjs.js??ref--0-0!/workspace/project/xian-explorer/node_modules/vue-loader/lib/index.js??vue-loader-options!/workspace/project/xian-explorer/src/components/ModernPageToken.vue?vue&type=style&index=0&id=dcdcc66a&scoped=true&lang=css
<s> [webpack.Progress] 49% building 333/362 modules 29 active /workspace/project/xian-explorer/node_modules/css-loader/index.js??ref--11-oneOf-1-1!/workspace/project/xian-explorer/node_modules/vue-loader/lib/loaders/stylePostLoader.js!/workspace/project/xian-explorer/node_modules/postcss-loader/src/index.js??ref--11-oneOf-1-2!/workspace/project/xian-explorer/node_modules/stylus-loader/index.js??ref--11-oneOf-1-3!/workspace/project/xian-explorer/node_modules/cache-loader/dist/cjs.js??ref--0-0!/workspace/project/xian-explorer/node_modules/vue-loader/lib/index.js??vue-loader-options!/workspace/project/xian-explorer/src/components/ModernPageTokens.vue?vue&type=style&index=0&id=b764c490&lang=stylus&scoped=true
<s> [webpack.Progress] 49% building 333/363 modules 30 active /workspace/project/xian-explorer/node_modules/css-loader/index.js??ref--6-oneOf-1-1!/workspace/project/xian-explorer/node_modules/vue-loader/lib/loaders/stylePostLoader.js!/workspace/project/xian-explorer/node_modules/postcss-loader/src/index.js??ref--6-oneOf-1-2!/workspace/project/xian-explorer/node_modules/cache-loader/dist/cjs.js??ref--0-0!/workspace/project/xian-explorer/node_modules/vue-loader/lib/index.js??vue-loader-options!/workspace/project/xian-explorer/src/components/ModernPageContract.vue?vue&type=style&index=0&id=12f923b0&scoped=true&lang=css
<s> [webpack.Progress] 49% building 333/364 modules 31 active /workspace/project/xian-explorer/node_modules/css-loader/index.js??ref--6-oneOf-1-1!/workspace/project/xian-explorer/node_modules/vue-loader/lib/loaders/stylePostLoader.js!/workspace/project/xian-explorer/node_modules/postcss-loader/src/index.js??ref--6-oneOf-1-2!/workspace/project/xian-explorer/node_modules/cache-loader/dist/cjs.js??ref--0-0!/workspace/project/xian-explorer/node_modules/vue-loader/lib/index.js??vue-loader-options!/workspace/project/xian-explorer/src/components/ModernPageTx.vue?vue&type=style&index=0&id=4be656bc&scoped=true&lang=css
<s> [webpack.Progress] 49% building 333/365 modules 32 active /workspace/project/xian-explorer/node_modules/css-loader/index.js??ref--11-oneOf-1-1!/workspace/project/xian-explorer/node_modules/vue-loader/lib/loaders/stylePostLoader.js!/workspace/project/xian-explorer/node_modules/postcss-loader/src/index.js??ref--11-oneOf-1-2!/workspace/project/xian-explorer/node_modules/stylus-loader/index.js??ref--11-oneOf-1-3!/workspace/project/xian-explorer/node_modules/cache-loader/dist/cjs.js??ref--0-0!/workspace/project/xian-explorer/node_modules/vue-loader/lib/index.js??vue-loader-options!/workspace/project/xian-explorer/src/components/ModernApp.vue?vue&type=style&index=0&id=1f7bb582&lang=stylus
<s> [webpack.Progress] 49% building 333/366 modules 33 active /workspace/project/xian-explorer/node_modules/css-loader/index.js??ref--11-oneOf-1-1!/workspace/project/xian-explorer/node_modules/vue-loader/lib/loaders/stylePostLoader.js!/workspace/project/xian-explorer/node_modules/postcss-loader/src/index.js??ref--11-oneOf-1-2!/workspace/project/xian-explorer/node_modules/stylus-loader/index.js??ref--11-oneOf-1-3!/workspace/project/xian-explorer/src/styles/app.styl?vue&type=style&index=0&lang=stylus&external
<s> [webpack.Progress] 50% building 334/366 modules 32 active /workspace/project/xian-explorer/node_modules/css-loader/index.js??ref--11-oneOf-1-1!/workspace/project/xian-explorer/node_modules/vue-loader/lib/loaders/stylePostLoader.js!/workspace/project/xian-explorer/node_modules/postcss-loader/src/index.js??ref--11-oneOf-1-2!/workspace/project/xian-explorer/node_modules/stylus-loader/index.js??ref--11-oneOf-1-3!/workspace/project/xian-explorer/src/styles/app.styl?vue&type=style&index=0&lang=stylus&external
<s> [webpack.Progress] 50% building 335/366 modules 31 active /workspace/project/xian-explorer/node_modules/css-loader/index.js??ref--11-oneOf-1-1!/workspace/project/xian-explorer/node_modules/vue-loader/lib/loaders/stylePostLoader.js!/workspace/project/xian-explorer/node_modules/postcss-loader/src/index.js??ref--11-oneOf-1-2!/workspace/project/xian-explorer/node_modules/stylus-loader/index.js??ref--11-oneOf-1-3!/workspace/project/xian-explorer/src/styles/app.styl?vue&type=style&index=0&lang=stylus&external
<s> [webpack.Progress] 50% building 336/366 modules 30 active /workspace/project/xian-explorer/node_modules/css-loader/index.js??ref--11-oneOf-1-1!/workspace/project/xian-explorer/node_modules/vue-loader/lib/loaders/stylePostLoader.js!/workspace/project/xian-explorer/node_modules/postcss-loader/src/index.js??ref--11-oneOf-1-2!/workspace/project/xian-explorer/node_modules/stylus-loader/index.js??ref--11-oneOf-1-3!/workspace/project/xian-explorer/src/styles/app.styl?vue&type=style&index=0&lang=stylus&external
<s> [webpack.Progress] 50% building 336/367 modules 31 active /workspace/project/xian-explorer/node_modules/@tendermint/ui/src/index.js
<s> [webpack.Progress] 50% building 337/367 modules 30 active /workspace/project/xian-explorer/node_modules/@tendermint/ui/src/index.js
<s> [webpack.Progress] 50% building 337/368 modules 31 active /workspace/project/xian-explorer/node_modules/core-js/modules/_string-pad.js
<s> [webpack.Progress] 50% building 337/369 modules 32 active /workspace/project/xian-explorer/node_modules/cache-loader/dist/cjs.js??ref--0-0!/workspace/project/xian-explorer/node_modules/vue-loader/lib/index.js??vue-loader-options!/workspace/project/xian-explorer/node_modules/eslint-loader/index.js??ref--13-0!/workspace/project/xian-explorer/src/components/ModernAppHeader.vue
<s> [webpack.Progress] 50% building 338/369 modules 31 active /workspace/project/xian-explorer/node_modules/cache-loader/dist/cjs.js??ref--0-0!/workspace/project/xian-explorer/node_modules/vue-loader/lib/index.js??vue-loader-options!/workspace/project/xian-explorer/node_modules/eslint-loader/index.js??ref--13-0!/workspace/project/xian-explorer/src/components/ModernAppHeader.vue
<s> [webpack.Progress] 50% building 339/369 modules 30 active /workspace/project/xian-explorer/node_modules/cache-loader/dist/cjs.js??ref--0-0!/workspace/project/xian-explorer/node_modules/vue-loader/lib/index.js??vue-loader-options!/workspace/project/xian-explorer/node_modules/eslint-loader/index.js??ref--13-0!/workspace/project/xian-explorer/src/components/ModernAppHeader.vue
<s> [webpack.Progress] 50% building 340/369 modules 29 active /workspace/project/xian-explorer/node_modules/cache-loader/dist/cjs.js??ref--0-0!/workspace/project/xian-explorer/node_modules/vue-loader/lib/index.js??vue-loader-options!/workspace/project/xian-explorer/node_modules/eslint-loader/index.js??ref--13-0!/workspace/project/xian-explorer/src/components/ModernAppHeader.vue
<s> [webpack.Progress] 50% building 340/370 modules 30 active /workspace/project/xian-explorer/node_modules/axios/lib/axios.js
<s> [webpack.Progress] 50% building 340/371 modules 31 active /workspace/project/xian-explorer/node_modules/core-js/library/modules/es6.object.to-string.js
<s> [webpack.Progress] 50% building 340/372 modules 32 active /workspace/project/xian-explorer/node_modules/core-js/library/modules/es6.object.define-property.js
<s> [webpack.Progress] 50% building 340/373 modules 33 active /workspace/project/xian-explorer/node_modules/core-js/library/modules/_core.js
<s> [webpack.Progress] 50% building 340/374 modules 34 active /workspace/project/xian-explorer/node_modules/core-js/library/modules/es7.promise.try.js
<s> [webpack.Progress] 50% building 340/375 modules 35 active /workspace/project/xian-explorer/node_modules/core-js/library/modules/es7.promise.finally.js
<s> [webpack.Progress] 50% building 340/376 modules 36 active /workspace/project/xian-explorer/node_modules/core-js/library/modules/es6.promise.js
<s> [webpack.Progress] 50% building 340/377 modules 37 active /workspace/project/xian-explorer/node_modules/core-js/library/modules/web.dom.iterable.js
<s> [webpack.Progress] 50% building 340/378 modules 38 active /workspace/project/xian-explorer/node_modules/core-js/library/modules/es6.string.iterator.js
<s> [webpack.Progress] 50% building 341/378 modules 37 active /workspace/project/xian-explorer/node_modules/core-js/library/modules/es6.string.iterator.js
<s> [webpack.Progress] 51% building 342/378 modules 36 active /workspace/project/xian-explorer/node_modules/core-js/library/modules/es6.string.iterator.js
<s> [webpack.Progress] 51% building 343/378 modules 35 active /workspace/project/xian-explorer/node_modules/core-js/library/modules/es6.string.iterator.js
<s> [webpack.Progress] 51% building 344/378 modules 34 active /workspace/project/xian-explorer/node_modules/core-js/library/modules/es6.string.iterator.js
<s> [webpack.Progress] 51% building 344/379 modules 35 active /workspace/project/xian-explorer/node_modules/moment/locale sync /^\.\/.*$/
<s> [webpack.Progress] 51% building 345/379 modules 34 active /workspace/project/xian-explorer/node_modules/moment/locale sync /^\.\/.*$/
<s> [webpack.Progress] 51% building 346/379 modules 33 active /workspace/project/xian-explorer/node_modules/moment/locale sync /^\.\/.*$/
<s> [webpack.Progress] 51% building 346/380 modules 34 active /workspace/project/xian-explorer/node_modules/core-js/modules/_own-keys.js
<s> [webpack.Progress] 51% building 346/381 modules 35 active /workspace/project/xian-explorer/node_modules/create-hash/browser.js
<s> [webpack.Progress] 51% building 346/382 modules 36 active /workspace/project/xian-explorer/node_modules/tweetnacl/nacl-fast.js
<s> [webpack.Progress] 51% building 346/383 modules 37 active /workspace/project/xian-explorer/node_modules/tweetnacl-util/nacl-util.js
<s> [webpack.Progress] 51% building 347/383 modules 36 active /workspace/project/xian-explorer/node_modules/tweetnacl-util/nacl-util.js
<s> [webpack.Progress] 51% building 348/383 modules 35 active /workspace/project/xian-explorer/node_modules/tweetnacl-util/nacl-util.js
<s> [webpack.Progress] 51% building 348/384 modules 36 active /workspace/project/xian-explorer/node_modules/core-js/modules/_string-ws.js
<s> [webpack.Progress] 51% building 349/384 modules 35 active /workspace/project/xian-explorer/node_modules/core-js/modules/_string-ws.js
<s> [webpack.Progress] 52% building 350/384 modules 34 active /workspace/project/xian-explorer/node_modules/core-js/modules/_string-ws.js
<s> [webpack.Progress] 52% building 351/384 modules 33 active /workspace/project/xian-explorer/node_modules/core-js/modules/_string-ws.js
<s> [webpack.Progress] 52% building 352/384 modules 32 active /workspace/project/xian-explorer/node_modules/core-js/modules/_string-ws.js
<s> [webpack.Progress] 52% building 353/384 modules 31 active /workspace/project/xian-explorer/node_modules/core-js/modules/_string-ws.js
<s> [webpack.Progress] 52% building 354/384 modules 30 active /workspace/project/xian-explorer/node_modules/core-js/modules/_string-ws.js
<s> [webpack.Progress] 52% building 355/384 modules 29 active /workspace/project/xian-explorer/node_modules/core-js/modules/_string-ws.js
<s> [webpack.Progress] 52% building 356/384 modules 28 active /workspace/project/xian-explorer/node_modules/core-js/modules/_string-ws.js
<s> [webpack.Progress] 52% building 357/384 modules 27 active /workspace/project/xian-explorer/node_modules/core-js/modules/_string-ws.js
<s> [webpack.Progress] 52% building 357/385 modules 28 active /workspace/project/xian-explorer/node_modules/core-js/library/modules/es6.array.is-array.js
<s> [webpack.Progress] 52% building 357/386 modules 29 active /workspace/project/xian-explorer/node_modules/core-js/library/modules/es6.array.from.js
<s> [webpack.Progress] 52% building 357/387 modules 30 active /workspace/project/xian-explorer/node_modules/core-js/library/modules/es6.symbol.js
<s> [webpack.Progress] 52% building 357/388 modules 31 active /workspace/project/xian-explorer/node_modules/core-js/library/modules/es7.symbol.async-iterator.js
<s> [webpack.Progress] 52% building 357/389 modules 32 active /workspace/project/xian-explorer/node_modules/core-js/library/modules/es7.symbol.observable.js
<s> [webpack.Progress] 52% building 358/389 modules 31 active /workspace/project/xian-explorer/node_modules/core-js/library/modules/es7.symbol.observable.js
<s> [webpack.Progress] 52% building 358/390 modules 32 active /workspace/project/xian-explorer/node_modules/vue-style-loader/lib/addStylesClient.js
<s> [webpack.Progress] 52% building 358/391 modules 33 active /workspace/project/xian-explorer/node_modules/call-bind/index.js
<s> [webpack.Progress] 52% building 358/392 modules 34 active /workspace/project/xian-explorer/node_modules/core-js/modules/_array-species-constructor.js
<s> [webpack.Progress] 52% building 358/393 modules 35 active /workspace/project/xian-explorer/node_modules/core-js/modules/_set-proto.js
<s> [webpack.Progress] 53% building 359/393 modules 34 active /workspace/project/xian-explorer/node_modules/core-js/modules/_set-proto.js
<s> [webpack.Progress] 53% building 360/393 modules 33 active /workspace/project/xian-explorer/node_modules/core-js/modules/_set-proto.js
<s> [webpack.Progress] 53% building 360/394 modules 34 active /workspace/project/xian-explorer/node_modules/lodash/lodash.js
<s> [webpack.Progress] 53% building 361/394 modules 33 active /workspace/project/xian-explorer/node_modules/core-js/modules/_set-proto.js
<s> [webpack.Progress] 53% building 361/395 modules 34 active /workspace/project/xian-explorer/node_modules/core-js/library/modules/_wks-ext.js
<s> [webpack.Progress] 53% building 361/396 modules 35 active /workspace/project/xian-explorer/node_modules/moment/locale/zh-tw.js
<s> [webpack.Progress] 53% building 361/397 modules 36 active /workspace/project/xian-explorer/node_modules/moment/locale/zh-mo.js
<s> [webpack.Progress] 53% building 361/398 modules 37 active /workspace/project/xian-explorer/node_modules/moment/locale/zh-hk.js
<s> [webpack.Progress] 53% building 361/399 modules 38 active /workspace/project/xian-explorer/node_modules/moment/locale/zh-cn.js
<s> [webpack.Progress] 53% building 361/400 modules 39 active /workspace/project/xian-explorer/node_modules/moment/locale/yo.js
<s> [webpack.Progress] 53% building 361/401 modules 40 active /workspace/project/xian-explorer/node_modules/moment/locale/x-pseudo.js
<s> [webpack.Progress] 53% building 361/402 modules 41 active /workspace/project/xian-explorer/node_modules/moment/locale/vi.js
<s> [webpack.Progress] 53% building 361/403 modules 42 active /workspace/project/xian-explorer/node_modules/moment/locale/uz.js
<s> [webpack.Progress] 53% building 361/404 modules 43 active /workspace/project/xian-explorer/node_modules/object-inspect/index.js
<s> [webpack.Progress] 53% building 361/405 modules 44 active /workspace/project/xian-explorer/node_modules/get-intrinsic/index.js
<s> [webpack.Progress] 53% building 362/405 modules 43 active /workspace/project/xian-explorer/node_modules/get-intrinsic/index.js
<s> [webpack.Progress] 53% building 363/405 modules 42 active /workspace/project/xian-explorer/node_modules/get-intrinsic/index.js
<s> [webpack.Progress] 53% building 364/405 modules 41 active /workspace/project/xian-explorer/node_modules/get-intrinsic/index.js
<s> [webpack.Progress] 53% building 365/405 modules 40 active /workspace/project/xian-explorer/node_modules/get-intrinsic/index.js
<s> [webpack.Progress] 53% building 365/406 modules 41 active ignored /workspace/project/xian-explorer/node_modules/tweetnacl crypto
<s> [webpack.Progress] 53% building 366/406 modules 40 active /workspace/project/xian-explorer/node_modules/get-intrinsic/index.js
<s> [webpack.Progress] 54% building 367/406 modules 39 active /workspace/project/xian-explorer/node_modules/get-intrinsic/index.js
<s> [webpack.Progress] 54% building 368/406 modules 38 active /workspace/project/xian-explorer/node_modules/get-intrinsic/index.js
<s> [webpack.Progress] 54% building 369/406 modules 37 active /workspace/project/xian-explorer/node_modules/get-intrinsic/index.js
<s> [webpack.Progress] 54% building 370/406 modules 36 active /workspace/project/xian-explorer/node_modules/get-intrinsic/index.js
<s> [webpack.Progress] 54% building 371/406 modules 35 active /workspace/project/xian-explorer/node_modules/get-intrinsic/index.js
<s> [webpack.Progress] 54% building 372/406 modules 34 active /workspace/project/xian-explorer/node_modules/get-intrinsic/index.js
<s> [webpack.Progress] 54% building 373/406 modules 33 active /workspace/project/xian-explorer/node_modules/get-intrinsic/index.js
<s> [webpack.Progress] 54% building 374/406 modules 32 active /workspace/project/xian-explorer/node_modules/get-intrinsic/index.js
<s> [webpack.Progress] 54% building 375/406 modules 31 active /workspace/project/xian-explorer/node_modules/get-intrinsic/index.js
<s> [webpack.Progress] 54% building 375/407 modules 32 active /workspace/project/xian-explorer/node_modules/moment/locale/uz-latn.js
<s> [webpack.Progress] 55% building 376/407 modules 31 active /workspace/project/xian-explorer/node_modules/moment/locale/uz-latn.js
<s> [webpack.Progress] 55% building 376/408 modules 32 active /workspace/project/xian-explorer/node_modules/url-loader/dist/cjs.js??ref--1-0!/workspace/project/xian-explorer/src/assets/images/logo.png
<s> [webpack.Progress] 55% building 376/409 modules 33 active /workspace/project/xian-explorer/node_modules/numeral/numeral.js
<s> [webpack.Progress] 55% building 377/409 modules 32 active /workspace/project/xian-explorer/node_modules/numeral/numeral.js
<s> [webpack.Progress] 55% building 378/409 modules 31 active /workspace/project/xian-explorer/node_modules/numeral/numeral.js
<s> [webpack.Progress] 55% building 378/410 modules 32 active /workspace/project/xian-explorer/node_modules/core-js/modules/_string-repeat.js
<s> [webpack.Progress] 55% building 379/410 modules 31 active /workspace/project/xian-explorer/node_modules/core-js/modules/_string-repeat.js
<s> [webpack.Progress] 55% building 379/411 modules 32 active /workspace/project/xian-explorer/node_modules/moment/locale/af.js
<s> [webpack.Progress] 55% building 380/411 modules 31 active /workspace/project/xian-explorer/node_modules/moment/locale/af.js
<s> [webpack.Progress] 55% building 381/411 modules 30 active /workspace/project/xian-explorer/node_modules/moment/locale/af.js
<s> [webpack.Progress] 55% building 382/411 modules 29 active /workspace/project/xian-explorer/node_modules/moment/locale/af.js
<s> [webpack.Progress] 55% building 383/411 modules 28 active /workspace/project/xian-explorer/node_modules/moment/locale/af.js
<s> [webpack.Progress] 56% building 384/411 modules 27 active /workspace/project/xian-explorer/node_modules/moment/locale/af.js
<s> [webpack.Progress] 56% building 385/411 modules 26 active /workspace/project/xian-explorer/node_modules/moment/locale/af.js
<s> [webpack.Progress] 56% building 386/411 modules 25 active /workspace/project/xian-explorer/node_modules/moment/locale/af.js
<s> [webpack.Progress] 56% building 387/411 modules 24 active /workspace/project/xian-explorer/node_modules/moment/locale/af.js
<s> [webpack.Progress] 56% building 388/411 modules 23 active /workspace/project/xian-explorer/node_modules/moment/locale/af.js
<s> [webpack.Progress] 56% building 389/411 modules 22 active /workspace/project/xian-explorer/node_modules/moment/locale/af.js
<s> [webpack.Progress] 56% building 389/412 modules 23 active /workspace/project/xian-explorer/node_modules/axios/lib/utils.js
<s> [webpack.Progress] 56% building 389/413 modules 24 active /workspace/project/xian-explorer/node_modules/core-js/library/modules/_export.js
<s> [webpack.Progress] 56% building 389/414 modules 25 active /workspace/project/xian-explorer/node_modules/core-js/library/modules/_object-dp.js
<s> [webpack.Progress] 56% building 389/415 modules 26 active /workspace/project/xian-explorer/node_modules/core-js/library/modules/_library.js
<s> [webpack.Progress] 56% building 389/416 modules 27 active /workspace/project/xian-explorer/node_modules/core-js/library/modules/es6.array.iterator.js
<s> [webpack.Progress] 56% building 389/417 modules 28 active /workspace/project/xian-explorer/node_modules/core-js/library/modules/_string-at.js
<s> [webpack.Progress] 56% building 389/418 modules 29 active /workspace/project/xian-explorer/node_modules/cache-loader/dist/cjs.js??ref--12-0!/workspace/project/xian-explorer/node_modules/babel-loader/lib/index.js!/workspace/project/xian-explorer/node_modules/eslint-loader/index.js??ref--13-0!/workspace/project/xian-explorer/src/scripts/tx.js
<s> [webpack.Progress] 56% building 389/419 modules 30 active /workspace/project/xian-explorer/node_modules/core-js/modules/es7.object.entries.js
<s> [webpack.Progress] 56% building 390/419 modules 29 active /workspace/project/xian-explorer/node_modules/core-js/modules/es7.object.entries.js
<s> [webpack.Progress] 56% building 390/420 modules 30 active /workspace/project/xian-explorer/node_modules/axios/lib/helpers/spread.js
<s> [webpack.Progress] 56% building 391/420 modules 29 active /workspace/project/xian-explorer/node_modules/axios/lib/helpers/spread.js
<s> [webpack.Progress] 57% building 392/420 modules 28 active /workspace/project/xian-explorer/node_modules/axios/lib/helpers/spread.js
<s> [webpack.Progress] 57% building 393/420 modules 27 active /workspace/project/xian-explorer/node_modules/axios/lib/helpers/spread.js
<s> [webpack.Progress] 57% building 394/420 modules 26 active /workspace/project/xian-explorer/node_modules/axios/lib/helpers/spread.js
<s> [webpack.Progress] 57% building 395/420 modules 25 active /workspace/project/xian-explorer/node_modules/axios/lib/helpers/spread.js
<s> [webpack.Progress] 57% building 396/420 modules 24 active /workspace/project/xian-explorer/node_modules/axios/lib/helpers/spread.js
<s> [webpack.Progress] 57% building 397/420 modules 23 active /workspace/project/xian-explorer/node_modules/axios/lib/helpers/spread.js
<s> [webpack.Progress] 57% building 398/420 modules 22 active /workspace/project/xian-explorer/node_modules/axios/lib/helpers/spread.js
<s> [webpack.Progress] 57% building 399/420 modules 21 active /workspace/project/xian-explorer/node_modules/axios/lib/helpers/spread.js
<s> [webpack.Progress] 57% building 400/420 modules 20 active /workspace/project/xian-explorer/node_modules/axios/lib/helpers/spread.js
<s> [webpack.Progress] 58% building 401/420 modules 19 active /workspace/project/xian-explorer/node_modules/axios/lib/helpers/spread.js
<s> [webpack.Progress] 58% building 401/421 modules 20 active /workspace/project/xian-explorer/node_modules/base64-js/index.js
<s> [webpack.Progress] 58% building 401/422 modules 21 active /workspace/project/xian-explorer/node_modules/core-js/library/modules/_ctx.js
<s> [webpack.Progress] 58% building 401/423 modules 22 active /workspace/project/xian-explorer/node_modules/core-js/library/modules/_wks-define.js
<s> [webpack.Progress] 58% building 401/424 modules 23 active /workspace/project/xian-explorer/node_modules/core-js/library/modules/_global.js
<s> [webpack.Progress] 58% building 401/425 modules 24 active /workspace/project/xian-explorer/node_modules/vue-style-loader/lib/listToStyles.js
<s> [webpack.Progress] 58% building 401/426 modules 25 active ignored /workspace/project/xian-explorer/node_modules/object-inspect ./util.inspect
<s> [webpack.Progress] 58% building 402/426 modules 24 active /workspace/project/xian-explorer/node_modules/vue-style-loader/lib/listToStyles.js
<s> [webpack.Progress] 58% building 402/427 modules 25 active /workspace/project/xian-explorer/node_modules/isarray/index.js
<s> [webpack.Progress] 58% building 403/427 modules 24 active /workspace/project/xian-explorer/node_modules/isarray/index.js
<s> [webpack.Progress] 58% building 404/427 modules 23 active /workspace/project/xian-explorer/node_modules/isarray/index.js
<s> [webpack.Progress] 58% building 404/428 modules 24 active /workspace/project/xian-explorer/node_modules/core-js/library/modules/_is-array.js
<s> [webpack.Progress] 58% building 404/429 modules 25 active /workspace/project/xian-explorer/node_modules/core-js/library/modules/_hide.js
<s> [webpack.Progress] 58% building 404/430 modules 26 active /workspace/project/xian-explorer/node_modules/core-js/library/modules/_object-pie.js
<s> [webpack.Progress] 58% building 404/431 modules 27 active /workspace/project/xian-explorer/node_modules/core-js/library/modules/_object-gopn.js
<s> [webpack.Progress] 58% building 404/432 modules 28 active /workspace/project/xian-explorer/node_modules/core-js/library/modules/_object-keys.js
<s> [webpack.Progress] 58% building 404/433 modules 29 active /workspace/project/xian-explorer/node_modules/ieee754/index.js
<s> [webpack.Progress] 58% building 404/434 modules 30 active /workspace/project/xian-explorer/node_modules/core-js/library/modules/_object-gops.js
<s> [webpack.Progress] 58% building 404/435 modules 31 active /workspace/project/xian-explorer/node_modules/core-js/library/modules/_object-gopd.js
<s> [webpack.Progress] 58% building 405/435 modules 30 active /workspace/project/xian-explorer/node_modules/core-js/library/modules/_object-gopd.js
<s> [webpack.Progress] 58% building 405/436 modules 31 active /workspace/project/xian-explorer/node_modules/core-js/library/modules/_wks.js
<s> [webpack.Progress] 58% building 405/437 modules 32 active /workspace/project/xian-explorer/node_modules/es-errors/uri.js
<s> [webpack.Progress] 58% building 406/437 modules 31 active /workspace/project/xian-explorer/node_modules/es-errors/uri.js
<s> [webpack.Progress] 58% building 406/438 modules 32 active /workspace/project/xian-explorer/node_modules/vue-loader/lib/loaders/pitcher.js??ref--4!/workspace/project/xian-explorer/node_modules/cache-loader/dist/cjs.js??ref--12-0!/workspace/project/xian-explorer/node_modules/babel-loader/lib/index.js!/workspace/project/xian-explorer/node_modules/vue-loader/lib/loaders/templateLoader.js??ref--6!/workspace/project/xian-explorer/node_modules/pug-plain-loader/index.js!/workspace/project/xian-explorer/node_modules/cache-loader/dist/cjs.js??ref--0-0!/workspace/project/xian-explorer/node_modules/vue-loader/lib/index.js??vue-loader-options!/workspace/project/xian-explorer/node_modules/eslint-loader/index.js??ref--13-0!/workspace/project/xian-explorer/src/components/ModernAppHeader.vue?vue&type=template&id=532d0e2f&scoped=true&lang=pug
<s> [webpack.Progress] 58% building 407/438 modules 31 active /workspace/project/xian-explorer/node_modules/es-errors/uri.js
<s> [webpack.Progress] 58% building 407/439 modules 32 active /workspace/project/xian-explorer/node_modules/cache-loader/dist/cjs.js?{"cacheDirectory":"node_modules/.cache/vue-loader","cacheIdentifier":"1fe9d2cf-vue-loader-template"}!/workspace/project/xian-explorer/node_modules/cache-loader/dist/cjs.js??ref--12-0!/workspace/project/xian-explorer/node_modules/babel-loader/lib/index.js!/workspace/project/xian-explorer/node_modules/vue-loader/lib/loaders/templateLoader.js??ref--6!/workspace/project/xian-explorer/node_modules/pug-plain-loader/index.js!/workspace/project/xian-explorer/node_modules/cache-loader/dist/cjs.js??ref--0-0!/workspace/project/xian-explorer/node_modules/vue-loader/lib/index.js??vue-loader-options!/workspace/project/xian-explorer/src/components/ModernAppHeader.vue?vue&type=template&id=532d0e2f&scoped=true&lang=pug
<s> [webpack.Progress] 58% building 407/440 modules 33 active /workspace/project/xian-explorer/node_modules/clipboard/lib/clipboard.js
<s> [webpack.Progress] 58% building 407/441 modules 34 active /workspace/project/xian-explorer/node_modules/es-errors/syntax.js
<s> [webpack.Progress] 58% building 408/441 modules 33 active /workspace/project/xian-explorer/node_modules/es-errors/syntax.js
<s> [webpack.Progress] 58% building 408/442 modules 34 active /workspace/project/xian-explorer/node_modules/vue-loader/lib/loaders/pitcher.js??ref--4!/workspace/project/xian-explorer/node_modules/vue-style-loader/index.js??ref--11-oneOf-1-0!/workspace/project/xian-explorer/node_modules/css-loader/index.js??ref--11-oneOf-1-1!/workspace/project/xian-explorer/node_modules/postcss-loader/src/index.js??ref--11-oneOf-1-2!/workspace/project/xian-explorer/node_modules/stylus-loader/index.js??ref--11-oneOf-1-3!/workspace/project/xian-explorer/node_modules/cache-loader/dist/cjs.js??ref--0-0!/workspace/project/xian-explorer/node_modules/vue-loader/lib/index.js??vue-loader-options!/workspace/project/xian-explorer/node_modules/eslint-loader/index.js??ref--13-0!/workspace/project/xian-explorer/src/components/ModernAppHeader.vue?vue&type=style&index=0&id=532d0e2f&lang=stylus&scoped=true
<s> [webpack.Progress] 59% building 409/442 modules 33 active /workspace/project/xian-explorer/node_modules/es-errors/syntax.js
<s> [webpack.Progress] 59% building 409/443 modules 34 active /workspace/project/xian-explorer/node_modules/vue-style-loader/index.js??ref--11-oneOf-1-0!/workspace/project/xian-explorer/node_modules/css-loader/index.js??ref--11-oneOf-1-1!/workspace/project/xian-explorer/node_modules/vue-loader/lib/loaders/stylePostLoader.js!/workspace/project/xian-explorer/node_modules/postcss-loader/src/index.js??ref--11-oneOf-1-2!/workspace/project/xian-explorer/node_modules/stylus-loader/index.js??ref--11-oneOf-1-3!/workspace/project/xian-explorer/node_modules/cache-loader/dist/cjs.js??ref--0-0!/workspace/project/xian-explorer/node_modules/vue-loader/lib/index.js??vue-loader-options!/workspace/project/xian-explorer/src/components/ModernAppHeader.vue?vue&type=style&index=0&id=532d0e2f&lang=stylus&scoped=true
<s> [webpack.Progress] 59% building 410/443 modules 33 active /workspace/project/xian-explorer/node_modules/es-errors/syntax.js
<s> [webpack.Progress] 59% building 410/444 modules 34 active /workspace/project/xian-explorer/node_modules/css-loader/index.js??ref--11-oneOf-1-1!/workspace/project/xian-explorer/node_modules/vue-loader/lib/loaders/stylePostLoader.js!/workspace/project/xian-explorer/node_modules/postcss-loader/src/index.js??ref--11-oneOf-1-2!/workspace/project/xian-explorer/node_modules/stylus-loader/index.js??ref--11-oneOf-1-3!/workspace/project/xian-explorer/node_modules/cache-loader/dist/cjs.js??ref--0-0!/workspace/project/xian-explorer/node_modules/vue-loader/lib/index.js??vue-loader-options!/workspace/project/xian-explorer/src/components/ModernAppHeader.vue?vue&type=style&index=0&id=532d0e2f&lang=stylus&scoped=true
<s> [webpack.Progress] 59% building 411/444 modules 33 active /workspace/project/xian-explorer/node_modules/css-loader/index.js??ref--11-oneOf-1-1!/workspace/project/xian-explorer/node_modules/vue-loader/lib/loaders/stylePostLoader.js!/workspace/project/xian-explorer/node_modules/postcss-loader/src/index.js??ref--11-oneOf-1-2!/workspace/project/xian-explorer/node_modules/stylus-loader/index.js??ref--11-oneOf-1-3!/workspace/project/xian-explorer/node_modules/cache-loader/dist/cjs.js??ref--0-0!/workspace/project/xian-explorer/node_modules/vue-loader/lib/index.js??vue-loader-options!/workspace/project/xian-explorer/src/components/ModernAppHeader.vue?vue&type=style&index=0&id=532d0e2f&lang=stylus&scoped=true
<s> [webpack.Progress] 59% building 411/445 modules 34 active /workspace/project/xian-explorer/node_modules/vue-loader/lib/loaders/pitcher.js??ref--4!/workspace/project/xian-explorer/node_modules/cache-loader/dist/cjs.js??ref--12-0!/workspace/project/xian-explorer/node_modules/babel-loader/lib/index.js!/workspace/project/xian-explorer/node_modules/cache-loader/dist/cjs.js??ref--0-0!/workspace/project/xian-explorer/node_modules/vue-loader/lib/index.js??vue-loader-options!/workspace/project/xian-explorer/node_modules/eslint-loader/index.js??ref--13-0!/workspace/project/xian-explorer/node_modules/eslint-loader/index.js??ref--13-0!/workspace/project/xian-explorer/src/components/ModernAppHeader.vue?vue&type=script&lang=js
<s> [webpack.Progress] 59% building 412/445 modules 33 active /workspace/project/xian-explorer/node_modules/css-loader/index.js??ref--11-oneOf-1-1!/workspace/project/xian-explorer/node_modules/vue-loader/lib/loaders/stylePostLoader.js!/workspace/project/xian-explorer/node_modules/postcss-loader/src/index.js??ref--11-oneOf-1-2!/workspace/project/xian-explorer/node_modules/stylus-loader/index.js??ref--11-oneOf-1-3!/workspace/project/xian-explorer/node_modules/cache-loader/dist/cjs.js??ref--0-0!/workspace/project/xian-explorer/node_modules/vue-loader/lib/index.js??vue-loader-options!/workspace/project/xian-explorer/src/components/ModernAppHeader.vue?vue&type=style&index=0&id=532d0e2f&lang=stylus&scoped=true
<s> [webpack.Progress] 59% building 412/446 modules 34 active /workspace/project/xian-explorer/node_modules/cache-loader/dist/cjs.js??ref--12-0!/workspace/project/xian-explorer/node_modules/babel-loader/lib/index.js!/workspace/project/xian-explorer/node_modules/cache-loader/dist/cjs.js??ref--0-0!/workspace/project/xian-explorer/node_modules/vue-loader/lib/index.js??vue-loader-options!/workspace/project/xian-explorer/src/components/ModernAppHeader.vue?vue&type=script&lang=js
<s> [webpack.Progress] 59% building 413/446 modules 33 active /workspace/project/xian-explorer/node_modules/cache-loader/dist/cjs.js??ref--12-0!/workspace/project/xian-explorer/node_modules/babel-loader/lib/index.js!/workspace/project/xian-explorer/node_modules/cache-loader/dist/cjs.js??ref--0-0!/workspace/project/xian-explorer/node_modules/vue-loader/lib/index.js??vue-loader-options!/workspace/project/xian-explorer/src/components/ModernAppHeader.vue?vue&type=script&lang=js
<s> [webpack.Progress] 59% building 414/446 modules 32 active /workspace/project/xian-explorer/node_modules/cache-loader/dist/cjs.js??ref--12-0!/workspace/project/xian-explorer/node_modules/babel-loader/lib/index.js!/workspace/project/xian-explorer/node_modules/cache-loader/dist/cjs.js??ref--0-0!/workspace/project/xian-explorer/node_modules/vue-loader/lib/index.js??vue-loader-options!/workspace/project/xian-explorer/src/components/ModernAppHeader.vue?vue&type=script&lang=js
<s> [webpack.Progress] 59% building 415/446 modules 31 active /workspace/project/xian-explorer/node_modules/cache-loader/dist/cjs.js??ref--12-0!/workspace/project/xian-explorer/node_modules/babel-loader/lib/index.js!/workspace/project/xian-explorer/node_modules/cache-loader/dist/cjs.js??ref--0-0!/workspace/project/xian-explorer/node_modules/vue-loader/lib/index.js??vue-loader-options!/workspace/project/xian-explorer/src/components/ModernAppHeader.vue?vue&type=script&lang=js
<s> [webpack.Progress] 59% building 416/446 modules 30 active /workspace/project/xian-explorer/node_modules/cache-loader/dist/cjs.js??ref--12-0!/workspace/project/xian-explorer/node_modules/babel-loader/lib/index.js!/workspace/project/xian-explorer/node_modules/cache-loader/dist/cjs.js??ref--0-0!/workspace/project/xian-explorer/node_modules/vue-loader/lib/index.js??vue-loader-options!/workspace/project/xian-explorer/src/components/ModernAppHeader.vue?vue&type=script&lang=js
<s> [webpack.Progress] 59% building 416/447 modules 31 active /workspace/project/xian-explorer/node_modules/highlight.js/lib/core.js
<s> [webpack.Progress] 59% building 416/448 modules 32 active /workspace/project/xian-explorer/node_modules/highlight.js/lib/languages/python.js
<s> [webpack.Progress] 59% building 416/449 modules 33 active /workspace/project/xian-explorer/node_modules/es-errors/ref.js
<s> [webpack.Progress] 59% building 416/450 modules 34 active /workspace/project/xian-explorer/node_modules/css-loader/lib/css-base.js
<s> [webpack.Progress] 60% building 417/450 modules 33 active /workspace/project/xian-explorer/node_modules/css-loader/lib/css-base.js
<s> [webpack.Progress] 60% building 418/450 modules 32 active /workspace/project/xian-explorer/node_modules/css-loader/lib/css-base.js
<s> [webpack.Progress] 60% building 419/450 modules 31 active /workspace/project/xian-explorer/node_modules/css-loader/lib/css-base.js
<s> [webpack.Progress] 60% building 420/450 modules 30 active /workspace/project/xian-explorer/node_modules/css-loader/lib/css-base.js
<s> [webpack.Progress] 60% building 421/450 modules 29 active /workspace/project/xian-explorer/node_modules/css-loader/lib/css-base.js
<s> [webpack.Progress] 60% building 422/450 modules 28 active /workspace/project/xian-explorer/node_modules/css-loader/lib/css-base.js
<s> [webpack.Progress] 60% building 423/450 modules 27 active /workspace/project/xian-explorer/node_modules/css-loader/lib/css-base.js
<s> [webpack.Progress] 60% building 424/450 modules 26 active /workspace/project/xian-explorer/node_modules/css-loader/lib/css-base.js
<s> [webpack.Progress] 60% building 424/451 modules 27 active /workspace/project/xian-explorer/node_modules/es-errors/range.js
<s> [webpack.Progress] 60% building 424/452 modules 28 active /workspace/project/xian-explorer/node_modules/es-errors/eval.js
<s> [webpack.Progress] 61% building 425/452 modules 27 active /workspace/project/xian-explorer/node_modules/es-errors/eval.js
<s> [webpack.Progress] 61% building 426/452 modules 26 active /workspace/project/xian-explorer/node_modules/es-errors/eval.js
<s> [webpack.Progress] 61% building 427/452 modules 25 active /workspace/project/xian-explorer/node_modules/es-errors/eval.js
<s> [webpack.Progress] 61% building 428/452 modules 24 active /workspace/project/xian-explorer/node_modules/es-errors/eval.js
<s> [webpack.Progress] 61% building 429/452 modules 23 active /workspace/project/xian-explorer/node_modules/es-errors/eval.js
<s> [webpack.Progress] 61% building 430/452 modules 22 active /workspace/project/xian-explorer/node_modules/es-errors/eval.js
<s> [webpack.Progress] 61% building 431/452 modules 21 active /workspace/project/xian-explorer/node_modules/es-errors/eval.js
<s> [webpack.Progress] 61% building 432/452 modules 20 active /workspace/project/xian-explorer/node_modules/es-errors/eval.js
<s> [webpack.Progress] 61% building 433/452 modules 19 active /workspace/project/xian-explorer/node_modules/es-errors/eval.js
<s> [webpack.Progress] 62% building 434/452 modules 18 active /workspace/project/xian-explorer/node_modules/es-errors/eval.js
<s> [webpack.Progress] 62% building 434/453 modules 19 active /workspace/project/xian-explorer/node_modules/axios/lib/helpers/bind.js
<s> [webpack.Progress] 62% building 434/454 modules 20 active /workspace/project/xian-explorer/node_modules/core-js/library/modules/_has.js
<s> [webpack.Progress] 62% building 434/455 modules 21 active /workspace/project/xian-explorer/node_modules/core-js/library/modules/_an-object.js
<s> [webpack.Progress] 62% building 435/455 modules 20 active /workspace/project/xian-explorer/node_modules/core-js/library/modules/_an-object.js
<s> [webpack.Progress] 62% building 435/456 modules 21 active /workspace/project/xian-explorer/node_modules/core-js/library/modules/_to-integer.js
<s> [webpack.Progress] 62% building 435/457 modules 22 active /workspace/project/xian-explorer/node_modules/core-js/library/modules/_add-to-unscopables.js
<s> [webpack.Progress] 62% building 435/458 modules 23 active /workspace/project/xian-explorer/node_modules/core-js/library/modules/_iter-define.js
<s> [webpack.Progress] 62% building 435/459 modules 24 active /workspace/project/xian-explorer/node_modules/core-js/library/modules/_to-iobject.js
<s> [webpack.Progress] 62% building 435/460 modules 25 active /workspace/project/xian-explorer/node_modules/core-js/library/modules/_iterators.js
<s> [webpack.Progress] 62% building 435/461 modules 26 active /workspace/project/xian-explorer/node_modules/core-js/library/modules/_iter-step.js
<s> [webpack.Progress] 62% building 435/462 modules 27 active /workspace/project/xian-explorer/node_modules/core-js/library/modules/_defined.js
<s> [webpack.Progress] 62% building 435/463 modules 28 active /workspace/project/xian-explorer/node_modules/core-js/library/modules/_descriptors.js
<s> [webpack.Progress] 62% building 435/464 modules 29 active /workspace/project/xian-explorer/node_modules/core-js/library/modules/_to-primitive.js
<s> [webpack.Progress] 62% building 435/465 modules 30 active /workspace/project/xian-explorer/node_modules/core-js/library/modules/_ie8-dom-define.js
<s> [webpack.Progress] 62% building 435/466 modules 31 active /workspace/project/xian-explorer/node_modules/core-js/library/modules/_object-gopn-ext.js
<s> [webpack.Progress] 62% building 435/467 modules 32 active /workspace/project/xian-explorer/node_modules/core-js/library/modules/_object-create.js
<s> [webpack.Progress] 62% building 435/468 modules 33 active /workspace/project/xian-explorer/node_modules/core-js/library/modules/_property-desc.js
<s> [webpack.Progress] 62% building 435/469 modules 34 active /workspace/project/xian-explorer/node_modules/core-js/modules/es6.regexp.match.js
<s> [webpack.Progress] 62% building 436/469 modules 33 active /workspace/project/xian-explorer/node_modules/core-js/modules/es6.regexp.match.js
<s> [webpack.Progress] 62% building 437/469 modules 32 active /workspace/project/xian-explorer/node_modules/core-js/modules/es6.regexp.match.js
<s> [webpack.Progress] 62% building 437/470 modules 33 active /workspace/project/xian-explorer/node_modules/core-js/modules/_object-to-array.js
<s> [webpack.Progress] 62% building 438/470 modules 32 active /workspace/project/xian-explorer/node_modules/core-js/modules/_object-to-array.js
<s> [webpack.Progress] 62% building 439/470 modules 31 active /workspace/project/xian-explorer/node_modules/core-js/modules/_object-to-array.js
<s> [webpack.Progress] 62% building 440/470 modules 30 active /workspace/project/xian-explorer/node_modules/core-js/modules/_object-to-array.js
<s> [webpack.Progress] 62% building 441/470 modules 29 active /workspace/project/xian-explorer/node_modules/core-js/modules/_object-to-array.js
<s> [webpack.Progress] 63% building 442/470 modules 28 active /workspace/project/xian-explorer/node_modules/core-js/modules/_object-to-array.js
<s> [webpack.Progress] 63% building 443/470 modules 27 active /workspace/project/xian-explorer/node_modules/core-js/modules/_object-to-array.js
<s> [webpack.Progress] 63% building 444/470 modules 26 active /workspace/project/xian-explorer/node_modules/core-js/modules/_object-to-array.js
<s> [webpack.Progress] 63% building 445/470 modules 25 active /workspace/project/xian-explorer/node_modules/core-js/modules/_object-to-array.js
<s> [webpack.Progress] 63% building 446/470 modules 24 active /workspace/project/xian-explorer/node_modules/core-js/modules/_object-to-array.js
<s> [webpack.Progress] 63% building 447/470 modules 23 active /workspace/project/xian-explorer/node_modules/core-js/modules/_object-to-array.js
<s> [webpack.Progress] 63% building 448/470 modules 22 active /workspace/project/xian-explorer/node_modules/core-js/modules/_object-to-array.js
<s> [webpack.Progress] 63% building 449/470 modules 21 active /workspace/project/xian-explorer/node_modules/core-js/modules/_object-to-array.js
<s> [webpack.Progress] 64% building 450/470 modules 20 active /workspace/project/xian-explorer/node_modules/core-js/modules/_object-to-array.js
<s> [webpack.Progress] 64% building 450/471 modules 21 active /workspace/project/xian-explorer/node_modules/core-js/library/modules/_a-function.js
<s> [webpack.Progress] 64% building 451/471 modules 20 active /workspace/project/xian-explorer/node_modules/core-js/library/modules/_a-function.js
<s> [webpack.Progress] 64% building 451/472 modules 21 active /workspace/project/xian-explorer/node_modules/core-js/library/modules/_to-object.js
<s> [webpack.Progress] 64% building 452/472 modules 20 active /workspace/project/xian-explorer/node_modules/core-js/library/modules/_to-object.js
<s> [webpack.Progress] 64% building 452/473 modules 21 active /workspace/project/xian-explorer/node_modules/moment/locale/ur.js
<s> [webpack.Progress] 64% building 452/474 modules 22 active /workspace/project/xian-explorer/node_modules/moment/locale/uk.js
<s> [webpack.Progress] 64% building 452/475 modules 23 active /workspace/project/xian-explorer/node_modules/core-js/library/modules/_is-object.js
<s> [webpack.Progress] 64% building 453/475 modules 22 active /workspace/project/xian-explorer/node_modules/core-js/library/modules/_is-object.js
<s> [webpack.Progress] 64% building 454/475 modules 21 active /workspace/project/xian-explorer/node_modules/core-js/library/modules/_is-object.js
<s> [webpack.Progress] 64% building 455/475 modules 20 active /workspace/project/xian-explorer/node_modules/core-js/library/modules/_is-object.js
<s> [webpack.Progress] 64% building 456/475 modules 19 active /workspace/project/xian-explorer/node_modules/core-js/library/modules/_is-object.js
<s> [webpack.Progress] 64% building 457/475 modules 18 active /workspace/project/xian-explorer/node_modules/core-js/library/modules/_is-object.js
<s> [webpack.Progress] 64% building 458/475 modules 17 active /workspace/project/xian-explorer/node_modules/core-js/library/modules/_is-object.js
<s> [webpack.Progress] 65% building 459/475 modules 16 active /workspace/project/xian-explorer/node_modules/core-js/library/modules/_is-object.js
<s> [webpack.Progress] 65% building 460/475 modules 15 active /workspace/project/xian-explorer/node_modules/core-js/library/modules/_is-object.js
<s> [webpack.Progress] 65% building 461/475 modules 14 active /workspace/project/xian-explorer/node_modules/core-js/library/modules/_is-object.js
<s> [webpack.Progress] 65% building 461/476 modules 15 active /workspace/project/xian-explorer/node_modules/es-errors/index.js
<s> [webpack.Progress] 65% building 462/476 modules 14 active /workspace/project/xian-explorer/node_modules/es-errors/index.js
<s> [webpack.Progress] 65% building 462/477 modules 15 active /workspace/project/xian-explorer/node_modules/moment/locale/ug-cn.js
<s> [webpack.Progress] 65% building 463/477 modules 14 active /workspace/project/xian-explorer/node_modules/moment/locale/ug-cn.js
<s> [webpack.Progress] 65% building 463/478 modules 15 active /workspace/project/xian-explorer/node_modules/core-js/library/modules/_cof.js
<s> [webpack.Progress] 65% building 463/479 modules 16 active /workspace/project/xian-explorer/node_modules/core-js/library/modules/_object-keys-internal.js
<s> [webpack.Progress] 65% building 463/480 modules 17 active /workspace/project/xian-explorer/node_modules/core-js/library/modules/_enum-bug-keys.js
<s> [webpack.Progress] 65% building 463/481 modules 18 active /workspace/project/xian-explorer/node_modules/moment/locale/tzm.js
<s> [webpack.Progress] 65% building 463/482 modules 19 active /workspace/project/xian-explorer/node_modules/moment/locale/tzm-latn.js
<s> [webpack.Progress] 65% building 463/483 modules 20 active /workspace/project/xian-explorer/node_modules/@tendermint/ui/src/components/TmBarDiscrete/index.js
<s> [webpack.Progress] 65% building 463/484 modules 21 active /workspace/project/xian-explorer/node_modules/@tendermint/ui/src/components/TmBlock/index.js
<s> [webpack.Progress] 65% building 463/485 modules 22 active /workspace/project/xian-explorer/node_modules/@tendermint/ui/src/components/TmBlocks/index.js
<s> [webpack.Progress] 65% building 463/486 modules 23 active /workspace/project/xian-explorer/node_modules/@tendermint/ui/src/components/TmBtn/index.js
<s> [webpack.Progress] 65% building 463/487 modules 24 active /workspace/project/xian-explorer/node_modules/@tendermint/ui/src/components/TmCookieConsent/index.js
<s> [webpack.Progress] 65% building 463/488 modules 25 active /workspace/project/xian-explorer/node_modules/@tendermint/ui/src/components/TmCountdown/index.js
<s> [webpack.Progress] 65% building 463/489 modules 26 active /workspace/project/xian-explorer/node_modules/@tendermint/ui/src/components/TmDataEmpty/index.js
<s> [webpack.Progress] 65% building 463/490 modules 27 active /workspace/project/xian-explorer/node_modules/@tendermint/ui/src/components/TmDataMsg/index.js
<s> [webpack.Progress] 65% building 463/491 modules 28 active /workspace/project/xian-explorer/node_modules/@tendermint/ui/src/components/TmDataLoading/index.js
<s> [webpack.Progress] 65% building 463/492 modules 29 active /workspace/project/xian-explorer/node_modules/@tendermint/ui/src/components/TmField/index.js
<s> [webpack.Progress] 65% building 463/493 modules 30 active /workspace/project/xian-explorer/node_modules/@tendermint/ui/src/components/TmFieldGroup/index.js
<s> [webpack.Progress] 65% building 463/494 modules 31 active /workspace/project/xian-explorer/node_modules/@tendermint/ui/src/components/TmFormMsg/index.js
<s> [webpack.Progress] 65% building 463/495 modules 32 active /workspace/project/xian-explorer/node_modules/@tendermint/ui/src/components/TmFormGroup/index.js
<s> [webpack.Progress] 65% building 463/496 modules 33 active /workspace/project/xian-explorer/node_modules/@tendermint/ui/src/components/TmFormStruct/index.js
<s> [webpack.Progress] 65% building 463/497 modules 34 active /workspace/project/xian-explorer/node_modules/@tendermint/ui/src/components/TmKeyValues/index.js
<s> [webpack.Progress] 65% building 463/498 modules 35 active /workspace/project/xian-explorer/node_modules/@tendermint/ui/src/components/TmListItem/index.js
<s> [webpack.Progress] 65% building 463/499 modules 36 active /workspace/project/xian-explorer/node_modules/@tendermint/ui/src/components/TmLiTransaction/index.js
<s> [webpack.Progress] 65% building 463/500 modules 37 active /workspace/project/xian-explorer/node_modules/@tendermint/ui/src/components/TmModules/index.js
<s> [webpack.Progress] 65% building 463/501 modules 38 active /workspace/project/xian-explorer/node_modules/@tendermint/ui/src/components/TmModalError/index.js
<s> [webpack.Progress] 65% building 463/502 modules 39 active /workspace/project/xian-explorer/node_modules/@tendermint/ui/src/components/TmPage/index.js
<s> [webpack.Progress] 65% building 463/503 modules 40 active /workspace/project/xian-explorer/node_modules/@tendermint/ui/src/components/TmPageHeader/index.js
<s> [webpack.Progress] 65% building 463/504 modules 41 active /workspace/project/xian-explorer/node_modules/@tendermint/ui/src/components/TmPageFooter/index.js
<s> [webpack.Progress] 65% building 463/505 modules 42 active /workspace/project/xian-explorer/node_modules/@tendermint/ui/src/components/TmPart/index.js
<s> [webpack.Progress] 64% building 463/506 modules 43 active /workspace/project/xian-explorer/node_modules/@tendermint/ui/src/components/TmTextContainer/index.js
<s> [webpack.Progress] 64% building 463/507 modules 44 active /workspace/project/xian-explorer/node_modules/@tendermint/ui/src/components/TmTabBar/index.js
<s> [webpack.Progress] 64% building 463/508 modules 45 active /workspace/project/xian-explorer/node_modules/@tendermint/ui/src/components/TmTextMarkdown/index.js
<s> [webpack.Progress] 64% building 463/509 modules 46 active /workspace/project/xian-explorer/node_modules/@tendermint/ui/src/components/TmNotifications/index.js
<s> [webpack.Progress] 64% building 463/510 modules 47 active /workspace/project/xian-explorer/node_modules/core-js/library/modules/_shared.js
<s> [webpack.Progress] 64% building 463/511 modules 48 active /workspace/project/xian-explorer/node_modules/core-js/library/modules/_uid.js
<s> [webpack.Progress] 64% building 463/512 modules 49 active /workspace/project/xian-explorer/node_modules/core-js/library/modules/_enum-keys.js
<s> [webpack.Progress] 64% building 463/513 modules 50 active /workspace/project/xian-explorer/node_modules/core-js/library/modules/_set-to-string-tag.js
<s> [webpack.Progress] 64% building 463/514 modules 51 active /workspace/project/xian-explorer/node_modules/moment/locale/tzl.js
<s> [webpack.Progress] 63% building 463/515 modules 52 active /workspace/project/xian-explorer/node_modules/moment/locale/tr.js
<s> [webpack.Progress] 63% building 463/516 modules 53 active /workspace/project/xian-explorer/node_modules/core-js/library/modules/_fails.js
<s> [webpack.Progress] 63% building 463/517 modules 54 active /workspace/project/xian-explorer/node_modules/core-js/library/modules/_meta.js
<s> [webpack.Progress] 63% building 463/518 modules 55 active /workspace/project/xian-explorer/node_modules/inherits/inherits_browser.js
<s> [webpack.Progress] 63% building 463/519 modules 56 active /workspace/project/xian-explorer/node_modules/cipher-base/index.js
<s> [webpack.Progress] 63% building 463/520 modules 57 active /workspace/project/xian-explorer/node_modules/core-js/library/modules/_redefine.js
<s> [webpack.Progress] 63% building 463/521 modules 58 active /workspace/project/xian-explorer/node_modules/core-js/library/modules/_iter-detect.js
<s> [webpack.Progress] 63% building 463/522 modules 59 active /workspace/project/xian-explorer/node_modules/core-js/library/modules/core.get-iterator-method.js
<s> [webpack.Progress] 63% building 463/523 modules 60 active /workspace/project/xian-explorer/node_modules/core-js/library/modules/_create-property.js
<s> [webpack.Progress] 63% building 463/524 modules 61 active /workspace/project/xian-explorer/node_modules/core-js/library/modules/_to-length.js
<s> [webpack.Progress] 62% building 463/525 modules 62 active /workspace/project/xian-explorer/node_modules/core-js/library/modules/_is-array-iter.js
<s> [webpack.Progress] 62% building 463/526 modules 63 active /workspace/project/xian-explorer/node_modules/core-js/library/modules/_iter-call.js
<s> [webpack.Progress] 62% building 463/527 modules 64 active /workspace/project/xian-explorer/node_modules/moment/locale/tlh.js
<s> [webpack.Progress] 62% building 463/528 modules 65 active /workspace/project/xian-explorer/node_modules/clipboard/lib/clipboard-action.js
<s> [webpack.Progress] 62% building 464/528 modules 64 active /workspace/project/xian-explorer/node_modules/clipboard/lib/clipboard-action.js
<s> [webpack.Progress] 62% building 465/528 modules 63 active /workspace/project/xian-explorer/node_modules/clipboard/lib/clipboard-action.js
<s> [webpack.Progress] 62% building 466/528 modules 62 active /workspace/project/xian-explorer/node_modules/clipboard/lib/clipboard-action.js
<s> [webpack.Progress] 62% building 466/529 modules 63 active /workspace/project/xian-explorer/node_modules/moment/locale/tl-ph.js
<s> [webpack.Progress] 62% building 467/529 modules 62 active /workspace/project/xian-explorer/node_modules/moment/locale/tl-ph.js
<s> [webpack.Progress] 63% building 468/529 modules 61 active /workspace/project/xian-explorer/node_modules/moment/locale/tl-ph.js
<s> [webpack.Progress] 63% building 469/529 modules 60 active /workspace/project/xian-explorer/node_modules/moment/locale/tl-ph.js
<s> [webpack.Progress] 63% building 469/530 modules 61 active /workspace/project/xian-explorer/node_modules/es-define-property/index.js
<s> [webpack.Progress] 62% building 469/531 modules 62 active /workspace/project/xian-explorer/node_modules/moment/locale/tk.js
<s> [webpack.Progress] 62% building 469/532 modules 63 active /workspace/project/xian-explorer/node_modules/set-function-length/index.js
<s> [webpack.Progress] 62% building 469/533 modules 64 active /workspace/project/xian-explorer/node_modules/moment/locale/th.js
<s> [webpack.Progress] 62% building 470/533 modules 63 active /workspace/project/xian-explorer/node_modules/moment/locale/th.js
<s> [webpack.Progress] 62% building 470/534 modules 64 active /workspace/project/xian-explorer/node_modules/moment/locale/tg.js
<s> [webpack.Progress] 62% building 471/534 modules 63 active /workspace/project/xian-explorer/node_modules/moment/locale/tg.js
<s> [webpack.Progress] 63% building 472/534 modules 62 active /workspace/project/xian-explorer/node_modules/moment/locale/tg.js
<s> [webpack.Progress] 63% building 473/534 modules 61 active /workspace/project/xian-explorer/node_modules/moment/locale/tg.js
<s> [webpack.Progress] 63% building 474/534 modules 60 active /workspace/project/xian-explorer/node_modules/moment/locale/tg.js
<s> [webpack.Progress] 63% building 475/534 modules 59 active /workspace/project/xian-explorer/node_modules/moment/locale/tg.js
<s> [webpack.Progress] 63% building 476/534 modules 58 active /workspace/project/xian-explorer/node_modules/moment/locale/tg.js
<s> [webpack.Progress] 63% building 477/534 modules 57 active /workspace/project/xian-explorer/node_modules/moment/locale/tg.js
<s> [webpack.Progress] 63% building 478/534 modules 56 active /workspace/project/xian-explorer/node_modules/moment/locale/tg.js
<s> [webpack.Progress] 63% building 479/534 modules 55 active /workspace/project/xian-explorer/node_modules/moment/locale/tg.js
<s> [webpack.Progress] 63% building 480/534 modules 54 active /workspace/project/xian-explorer/node_modules/moment/locale/tg.js
<s> [webpack.Progress] 64% building 481/534 modules 53 active /workspace/project/xian-explorer/node_modules/moment/locale/tg.js
<s> [webpack.Progress] 64% building 482/534 modules 52 active /workspace/project/xian-explorer/node_modules/moment/locale/tg.js
<s> [webpack.Progress] 64% building 483/534 modules 51 active /workspace/project/xian-explorer/node_modules/moment/locale/tg.js
<s> [webpack.Progress] 64% building 484/534 modules 50 active /workspace/project/xian-explorer/node_modules/moment/locale/tg.js
<s> [webpack.Progress] 64% building 485/534 modules 49 active /workspace/project/xian-explorer/node_modules/moment/locale/tg.js
<s> [webpack.Progress] 64% building 486/534 modules 48 active /workspace/project/xian-explorer/node_modules/moment/locale/tg.js
<s> [webpack.Progress] 64% building 487/534 modules 47 active /workspace/project/xian-explorer/node_modules/moment/locale/tg.js
<s> [webpack.Progress] 64% building 488/534 modules 46 active /workspace/project/xian-explorer/node_modules/moment/locale/tg.js
<s> [webpack.Progress] 64% building 489/534 modules 45 active /workspace/project/xian-explorer/node_modules/moment/locale/tg.js
<s> [webpack.Progress] 65% building 490/534 modules 44 active /workspace/project/xian-explorer/node_modules/moment/locale/tg.js
<s> [webpack.Progress] 65% building 491/534 modules 43 active /workspace/project/xian-explorer/node_modules/moment/locale/tg.js
<s> [webpack.Progress] 65% building 492/534 modules 42 active /workspace/project/xian-explorer/node_modules/moment/locale/tg.js
<s> [webpack.Progress] 65% building 493/534 modules 41 active /workspace/project/xian-explorer/node_modules/moment/locale/tg.js
<s> [webpack.Progress] 65% building 494/534 modules 40 active /workspace/project/xian-explorer/node_modules/moment/locale/tg.js
<s> [webpack.Progress] 65% building 495/534 modules 39 active /workspace/project/xian-explorer/node_modules/moment/locale/tg.js
<s> [webpack.Progress] 65% building 496/534 modules 38 active /workspace/project/xian-explorer/node_modules/moment/locale/tg.js
<s> [webpack.Progress] 65% building 497/534 modules 37 active /workspace/project/xian-explorer/node_modules/moment/locale/tg.js
<s> [webpack.Progress] 65% building 498/534 modules 36 active /workspace/project/xian-explorer/node_modules/moment/locale/tg.js
<s> [webpack.Progress] 66% building 499/534 modules 35 active /workspace/project/xian-explorer/node_modules/moment/locale/tg.js
<s> [webpack.Progress] 66% building 500/534 modules 34 active /workspace/project/xian-explorer/node_modules/moment/locale/tg.js
<s> [webpack.Progress] 66% building 501/534 modules 33 active /workspace/project/xian-explorer/node_modules/moment/locale/tg.js
<s> [webpack.Progress] 66% building 502/534 modules 32 active /workspace/project/xian-explorer/node_modules/moment/locale/tg.js
<s> [webpack.Progress] 66% building 502/535 modules 33 active /workspace/project/xian-explorer/node_modules/moment/locale/tet.js
<s> [webpack.Progress] 66% building 502/536 modules 34 active /workspace/project/xian-explorer/node_modules/moment/locale/te.js
<s> [webpack.Progress] 66% building 503/536 modules 33 active /workspace/project/xian-explorer/node_modules/moment/locale/te.js
<s> [webpack.Progress] 66% building 504/536 modules 32 active /workspace/project/xian-explorer/node_modules/moment/locale/te.js
<s> [webpack.Progress] 66% building 504/537 modules 33 active /workspace/project/xian-explorer/node_modules/moment/locale/ta.js
<s> [webpack.Progress] 66% building 505/537 modules 32 active /workspace/project/xian-explorer/node_modules/moment/locale/ta.js
<s> [webpack.Progress] 66% building 506/537 modules 31 active /workspace/project/xian-explorer/node_modules/moment/locale/ta.js
<s> [webpack.Progress] 66% building 507/537 modules 30 active /workspace/project/xian-explorer/node_modules/moment/locale/ta.js
<s> [webpack.Progress] 66% building 508/537 modules 29 active /workspace/project/xian-explorer/node_modules/moment/locale/ta.js
<s> [webpack.Progress] 66% building 508/538 modules 30 active /workspace/project/xian-explorer/node_modules/moment/locale/sw.js
<s> [webpack.Progress] 66% building 508/539 modules 31 active /workspace/project/xian-explorer/node_modules/has-proto/index.js
<s> [webpack.Progress] 66% building 508/540 modules 32 active /workspace/project/xian-explorer/node_modules/hasown/index.js
<s> [webpack.Progress] 66% building 509/540 modules 31 active /workspace/project/xian-explorer/node_modules/hasown/index.js
<s> [webpack.Progress] 66% building 510/540 modules 30 active /workspace/project/xian-explorer/node_modules/hasown/index.js
<s> [webpack.Progress] 66% building 510/541 modules 31 active /workspace/project/xian-explorer/node_modules/has-symbols/index.js
<s> [webpack.Progress] 66% building 510/542 modules 32 active /workspace/project/xian-explorer/node_modules/moment/locale/sv.js
<s> [webpack.Progress] 66% building 511/542 modules 31 active /workspace/project/xian-explorer/node_modules/moment/locale/sv.js
<s> [webpack.Progress] 66% building 511/543 modules 32 active /workspace/project/xian-explorer/node_modules/sha.js/index.js
<s> [webpack.Progress] 66% building 512/543 modules 31 active /workspace/project/xian-explorer/node_modules/sha.js/index.js
<s> [webpack.Progress] 66% building 513/543 modules 30 active /workspace/project/xian-explorer/node_modules/sha.js/index.js
<s> [webpack.Progress] 66% building 513/544 modules 31 active /workspace/project/xian-explorer/node_modules/core-js/library/modules/_object-gpo.js
<s> [webpack.Progress] 66% building 513/545 modules 32 active /workspace/project/xian-explorer/node_modules/core-js/library/modules/_iobject.js
<s> [webpack.Progress] 66% building 514/545 modules 31 active /workspace/project/xian-explorer/node_modules/core-js/library/modules/_iobject.js
<s> [webpack.Progress] 66% building 514/546 modules 32 active /workspace/project/xian-explorer/node_modules/ripemd160/index.js
<s> [webpack.Progress] 66% building 514/547 modules 33 active /workspace/project/xian-explorer/node_modules/core-js/library/modules/_iter-create.js
<s> [webpack.Progress] 66% building 514/548 modules 34 active /workspace/project/xian-explorer/node_modules/moment/locale/ss.js
<s> [webpack.Progress] 66% building 515/548 modules 33 active /workspace/project/xian-explorer/node_modules/moment/locale/ss.js
<s> [webpack.Progress] 66% building 516/548 modules 32 active /workspace/project/xian-explorer/node_modules/moment/locale/ss.js
<s> [webpack.Progress] 66% building 517/548 modules 31 active /workspace/project/xian-explorer/node_modules/moment/locale/ss.js
<s> [webpack.Progress] 66% building 518/548 modules 30 active /workspace/project/xian-explorer/node_modules/moment/locale/ss.js
<s> [webpack.Progress] 66% building 519/548 modules 29 active /workspace/project/xian-explorer/node_modules/moment/locale/ss.js
<s> [webpack.Progress] 66% building 519/549 modules 30 active /workspace/project/xian-explorer/node_modules/core-js/library/modules/_dom-create.js
<s> [webpack.Progress] 66% building 520/549 modules 29 active /workspace/project/xian-explorer/node_modules/core-js/library/modules/_dom-create.js
<s> [webpack.Progress] 66% building 520/550 modules 30 active /workspace/project/xian-explorer/node_modules/core-js/library/modules/_html.js
<s> [webpack.Progress] 66% building 520/551 modules 31 active /workspace/project/xian-explorer/node_modules/moment/locale/sr.js
<s> [webpack.Progress] 66% building 521/551 modules 30 active /workspace/project/xian-explorer/node_modules/moment/locale/sr.js
<s> [webpack.Progress] 66% building 521/552 modules 31 active /workspace/project/xian-explorer/node_modules/core-js/library/modules/_shared-key.js
<s> [webpack.Progress] 66% building 522/552 modules 30 active /workspace/project/xian-explorer/node_modules/core-js/library/modules/_shared-key.js
<s> [webpack.Progress] 66% building 522/553 modules 31 active /workspace/project/xian-explorer/node_modules/moment/locale/sr-cyrl.js
<s> [webpack.Progress] 66% building 522/554 modules 32 active /workspace/project/xian-explorer/node_modules/core-js/library/modules/_object-dps.js
<s> [webpack.Progress] 66% building 523/554 modules 31 active /workspace/project/xian-explorer/node_modules/core-js/library/modules/_object-dps.js
<s> [webpack.Progress] 66% building 523/555 modules 32 active /workspace/project/xian-explorer/node_modules/moment/locale/sq.js
<s> [webpack.Progress] 66% building 523/556 modules 33 active /workspace/project/xian-explorer/node_modules/moment/locale/sl.js
<s> [webpack.Progress] 66% building 523/557 modules 34 active /workspace/project/xian-explorer/node_modules/function-bind/index.js
<s> [webpack.Progress] 66% building 524/557 modules 33 active /workspace/project/xian-explorer/node_modules/function-bind/index.js
<s> [webpack.Progress] 66% building 525/557 modules 32 active /workspace/project/xian-explorer/node_modules/function-bind/index.js
<s> [webpack.Progress] 66% building 526/557 modules 31 active /workspace/project/xian-explorer/node_modules/function-bind/index.js
<s> [webpack.Progress] 66% building 527/557 modules 30 active /workspace/project/xian-explorer/node_modules/function-bind/index.js
<s> [webpack.Progress] 66% building 527/558 modules 31 active /workspace/project/xian-explorer/node_modules/moment/locale/sk.js
<s> [webpack.Progress] 66% building 527/559 modules 32 active /workspace/project/xian-explorer/node_modules/cache-loader/dist/cjs.js??ref--0-0!/workspace/project/xian-explorer/node_modules/vue-loader/lib/index.js??vue-loader-options!/workspace/project/xian-explorer/node_modules/@tendermint/ui/src/components/TmBlock/TmBlock.vue
<s> [webpack.Progress] 66% building 527/560 modules 33 active /workspace/project/xian-explorer/node_modules/cache-loader/dist/cjs.js??ref--0-0!/workspace/project/xian-explorer/node_modules/vue-loader/lib/index.js??vue-loader-options!/workspace/project/xian-explorer/node_modules/@tendermint/ui/src/components/TmBarDiscrete/TmBarDiscrete.vue
<s> [webpack.Progress] 66% building 527/561 modules 34 active /workspace/project/xian-explorer/node_modules/cache-loader/dist/cjs.js??ref--0-0!/workspace/project/xian-explorer/node_modules/vue-loader/lib/index.js??vue-loader-options!/workspace/project/xian-explorer/node_modules/@tendermint/ui/src/components/TmBlocks/TmBlocks.vue
<s> [webpack.Progress] 66% building 527/562 modules 35 active /workspace/project/xian-explorer/node_modules/cache-loader/dist/cjs.js??ref--0-0!/workspace/project/xian-explorer/node_modules/vue-loader/lib/index.js??vue-loader-options!/workspace/project/xian-explorer/node_modules/@tendermint/ui/src/components/TmBtn/TmBtn.vue
<s> [webpack.Progress] 66% building 527/563 modules 36 active /workspace/project/xian-explorer/node_modules/cache-loader/dist/cjs.js??ref--0-0!/workspace/project/xian-explorer/node_modules/vue-loader/lib/index.js??vue-loader-options!/workspace/project/xian-explorer/node_modules/@tendermint/ui/src/components/TmCookieConsent/TmCookieConsent.vue
<s> [webpack.Progress] 66% building 527/564 modules 37 active /workspace/project/xian-explorer/node_modules/cache-loader/dist/cjs.js??ref--0-0!/workspace/project/xian-explorer/node_modules/vue-loader/lib/index.js??vue-loader-options!/workspace/project/xian-explorer/node_modules/@tendermint/ui/src/components/TmCountdown/TmCountdown.vue
<s> [webpack.Progress] 65% building 527/565 modules 38 active /workspace/project/xian-explorer/node_modules/cache-loader/dist/cjs.js??ref--0-0!/workspace/project/xian-explorer/node_modules/vue-loader/lib/index.js??vue-loader-options!/workspace/project/xian-explorer/node_modules/@tendermint/ui/src/components/TmDataMsg/TmDataMsg.vue
<s> [webpack.Progress] 65% building 527/566 modules 39 active /workspace/project/xian-explorer/node_modules/cache-loader/dist/cjs.js??ref--0-0!/workspace/project/xian-explorer/node_modules/vue-loader/lib/index.js??vue-loader-options!/workspace/project/xian-explorer/node_modules/@tendermint/ui/src/components/TmDataEmpty/TmDataEmpty.vue
<s> [webpack.Progress] 65% building 527/567 modules 40 active /workspace/project/xian-explorer/node_modules/cache-loader/dist/cjs.js??ref--0-0!/workspace/project/xian-explorer/node_modules/vue-loader/lib/index.js??vue-loader-options!/workspace/project/xian-explorer/node_modules/@tendermint/ui/src/components/TmField/TmField.vue
<s> [webpack.Progress] 65% building 527/568 modules 41 active /workspace/project/xian-explorer/node_modules/cache-loader/dist/cjs.js??ref--0-0!/workspace/project/xian-explorer/node_modules/vue-loader/lib/index.js??vue-loader-options!/workspace/project/xian-explorer/node_modules/@tendermint/ui/src/components/TmDataLoading/TmDataLoading.vue
<s> [webpack.Progress] 65% building 527/569 modules 42 active /workspace/project/xian-explorer/node_modules/cache-loader/dist/cjs.js??ref--0-0!/workspace/project/xian-explorer/node_modules/vue-loader/lib/index.js??vue-loader-options!/workspace/project/xian-explorer/node_modules/@tendermint/ui/src/components/TmFieldGroup/TmFieldGroup.vue
<s> [webpack.Progress] 65% building 527/570 modules 43 active /workspace/project/xian-explorer/node_modules/cache-loader/dist/cjs.js??ref--0-0!/workspace/project/xian-explorer/node_modules/vue-loader/lib/index.js??vue-loader-options!/workspace/project/xian-explorer/node_modules/@tendermint/ui/src/components/TmFormMsg/TmFormMsg.vue
<s> [webpack.Progress] 65% building 527/571 modules 44 active /workspace/project/xian-explorer/node_modules/cache-loader/dist/cjs.js??ref--0-0!/workspace/project/xian-explorer/node_modules/vue-loader/lib/index.js??vue-loader-options!/workspace/project/xian-explorer/node_modules/@tendermint/ui/src/components/TmFormGroup/TmFormGroup.vue
<s> [webpack.Progress] 65% building 527/572 modules 45 active /workspace/project/xian-explorer/node_modules/cache-loader/dist/cjs.js??ref--0-0!/workspace/project/xian-explorer/node_modules/vue-loader/lib/index.js??vue-loader-options!/workspace/project/xian-explorer/node_modules/@tendermint/ui/src/components/TmFormStruct/TmFormStruct.vue
<s> [webpack.Progress] 65% building 527/573 modules 46 active /workspace/project/xian-explorer/node_modules/cache-loader/dist/cjs.js??ref--0-0!/workspace/project/xian-explorer/node_modules/vue-loader/lib/index.js??vue-loader-options!/workspace/project/xian-explorer/node_modules/@tendermint/ui/src/components/TmKeyValues/TmKeyValues.vue
<s> [webpack.Progress] 65% building 527/574 modules 47 active /workspace/project/xian-explorer/node_modules/cache-loader/dist/cjs.js??ref--0-0!/workspace/project/xian-explorer/node_modules/vue-loader/lib/index.js??vue-loader-options!/workspace/project/xian-explorer/node_modules/@tendermint/ui/src/components/TmModalError/TmModalError.vue
<s> [webpack.Progress] 64% building 527/575 modules 48 active /workspace/project/xian-explorer/node_modules/cache-loader/dist/cjs.js??ref--0-0!/workspace/project/xian-explorer/node_modules/vue-loader/lib/index.js??vue-loader-options!/workspace/project/xian-explorer/node_modules/@tendermint/ui/src/components/TmLiTransaction/TmLiTransaction.vue
<s> [webpack.Progress] 64% building 527/576 modules 49 active /workspace/project/xian-explorer/node_modules/cache-loader/dist/cjs.js??ref--0-0!/workspace/project/xian-explorer/node_modules/vue-loader/lib/index.js??vue-loader-options!/workspace/project/xian-explorer/node_modules/@tendermint/ui/src/components/TmModules/TmModules.vue
<s> [webpack.Progress] 64% building 527/577 modules 50 active /workspace/project/xian-explorer/node_modules/cache-loader/dist/cjs.js??ref--0-0!/workspace/project/xian-explorer/node_modules/vue-loader/lib/index.js??vue-loader-options!/workspace/project/xian-explorer/node_modules/@tendermint/ui/src/components/TmPage/TmPage.vue
<s> [webpack.Progress] 64% building 527/578 modules 51 active /workspace/project/xian-explorer/node_modules/cache-loader/dist/cjs.js??ref--0-0!/workspace/project/xian-explorer/node_modules/vue-loader/lib/index.js??vue-loader-options!/workspace/project/xian-explorer/node_modules/@tendermint/ui/src/components/TmPageHeader/TmPageHeader.vue
<s> [webpack.Progress] 64% building 527/579 modules 52 active /workspace/project/xian-explorer/node_modules/cache-loader/dist/cjs.js??ref--0-0!/workspace/project/xian-explorer/node_modules/vue-loader/lib/index.js??vue-loader-options!/workspace/project/xian-explorer/node_modules/@tendermint/ui/src/components/TmPageFooter/TmPageFooter.vue
<s> [webpack.Progress] 64% building 527/580 modules 53 active /workspace/project/xian-explorer/node_modules/cache-loader/dist/cjs.js??ref--0-0!/workspace/project/xian-explorer/node_modules/vue-loader/lib/index.js??vue-loader-options!/workspace/project/xian-explorer/node_modules/@tendermint/ui/src/components/TmPart/TmPart.vue
<s> [webpack.Progress] 64% building 527/581 modules 54 active /workspace/project/xian-explorer/node_modules/cache-loader/dist/cjs.js??ref--0-0!/workspace/project/xian-explorer/node_modules/vue-loader/lib/index.js??vue-loader-options!/workspace/project/xian-explorer/node_modules/@tendermint/ui/src/components/TmListItem/TmListItem.vue
<s> [webpack.Progress] 64% building 527/582 modules 55 active /workspace/project/xian-explorer/node_modules/cache-loader/dist/cjs.js??ref--0-0!/workspace/project/xian-explorer/node_modules/vue-loader/lib/index.js??vue-loader-options!/workspace/project/xian-explorer/node_modules/@tendermint/ui/src/components/TmTextContainer/TmTextContainer.vue
<s> [webpack.Progress] 64% building 527/583 modules 56 active /workspace/project/xian-explorer/node_modules/cache-loader/dist/cjs.js??ref--0-0!/workspace/project/xian-explorer/node_modules/vue-loader/lib/index.js??vue-loader-options!/workspace/project/xian-explorer/node_modules/@tendermint/ui/src/components/TmTabBar/TmTabBar.vue
<s> [webpack.Progress] 64% building 527/584 modules 57 active /workspace/project/xian-explorer/node_modules/cache-loader/dist/cjs.js??ref--0-0!/workspace/project/xian-explorer/node_modules/vue-loader/lib/index.js??vue-loader-options!/workspace/project/xian-explorer/node_modules/@tendermint/ui/src/components/TmTextMarkdown/TmTextMarkdown.vue
<s> [webpack.Progress] 64% building 527/585 modules 58 active /workspace/project/xian-explorer/node_modules/cache-loader/dist/cjs.js??ref--0-0!/workspace/project/xian-explorer/node_modules/vue-loader/lib/index.js??vue-loader-options!/workspace/project/xian-explorer/node_modules/@tendermint/ui/src/components/TmNotifications/TmNotifications.vue
<s> [webpack.Progress] 63% building 527/586 modules 59 active /workspace/project/xian-explorer/node_modules/cache-loader/dist/cjs.js??ref--0-0!/workspace/project/xian-explorer/node_modules/vue-loader/lib/index.js??vue-loader-options!/workspace/project/xian-explorer/node_modules/@tendermint/ui/src/components/TmModules/TmModule.vue
<s> [webpack.Progress] 63% building 527/587 modules 60 active /workspace/project/xian-explorer/node_modules/cache-loader/dist/cjs.js??ref--0-0!/workspace/project/xian-explorer/node_modules/vue-loader/lib/index.js??vue-loader-options!/workspace/project/xian-explorer/node_modules/@tendermint/ui/src/components/TmKeyValues/TmKeyValue.vue
<s> [webpack.Progress] 63% building 528/587 modules 59 active /workspace/project/xian-explorer/node_modules/cache-loader/dist/cjs.js??ref--0-0!/workspace/project/xian-explorer/node_modules/vue-loader/lib/index.js??vue-loader-options!/workspace/project/xian-explorer/node_modules/@tendermint/ui/src/components/TmKeyValues/TmKeyValue.vue
<s> [webpack.Progress] 63% building 528/588 modules 60 active /workspace/project/xian-explorer/node_modules/moment/locale/si.js
<s> [webpack.Progress] 63% building 528/589 modules 61 active /workspace/project/xian-explorer/node_modules/moment/locale/se.js
<s> [webpack.Progress] 63% building 528/590 modules 62 active /workspace/project/xian-explorer/node_modules/moment/locale/sd.js
<s> [webpack.Progress] 63% building 528/591 modules 63 active /workspace/project/xian-explorer/node_modules/moment/locale/ru.js
<s> [webpack.Progress] 63% building 528/592 modules 64 active /workspace/project/xian-explorer/node_modules/moment/locale/ro.js
<s> [webpack.Progress] 63% building 528/593 modules 65 active /workspace/project/xian-explorer/node_modules/moment/locale/pt.js
<s> [webpack.Progress] 63% building 529/593 modules 64 active /workspace/project/xian-explorer/node_modules/moment/locale/pt.js
<s> [webpack.Progress] 63% building 529/594 modules 65 active /workspace/project/xian-explorer/node_modules/moment/locale/pt-br.js
<s> [webpack.Progress] 63% building 530/594 modules 64 active /workspace/project/xian-explorer/node_modules/moment/locale/pt-br.js
<s> [webpack.Progress] 63% building 531/594 modules 63 active /workspace/project/xian-explorer/node_modules/moment/locale/pt-br.js
<s> [webpack.Progress] 63% building 532/594 modules 62 active /workspace/project/xian-explorer/node_modules/moment/locale/pt-br.js
<s> [webpack.Progress] 63% building 532/595 modules 63 active /workspace/project/xian-explorer/node_modules/moment/locale/pl.js
<s> [webpack.Progress] 63% building 533/595 modules 62 active /workspace/project/xian-explorer/node_modules/moment/locale/pl.js
<s> [webpack.Progress] 63% building 534/595 modules 61 active /workspace/project/xian-explorer/node_modules/moment/locale/pl.js
<s> [webpack.Progress] 63% building 535/595 modules 60 active /workspace/project/xian-explorer/node_modules/moment/locale/pl.js
<s> [webpack.Progress] 64% building 536/595 modules 59 active /workspace/project/xian-explorer/node_modules/moment/locale/pl.js
<s> [webpack.Progress] 64% building 537/595 modules 58 active /workspace/project/xian-explorer/node_modules/moment/locale/pl.js
<s> [webpack.Progress] 64% building 538/595 modules 57 active /workspace/project/xian-explorer/node_modules/moment/locale/pl.js
<s> [webpack.Progress] 64% building 539/595 modules 56 active /workspace/project/xian-explorer/node_modules/moment/locale/pl.js
<s> [webpack.Progress] 64% building 540/595 modules 55 active /workspace/project/xian-explorer/node_modules/moment/locale/pl.js
<s> [webpack.Progress] 64% building 540/596 modules 56 active /workspace/project/xian-explorer/node_modules/moment/locale/pa-in.js
<s> [webpack.Progress] 64% building 541/596 modules 55 active /workspace/project/xian-explorer/node_modules/moment/locale/pa-in.js
<s> [webpack.Progress] 64% building 542/596 modules 54 active /workspace/project/xian-explorer/node_modules/moment/locale/pa-in.js
<s> [webpack.Progress] 64% building 543/596 modules 53 active /workspace/project/xian-explorer/node_modules/moment/locale/pa-in.js
<s> [webpack.Progress] 64% building 543/597 modules 54 active /workspace/project/xian-explorer/node_modules/is-buffer/index.js
<s> [webpack.Progress] 64% building 544/597 modules 53 active /workspace/project/xian-explorer/node_modules/is-buffer/index.js
<s> [webpack.Progress] 64% building 545/597 modules 52 active /workspace/project/xian-explorer/node_modules/is-buffer/index.js
<s> [webpack.Progress] 64% building 546/597 modules 51 active /workspace/project/xian-explorer/node_modules/is-buffer/index.js
<s> [webpack.Progress] 64% building 546/598 modules 52 active /workspace/project/xian-explorer/node_modules/moment/locale/oc-lnc.js
<s> [webpack.Progress] 64% building 547/598 modules 51 active /workspace/project/xian-explorer/node_modules/moment/locale/oc-lnc.js
<s> [webpack.Progress] 64% building 547/599 modules 52 active /workspace/project/xian-explorer/node_modules/moment/locale/nn.js
<s> [webpack.Progress] 64% building 548/599 modules 51 active /workspace/project/xian-explorer/node_modules/moment/locale/nn.js
<s> [webpack.Progress] 64% building 548/600 modules 52 active /workspace/project/xian-explorer/node_modules/moment/locale/nl.js
<s> [webpack.Progress] 64% building 548/601 modules 53 active /workspace/project/xian-explorer/node_modules/moment/locale/nl-be.js
<s> [webpack.Progress] 64% building 549/601 modules 52 active /workspace/project/xian-explorer/node_modules/moment/locale/nl-be.js
<s> [webpack.Progress] 64% building 550/601 modules 51 active /workspace/project/xian-explorer/node_modules/moment/locale/nl-be.js
<s> [webpack.Progress] 64% building 550/602 modules 52 active /workspace/project/xian-explorer/node_modules/moment/locale/ne.js
<s> [webpack.Progress] 64% building 551/602 modules 51 active /workspace/project/xian-explorer/node_modules/moment/locale/ne.js
<s> [webpack.Progress] 64% building 551/603 modules 52 active /workspace/project/xian-explorer/node_modules/core-js/library/modules/_array-includes.js
<s> [webpack.Progress] 64% building 552/603 modules 51 active /workspace/project/xian-explorer/node_modules/core-js/library/modules/_array-includes.js
<s> [webpack.Progress] 64% building 552/604 modules 52 active /workspace/project/xian-explorer/node_modules/moment/locale/nb.js
<s> [webpack.Progress] 64% building 553/604 modules 51 active /workspace/project/xian-explorer/node_modules/moment/locale/nb.js
<s> [webpack.Progress] 64% building 553/605 modules 52 active /workspace/project/xian-explorer/node_modules/vue-loader/lib/loaders/pitcher.js??ref--4!/workspace/project/xian-explorer/node_modules/cache-loader/dist/cjs.js??ref--12-0!/workspace/project/xian-explorer/node_modules/babel-loader/lib/index.js!/workspace/project/xian-explorer/node_modules/vue-loader/lib/loaders/templateLoader.js??ref--6!/workspace/project/xian-explorer/node_modules/pug-plain-loader/index.js!/workspace/project/xian-explorer/node_modules/cache-loader/dist/cjs.js??ref--0-0!/workspace/project/xian-explorer/node_modules/vue-loader/lib/index.js??vue-loader-options!/workspace/project/xian-explorer/node_modules/@tendermint/ui/src/components/TmBlock/TmBlock.vue?vue&type=template&id=2863f376&lang=pug
<s> [webpack.Progress] 64% building 554/605 modules 51 active /workspace/project/xian-explorer/node_modules/moment/locale/nb.js
<s> [webpack.Progress] 64% building 554/606 modules 52 active /workspace/project/xian-explorer/node_modules/cache-loader/dist/cjs.js?{"cacheDirectory":"node_modules/.cache/vue-loader","cacheIdentifier":"1fe9d2cf-vue-loader-template"}!/workspace/project/xian-explorer/node_modules/cache-loader/dist/cjs.js??ref--12-0!/workspace/project/xian-explorer/node_modules/babel-loader/lib/index.js!/workspace/project/xian-explorer/node_modules/vue-loader/lib/loaders/templateLoader.js??ref--6!/workspace/project/xian-explorer/node_modules/pug-plain-loader/index.js!/workspace/project/xian-explorer/node_modules/cache-loader/dist/cjs.js??ref--0-0!/workspace/project/xian-explorer/node_modules/vue-loader/lib/index.js??vue-loader-options!/workspace/project/xian-explorer/node_modules/@tendermint/ui/src/components/TmBlock/TmBlock.vue?vue&type=template&id=2863f376&lang=pug
<s> [webpack.Progress] 64% building 555/606 modules 51 active /workspace/project/xian-explorer/node_modules/cache-loader/dist/cjs.js?{"cacheDirectory":"node_modules/.cache/vue-loader","cacheIdentifier":"1fe9d2cf-vue-loader-template"}!/workspace/project/xian-explorer/node_modules/cache-loader/dist/cjs.js??ref--12-0!/workspace/project/xian-explorer/node_modules/babel-loader/lib/index.js!/workspace/project/xian-explorer/node_modules/vue-loader/lib/loaders/templateLoader.js??ref--6!/workspace/project/xian-explorer/node_modules/pug-plain-loader/index.js!/workspace/project/xian-explorer/node_modules/cache-loader/dist/cjs.js??ref--0-0!/workspace/project/xian-explorer/node_modules/vue-loader/lib/index.js??vue-loader-options!/workspace/project/xian-explorer/node_modules/@tendermint/ui/src/components/TmBlock/TmBlock.vue?vue&type=template&id=2863f376&lang=pug
<s> [webpack.Progress] 64% building 555/607 modules 52 active /workspace/project/xian-explorer/node_modules/vue-loader/lib/loaders/pitcher.js??ref--4!/workspace/project/xian-explorer/node_modules/cache-loader/dist/cjs.js??ref--12-0!/workspace/project/xian-explorer/node_modules/babel-loader/lib/index.js!/workspace/project/xian-explorer/node_modules/vue-loader/lib/loaders/templateLoader.js??ref--6!/workspace/project/xian-explorer/node_modules/pug-plain-loader/index.js!/workspace/project/xian-explorer/node_modules/cache-loader/dist/cjs.js??ref--0-0!/workspace/project/xian-explorer/node_modules/vue-loader/lib/index.js??vue-loader-options!/workspace/project/xian-explorer/node_modules/@tendermint/ui/src/components/TmBarDiscrete/TmBarDiscrete.vue?vue&type=template&id=e43c4098&lang=pug
<s> [webpack.Progress] 64% building 556/607 modules 51 active /workspace/project/xian-explorer/node_modules/cache-loader/dist/cjs.js?{"cacheDirectory":"node_modules/.cache/vue-loader","cacheIdentifier":"1fe9d2cf-vue-loader-template"}!/workspace/project/xian-explorer/node_modules/cache-loader/dist/cjs.js??ref--12-0!/workspace/project/xian-explorer/node_modules/babel-loader/lib/index.js!/workspace/project/xian-explorer/node_modules/vue-loader/lib/loaders/templateLoader.js??ref--6!/workspace/project/xian-explorer/node_modules/pug-plain-loader/index.js!/workspace/project/xian-explorer/node_modules/cache-loader/dist/cjs.js??ref--0-0!/workspace/project/xian-explorer/node_modules/vue-loader/lib/index.js??vue-loader-options!/workspace/project/xian-explorer/node_modules/@tendermint/ui/src/components/TmBlock/TmBlock.vue?vue&type=template&id=2863f376&lang=pug
<s> [webpack.Progress] 64% building 556/608 modules 52 active /workspace/project/xian-explorer/node_modules/cache-loader/dist/cjs.js?{"cacheDirectory":"node_modules/.cache/vue-loader","cacheIdentifier":"1fe9d2cf-vue-loader-template"}!/workspace/project/xian-explorer/node_modules/cache-loader/dist/cjs.js??ref--12-0!/workspace/project/xian-explorer/node_modules/babel-loader/lib/index.js!/workspace/project/xian-explorer/node_modules/vue-loader/lib/loaders/templateLoader.js??ref--6!/workspace/project/xian-explorer/node_modules/pug-plain-loader/index.js!/workspace/project/xian-explorer/node_modules/cache-loader/dist/cjs.js??ref--0-0!/workspace/project/xian-explorer/node_modules/vue-loader/lib/index.js??vue-loader-options!/workspace/project/xian-explorer/node_modules/@tendermint/ui/src/components/TmBarDiscrete/TmBarDiscrete.vue?vue&type=template&id=e43c4098&lang=pug
<s> [webpack.Progress] 64% building 557/608 modules 51 active /workspace/project/xian-explorer/node_modules/cache-loader/dist/cjs.js?{"cacheDirectory":"node_modules/.cache/vue-loader","cacheIdentifier":"1fe9d2cf-vue-loader-template"}!/workspace/project/xian-explorer/node_modules/cache-loader/dist/cjs.js??ref--12-0!/workspace/project/xian-explorer/node_modules/babel-loader/lib/index.js!/workspace/project/xian-explorer/node_modules/vue-loader/lib/loaders/templateLoader.js??ref--6!/workspace/project/xian-explorer/node_modules/pug-plain-loader/index.js!/workspace/project/xian-explorer/node_modules/cache-loader/dist/cjs.js??ref--0-0!/workspace/project/xian-explorer/node_modules/vue-loader/lib/index.js??vue-loader-options!/workspace/project/xian-explorer/node_modules/@tendermint/ui/src/components/TmBarDiscrete/TmBarDiscrete.vue?vue&type=template&id=e43c4098&lang=pug
<s> [webpack.Progress] 64% building 557/609 modules 52 active /workspace/project/xian-explorer/node_modules/vue-loader/lib/loaders/pitcher.js??ref--4!/workspace/project/xian-explorer/node_modules/cache-loader/dist/cjs.js??ref--12-0!/workspace/project/xian-explorer/node_modules/babel-loader/lib/index.js!/workspace/project/xian-explorer/node_modules/vue-loader/lib/loaders/templateLoader.js??ref--6!/workspace/project/xian-explorer/node_modules/pug-plain-loader/index.js!/workspace/project/xian-explorer/node_modules/cache-loader/dist/cjs.js??ref--0-0!/workspace/project/xian-explorer/node_modules/vue-loader/lib/index.js??vue-loader-options!/workspace/project/xian-explorer/node_modules/@tendermint/ui/src/components/TmBlocks/TmBlocks.vue?vue&type=template&id=358f2f6c&lang=pug
<s> [webpack.Progress] 64% building 558/609 modules 51 active /workspace/project/xian-explorer/node_modules/cache-loader/dist/cjs.js?{"cacheDirectory":"node_modules/.cache/vue-loader","cacheIdentifier":"1fe9d2cf-vue-loader-template"}!/workspace/project/xian-explorer/node_modules/cache-loader/dist/cjs.js??ref--12-0!/workspace/project/xian-explorer/node_modules/babel-loader/lib/index.js!/workspace/project/xian-explorer/node_modules/vue-loader/lib/loaders/templateLoader.js??ref--6!/workspace/project/xian-explorer/node_modules/pug-plain-loader/index.js!/workspace/project/xian-explorer/node_modules/cache-loader/dist/cjs.js??ref--0-0!/workspace/project/xian-explorer/node_modules/vue-loader/lib/index.js??vue-loader-options!/workspace/project/xian-explorer/node_modules/@tendermint/ui/src/components/TmBarDiscrete/TmBarDiscrete.vue?vue&type=template&id=e43c4098&lang=pug
<s> [webpack.Progress] 64% building 558/610 modules 52 active /workspace/project/xian-explorer/node_modules/cache-loader/dist/cjs.js?{"cacheDirectory":"node_modules/.cache/vue-loader","cacheIdentifier":"1fe9d2cf-vue-loader-template"}!/workspace/project/xian-explorer/node_modules/cache-loader/dist/cjs.js??ref--12-0!/workspace/project/xian-explorer/node_modules/babel-loader/lib/index.js!/workspace/project/xian-explorer/node_modules/vue-loader/lib/loaders/templateLoader.js??ref--6!/workspace/project/xian-explorer/node_modules/pug-plain-loader/index.js!/workspace/project/xian-explorer/node_modules/cache-loader/dist/cjs.js??ref--0-0!/workspace/project/xian-explorer/node_modules/vue-loader/lib/index.js??vue-loader-options!/workspace/project/xian-explorer/node_modules/@tendermint/ui/src/components/TmBlocks/TmBlocks.vue?vue&type=template&id=358f2f6c&lang=pug
<s> [webpack.Progress] 64% building 559/610 modules 51 active /workspace/project/xian-explorer/node_modules/cache-loader/dist/cjs.js?{"cacheDirectory":"node_modules/.cache/vue-loader","cacheIdentifier":"1fe9d2cf-vue-loader-template"}!/workspace/project/xian-explorer/node_modules/cache-loader/dist/cjs.js??ref--12-0!/workspace/project/xian-explorer/node_modules/babel-loader/lib/index.js!/workspace/project/xian-explorer/node_modules/vue-loader/lib/loaders/templateLoader.js??ref--6!/workspace/project/xian-explorer/node_modules/pug-plain-loader/index.js!/workspace/project/xian-explorer/node_modules/cache-loader/dist/cjs.js??ref--0-0!/workspace/project/xian-explorer/node_modules/vue-loader/lib/index.js??vue-loader-options!/workspace/project/xian-explorer/node_modules/@tendermint/ui/src/components/TmBlocks/TmBlocks.vue?vue&type=template&id=358f2f6c&lang=pug
<s> [webpack.Progress] 64% building 559/611 modules 52 active /workspace/project/xian-explorer/node_modules/vue-loader/lib/loaders/pitcher.js??ref--4!/workspace/project/xian-explorer/node_modules/cache-loader/dist/cjs.js??ref--12-0!/workspace/project/xian-explorer/node_modules/babel-loader/lib/index.js!/workspace/project/xian-explorer/node_modules/vue-loader/lib/loaders/templateLoader.js??ref--6!/workspace/project/xian-explorer/node_modules/pug-plain-loader/index.js!/workspace/project/xian-explorer/node_modules/cache-loader/dist/cjs.js??ref--0-0!/workspace/project/xian-explorer/node_modules/vue-loader/lib/index.js??vue-loader-options!/workspace/project/xian-explorer/node_modules/@tendermint/ui/src/components/TmBtn/TmBtn.vue?vue&type=template&id=258e7c14&lang=pug
<s> [webpack.Progress] 64% building 560/611 modules 51 active /workspace/project/xian-explorer/node_modules/cache-loader/dist/cjs.js?{"cacheDirectory":"node_modules/.cache/vue-loader","cacheIdentifier":"1fe9d2cf-vue-loader-template"}!/workspace/project/xian-explorer/node_modules/cache-loader/dist/cjs.js??ref--12-0!/workspace/project/xian-explorer/node_modules/babel-loader/lib/index.js!/workspace/project/xian-explorer/node_modules/vue-loader/lib/loaders/templateLoader.js??ref--6!/workspace/project/xian-explorer/node_modules/pug-plain-loader/index.js!/workspace/project/xian-explorer/node_modules/cache-loader/dist/cjs.js??ref--0-0!/workspace/project/xian-explorer/node_modules/vue-loader/lib/index.js??vue-loader-options!/workspace/project/xian-explorer/node_modules/@tendermint/ui/src/components/TmBlocks/TmBlocks.vue?vue&type=template&id=358f2f6c&lang=pug
<s> [webpack.Progress] 64% building 560/612 modules 52 active /workspace/project/xian-explorer/node_modules/cache-loader/dist/cjs.js?{"cacheDirectory":"node_modules/.cache/vue-loader","cacheIdentifier":"1fe9d2cf-vue-loader-template"}!/workspace/project/xian-explorer/node_modules/cache-loader/dist/cjs.js??ref--12-0!/workspace/project/xian-explorer/node_modules/babel-loader/lib/index.js!/workspace/project/xian-explorer/node_modules/vue-loader/lib/loaders/templateLoader.js??ref--6!/workspace/project/xian-explorer/node_modules/pug-plain-loader/index.js!/workspace/project/xian-explorer/node_modules/cache-loader/dist/cjs.js??ref--0-0!/workspace/project/xian-explorer/node_modules/vue-loader/lib/index.js??vue-loader-options!/workspace/project/xian-explorer/node_modules/@tendermint/ui/src/components/TmBtn/TmBtn.vue?vue&type=template&id=258e7c14&lang=pug
<s> [webpack.Progress] 64% building 561/612 modules 51 active /workspace/project/xian-explorer/node_modules/cache-loader/dist/cjs.js?{"cacheDirectory":"node_modules/.cache/vue-loader","cacheIdentifier":"1fe9d2cf-vue-loader-template"}!/workspace/project/xian-explorer/node_modules/cache-loader/dist/cjs.js??ref--12-0!/workspace/project/xian-explorer/node_modules/babel-loader/lib/index.js!/workspace/project/xian-explorer/node_modules/vue-loader/lib/loaders/templateLoader.js??ref--6!/workspace/project/xian-explorer/node_modules/pug-plain-loader/index.js!/workspace/project/xian-explorer/node_modules/cache-loader/dist/cjs.js??ref--0-0!/workspace/project/xian-explorer/node_modules/vue-loader/lib/index.js??vue-loader-options!/workspace/project/xian-explorer/node_modules/@tendermint/ui/src/components/TmBtn/TmBtn.vue?vue&type=template&id=258e7c14&lang=pug
<s> [webpack.Progress] 64% building 561/613 modules 52 active /workspace/project/xian-explorer/node_modules/vue-loader/lib/loaders/pitcher.js??ref--4!/workspace/project/xian-explorer/node_modules/cache-loader/dist/cjs.js??ref--12-0!/workspace/project/xian-explorer/node_modules/babel-loader/lib/index.js!/workspace/project/xian-explorer/node_modules/vue-loader/lib/loaders/templateLoader.js??ref--6!/workspace/project/xian-explorer/node_modules/pug-plain-loader/index.js!/workspace/project/xian-explorer/node_modules/cache-loader/dist/cjs.js??ref--0-0!/workspace/project/xian-explorer/node_modules/vue-loader/lib/index.js??vue-loader-options!/workspace/project/xian-explorer/node_modules/@tendermint/ui/src/components/TmCookieConsent/TmCookieConsent.vue?vue&type=template&id=5ccd06f0&lang=pug
<s> [webpack.Progress] 65% building 562/613 modules 51 active /workspace/project/xian-explorer/node_modules/cache-loader/dist/cjs.js?{"cacheDirectory":"node_modules/.cache/vue-loader","cacheIdentifier":"1fe9d2cf-vue-loader-template"}!/workspace/project/xian-explorer/node_modules/cache-loader/dist/cjs.js??ref--12-0!/workspace/project/xian-explorer/node_modules/babel-loader/lib/index.js!/workspace/project/xian-explorer/node_modules/vue-loader/lib/loaders/templateLoader.js??ref--6!/workspace/project/xian-explorer/node_modules/pug-plain-loader/index.js!/workspace/project/xian-explorer/node_modules/cache-loader/dist/cjs.js??ref--0-0!/workspace/project/xian-explorer/node_modules/vue-loader/lib/index.js??vue-loader-options!/workspace/project/xian-explorer/node_modules/@tendermint/ui/src/components/TmBtn/TmBtn.vue?vue&type=template&id=258e7c14&lang=pug
<s> [webpack.Progress] 64% building 562/614 modules 52 active /workspace/project/xian-explorer/node_modules/cache-loader/dist/cjs.js?{"cacheDirectory":"node_modules/.cache/vue-loader","cacheIdentifier":"1fe9d2cf-vue-loader-template"}!/workspace/project/xian-explorer/node_modules/cache-loader/dist/cjs.js??ref--12-0!/workspace/project/xian-explorer/node_modules/babel-loader/lib/index.js!/workspace/project/xian-explorer/node_modules/vue-loader/lib/loaders/templateLoader.js??ref--6!/workspace/project/xian-explorer/node_modules/pug-plain-loader/index.js!/workspace/project/xian-explorer/node_modules/cache-loader/dist/cjs.js??ref--0-0!/workspace/project/xian-explorer/node_modules/vue-loader/lib/index.js??vue-loader-options!/workspace/project/xian-explorer/node_modules/@tendermint/ui/src/components/TmCookieConsent/TmCookieConsent.vue?vue&type=template&id=5ccd06f0&lang=pug
<s> [webpack.Progress] 65% building 563/614 modules 51 active /workspace/project/xian-explorer/node_modules/cache-loader/dist/cjs.js?{"cacheDirectory":"node_modules/.cache/vue-loader","cacheIdentifier":"1fe9d2cf-vue-loader-template"}!/workspace/project/xian-explorer/node_modules/cache-loader/dist/cjs.js??ref--12-0!/workspace/project/xian-explorer/node_modules/babel-loader/lib/index.js!/workspace/project/xian-explorer/node_modules/vue-loader/lib/loaders/templateLoader.js??ref--6!/workspace/project/xian-explorer/node_modules/pug-plain-loader/index.js!/workspace/project/xian-explorer/node_modules/cache-loader/dist/cjs.js??ref--0-0!/workspace/project/xian-explorer/node_modules/vue-loader/lib/index.js??vue-loader-options!/workspace/project/xian-explorer/node_modules/@tendermint/ui/src/components/TmCookieConsent/TmCookieConsent.vue?vue&type=template&id=5ccd06f0&lang=pug
<s> [webpack.Progress] 64% building 563/615 modules 52 active /workspace/project/xian-explorer/node_modules/vue-loader/lib/loaders/pitcher.js??ref--4!/workspace/project/xian-explorer/node_modules/cache-loader/dist/cjs.js??ref--12-0!/workspace/project/xian-explorer/node_modules/babel-loader/lib/index.js!/workspace/project/xian-explorer/node_modules/vue-loader/lib/loaders/templateLoader.js??ref--6!/workspace/project/xian-explorer/node_modules/pug-plain-loader/index.js!/workspace/project/xian-explorer/node_modules/cache-loader/dist/cjs.js??ref--0-0!/workspace/project/xian-explorer/node_modules/vue-loader/lib/index.js??vue-loader-options!/workspace/project/xian-explorer/node_modules/@tendermint/ui/src/components/TmDataMsg/TmDataMsg.vue?vue&type=template&id=02a0d78a&lang=pug
<s> [webpack.Progress] 65% building 564/615 modules 51 active /workspace/project/xian-explorer/node_modules/cache-loader/dist/cjs.js?{"cacheDirectory":"node_modules/.cache/vue-loader","cacheIdentifier":"1fe9d2cf-vue-loader-template"}!/workspace/project/xian-explorer/node_modules/cache-loader/dist/cjs.js??ref--12-0!/workspace/project/xian-explorer/node_modules/babel-loader/lib/index.js!/workspace/project/xian-explorer/node_modules/vue-loader/lib/loaders/templateLoader.js??ref--6!/workspace/project/xian-explorer/node_modules/pug-plain-loader/index.js!/workspace/project/xian-explorer/node_modules/cache-loader/dist/cjs.js??ref--0-0!/workspace/project/xian-explorer/node_modules/vue-loader/lib/index.js??vue-loader-options!/workspace/project/xian-explorer/node_modules/@tendermint/ui/src/components/TmCookieConsent/TmCookieConsent.vue?vue&type=template&id=5ccd06f0&lang=pug
<s> [webpack.Progress] 64% building 564/616 modules 52 active /workspace/project/xian-explorer/node_modules/cache-loader/dist/cjs.js?{"cacheDirectory":"node_modules/.cache/vue-loader","cacheIdentifier":"1fe9d2cf-vue-loader-template"}!/workspace/project/xian-explorer/node_modules/cache-loader/dist/cjs.js??ref--12-0!/workspace/project/xian-explorer/node_modules/babel-loader/lib/index.js!/workspace/project/xian-explorer/node_modules/vue-loader/lib/loaders/templateLoader.js??ref--6!/workspace/project/xian-explorer/node_modules/pug-plain-loader/index.js!/workspace/project/xian-explorer/node_modules/cache-loader/dist/cjs.js??ref--0-0!/workspace/project/xian-explorer/node_modules/vue-loader/lib/index.js??vue-loader-options!/workspace/project/xian-explorer/node_modules/@tendermint/ui/src/components/TmDataMsg/TmDataMsg.vue?vue&type=template&id=02a0d78a&lang=pug
<s> [webpack.Progress] 65% building 565/616 modules 51 active /workspace/project/xian-explorer/node_modules/cache-loader/dist/cjs.js?{"cacheDirectory":"node_modules/.cache/vue-loader","cacheIdentifier":"1fe9d2cf-vue-loader-template"}!/workspace/project/xian-explorer/node_modules/cache-loader/dist/cjs.js??ref--12-0!/workspace/project/xian-explorer/node_modules/babel-loader/lib/index.js!/workspace/project/xian-explorer/node_modules/vue-loader/lib/loaders/templateLoader.js??ref--6!/workspace/project/xian-explorer/node_modules/pug-plain-loader/index.js!/workspace/project/xian-explorer/node_modules/cache-loader/dist/cjs.js??ref--0-0!/workspace/project/xian-explorer/node_modules/vue-loader/lib/index.js??vue-loader-options!/workspace/project/xian-explorer/node_modules/@tendermint/ui/src/components/TmDataMsg/TmDataMsg.vue?vue&type=template&id=02a0d78a&lang=pug
<s> [webpack.Progress] 64% building 565/617 modules 52 active /workspace/project/xian-explorer/node_modules/vue-loader/lib/loaders/pitcher.js??ref--4!/workspace/project/xian-explorer/node_modules/cache-loader/dist/cjs.js??ref--12-0!/workspace/project/xian-explorer/node_modules/babel-loader/lib/index.js!/workspace/project/xian-explorer/node_modules/vue-loader/lib/loaders/templateLoader.js??ref--6!/workspace/project/xian-explorer/node_modules/cache-loader/dist/cjs.js??ref--0-0!/workspace/project/xian-explorer/node_modules/vue-loader/lib/index.js??vue-loader-options!/workspace/project/xian-explorer/node_modules/@tendermint/ui/src/components/TmCountdown/TmCountdown.vue?vue&type=template&id=0ba9363e
<s> [webpack.Progress] 65% building 566/617 modules 51 active /workspace/project/xian-explorer/node_modules/cache-loader/dist/cjs.js?{"cacheDirectory":"node_modules/.cache/vue-loader","cacheIdentifier":"1fe9d2cf-vue-loader-template"}!/workspace/project/xian-explorer/node_modules/cache-loader/dist/cjs.js??ref--12-0!/workspace/project/xian-explorer/node_modules/babel-loader/lib/index.js!/workspace/project/xian-explorer/node_modules/vue-loader/lib/loaders/templateLoader.js??ref--6!/workspace/project/xian-explorer/node_modules/pug-plain-loader/index.js!/workspace/project/xian-explorer/node_modules/cache-loader/dist/cjs.js??ref--0-0!/workspace/project/xian-explorer/node_modules/vue-loader/lib/index.js??vue-loader-options!/workspace/project/xian-explorer/node_modules/@tendermint/ui/src/components/TmDataMsg/TmDataMsg.vue?vue&type=template&id=02a0d78a&lang=pug
<s> [webpack.Progress] 64% building 566/618 modules 52 active /workspace/project/xian-explorer/node_modules/cache-loader/dist/cjs.js?{"cacheDirectory":"node_modules/.cache/vue-loader","cacheIdentifier":"1fe9d2cf-vue-loader-template"}!/workspace/project/xian-explorer/node_modules/cache-loader/dist/cjs.js??ref--12-0!/workspace/project/xian-explorer/node_modules/babel-loader/lib/index.js!/workspace/project/xian-explorer/node_modules/vue-loader/lib/loaders/templateLoader.js??ref--6!/workspace/project/xian-explorer/node_modules/cache-loader/dist/cjs.js??ref--0-0!/workspace/project/xian-explorer/node_modules/vue-loader/lib/index.js??vue-loader-options!/workspace/project/xian-explorer/node_modules/@tendermint/ui/src/components/TmCountdown/TmCountdown.vue?vue&type=template&id=0ba9363e
<s> [webpack.Progress] 65% building 567/618 modules 51 active /workspace/project/xian-explorer/node_modules/cache-loader/dist/cjs.js?{"cacheDirectory":"node_modules/.cache/vue-loader","cacheIdentifier":"1fe9d2cf-vue-loader-template"}!/workspace/project/xian-explorer/node_modules/cache-loader/dist/cjs.js??ref--12-0!/workspace/project/xian-explorer/node_modules/babel-loader/lib/index.js!/workspace/project/xian-explorer/node_modules/vue-loader/lib/loaders/templateLoader.js??ref--6!/workspace/project/xian-explorer/node_modules/cache-loader/dist/cjs.js??ref--0-0!/workspace/project/xian-explorer/node_modules/vue-loader/lib/index.js??vue-loader-options!/workspace/project/xian-explorer/node_modules/@tendermint/ui/src/components/TmCountdown/TmCountdown.vue?vue&type=template&id=0ba9363e
<s> [webpack.Progress] 64% building 567/619 modules 52 active /workspace/project/xian-explorer/node_modules/vue-loader/lib/loaders/pitcher.js??ref--4!/workspace/project/xian-explorer/node_modules/cache-loader/dist/cjs.js??ref--12-0!/workspace/project/xian-explorer/node_modules/babel-loader/lib/index.js!/workspace/project/xian-explorer/node_modules/vue-loader/lib/loaders/templateLoader.js??ref--6!/workspace/project/xian-explorer/node_modules/pug-plain-loader/index.js!/workspace/project/xian-explorer/node_modules/cache-loader/dist/cjs.js??ref--0-0!/workspace/project/xian-explorer/node_modules/vue-loader/lib/index.js??vue-loader-options!/workspace/project/xian-explorer/node_modules/@tendermint/ui/src/components/TmDataEmpty/TmDataEmpty.vue?vue&type=template&id=cce4673c&lang=pug
<s> [webpack.Progress] 65% building 568/619 modules 51 active /workspace/project/xian-explorer/node_modules/cache-loader/dist/cjs.js?{"cacheDirectory":"node_modules/.cache/vue-loader","cacheIdentifier":"1fe9d2cf-vue-loader-template"}!/workspace/project/xian-explorer/node_modules/cache-loader/dist/cjs.js??ref--12-0!/workspace/project/xian-explorer/node_modules/babel-loader/lib/index.js!/workspace/project/xian-explorer/node_modules/vue-loader/lib/loaders/templateLoader.js??ref--6!/workspace/project/xian-explorer/node_modules/cache-loader/dist/cjs.js??ref--0-0!/workspace/project/xian-explorer/node_modules/vue-loader/lib/index.js??vue-loader-options!/workspace/project/xian-explorer/node_modules/@tendermint/ui/src/components/TmCountdown/TmCountdown.vue?vue&type=template&id=0ba9363e
<s> [webpack.Progress] 64% building 568/620 modules 52 active /workspace/project/xian-explorer/node_modules/cache-loader/dist/cjs.js?{"cacheDirectory":"node_modules/.cache/vue-loader","cacheIdentifier":"1fe9d2cf-vue-loader-template"}!/workspace/project/xian-explorer/node_modules/cache-loader/dist/cjs.js??ref--12-0!/workspace/project/xian-explorer/node_modules/babel-loader/lib/index.js!/workspace/project/xian-explorer/node_modules/vue-loader/lib/loaders/templateLoader.js??ref--6!/workspace/project/xian-explorer/node_modules/pug-plain-loader/index.js!/workspace/project/xian-explorer/node_modules/cache-loader/dist/cjs.js??ref--0-0!/workspace/project/xian-explorer/node_modules/vue-loader/lib/index.js??vue-loader-options!/workspace/project/xian-explorer/node_modules/@tendermint/ui/src/components/TmDataEmpty/TmDataEmpty.vue?vue&type=template&id=cce4673c&lang=pug
<s> [webpack.Progress] 65% building 569/620 modules 51 active /workspace/project/xian-explorer/node_modules/cache-loader/dist/cjs.js?{"cacheDirectory":"node_modules/.cache/vue-loader","cacheIdentifier":"1fe9d2cf-vue-loader-template"}!/workspace/project/xian-explorer/node_modules/cache-loader/dist/cjs.js??ref--12-0!/workspace/project/xian-explorer/node_modules/babel-loader/lib/index.js!/workspace/project/xian-explorer/node_modules/vue-loader/lib/loaders/templateLoader.js??ref--6!/workspace/project/xian-explorer/node_modules/pug-plain-loader/index.js!/workspace/project/xian-explorer/node_modules/cache-loader/dist/cjs.js??ref--0-0!/workspace/project/xian-explorer/node_modules/vue-loader/lib/index.js??vue-loader-options!/workspace/project/xian-explorer/node_modules/@tendermint/ui/src/components/TmDataEmpty/TmDataEmpty.vue?vue&type=template&id=cce4673c&lang=pug
<s> [webpack.Progress] 64% building 569/621 modules 52 active /workspace/project/xian-explorer/node_modules/vue-loader/lib/loaders/pitcher.js??ref--4!/workspace/project/xian-explorer/node_modules/cache-loader/dist/cjs.js??ref--12-0!/workspace/project/xian-explorer/node_modules/babel-loader/lib/index.js!/workspace/project/xian-explorer/node_modules/vue-loader/lib/loaders/templateLoader.js??ref--6!/workspace/project/xian-explorer/node_modules/pug-plain-loader/index.js!/workspace/project/xian-explorer/node_modules/cache-loader/dist/cjs.js??ref--0-0!/workspace/project/xian-explorer/node_modules/vue-loader/lib/index.js??vue-loader-options!/workspace/project/xian-explorer/node_modules/@tendermint/ui/src/components/TmDataLoading/TmDataLoading.vue?vue&type=template&id=7a2a8980&lang=pug
<s> [webpack.Progress] 65% building 570/621 modules 51 active /workspace/project/xian-explorer/node_modules/cache-loader/dist/cjs.js?{"cacheDirectory":"node_modules/.cache/vue-loader","cacheIdentifier":"1fe9d2cf-vue-loader-template"}!/workspace/project/xian-explorer/node_modules/cache-loader/dist/cjs.js??ref--12-0!/workspace/project/xian-explorer/node_modules/babel-loader/lib/index.js!/workspace/project/xian-explorer/node_modules/vue-loader/lib/loaders/templateLoader.js??ref--6!/workspace/project/xian-explorer/node_modules/pug-plain-loader/index.js!/workspace/project/xian-explorer/node_modules/cache-loader/dist/cjs.js??ref--0-0!/workspace/project/xian-explorer/node_modules/vue-loader/lib/index.js??vue-loader-options!/workspace/project/xian-explorer/node_modules/@tendermint/ui/src/components/TmDataEmpty/TmDataEmpty.vue?vue&type=template&id=cce4673c&lang=pug
<s> [webpack.Progress] 64% building 570/622 modules 52 active /workspace/project/xian-explorer/node_modules/cache-loader/dist/cjs.js?{"cacheDirectory":"node_modules/.cache/vue-loader","cacheIdentifier":"1fe9d2cf-vue-loader-template"}!/workspace/project/xian-explorer/node_modules/cache-loader/dist/cjs.js??ref--12-0!/workspace/project/xian-explorer/node_modules/babel-loader/lib/index.js!/workspace/project/xian-explorer/node_modules/vue-loader/lib/loaders/templateLoader.js??ref--6!/workspace/project/xian-explorer/node_modules/pug-plain-loader/index.js!/workspace/project/xian-explorer/node_modules/cache-loader/dist/cjs.js??ref--0-0!/workspace/project/xian-explorer/node_modules/vue-loader/lib/index.js??vue-loader-options!/workspace/project/xian-explorer/node_modules/@tendermint/ui/src/components/TmDataLoading/TmDataLoading.vue?vue&type=template&id=7a2a8980&lang=pug
<s> [webpack.Progress] 65% building 571/622 modules 51 active /workspace/project/xian-explorer/node_modules/cache-loader/dist/cjs.js?{"cacheDirectory":"node_modules/.cache/vue-loader","cacheIdentifier":"1fe9d2cf-vue-loader-template"}!/workspace/project/xian-explorer/node_modules/cache-loader/dist/cjs.js??ref--12-0!/workspace/project/xian-explorer/node_modules/babel-loader/lib/index.js!/workspace/project/xian-explorer/node_modules/vue-loader/lib/loaders/templateLoader.js??ref--6!/workspace/project/xian-explorer/node_modules/pug-plain-loader/index.js!/workspace/project/xian-explorer/node_modules/cache-loader/dist/cjs.js??ref--0-0!/workspace/project/xian-explorer/node_modules/vue-loader/lib/index.js??vue-loader-options!/workspace/project/xian-explorer/node_modules/@tendermint/ui/src/components/TmDataLoading/TmDataLoading.vue?vue&type=template&id=7a2a8980&lang=pug
<s> [webpack.Progress] 64% building 571/623 modules 52 active /workspace/project/xian-explorer/node_modules/vue-loader/lib/loaders/pitcher.js??ref--4!/workspace/project/xian-explorer/node_modules/cache-loader/dist/cjs.js??ref--12-0!/workspace/project/xian-explorer/node_modules/babel-loader/lib/index.js!/workspace/project/xian-explorer/node_modules/vue-loader/lib/loaders/templateLoader.js??ref--6!/workspace/project/xian-explorer/node_modules/pug-plain-loader/index.js!/workspace/project/xian-explorer/node_modules/cache-loader/dist/cjs.js??ref--0-0!/workspace/project/xian-explorer/node_modules/vue-loader/lib/index.js??vue-loader-options!/workspace/project/xian-explorer/node_modules/@tendermint/ui/src/components/TmField/TmField.vue?vue&type=template&id=73391b60&lang=pug
<s> [webpack.Progress] 65% building 572/623 modules 51 active /workspace/project/xian-explorer/node_modules/cache-loader/dist/cjs.js?{"cacheDirectory":"node_modules/.cache/vue-loader","cacheIdentifier":"1fe9d2cf-vue-loader-template"}!/workspace/project/xian-explorer/node_modules/cache-loader/dist/cjs.js??ref--12-0!/workspace/project/xian-explorer/node_modules/babel-loader/lib/index.js!/workspace/project/xian-explorer/node_modules/vue-loader/lib/loaders/templateLoader.js??ref--6!/workspace/project/xian-explorer/node_modules/pug-plain-loader/index.js!/workspace/project/xian-explorer/node_modules/cache-loader/dist/cjs.js??ref--0-0!/workspace/project/xian-explorer/node_modules/vue-loader/lib/index.js??vue-loader-options!/workspace/project/xian-explorer/node_modules/@tendermint/ui/src/components/TmDataLoading/TmDataLoading.vue?vue&type=template&id=7a2a8980&lang=pug
<s> [webpack.Progress] 64% building 572/624 modules 52 active /workspace/project/xian-explorer/node_modules/cache-loader/dist/cjs.js?{"cacheDirectory":"node_modules/.cache/vue-loader","cacheIdentifier":"1fe9d2cf-vue-loader-template"}!/workspace/project/xian-explorer/node_modules/cache-loader/dist/cjs.js??ref--12-0!/workspace/project/xian-explorer/node_modules/babel-loader/lib/index.js!/workspace/project/xian-explorer/node_modules/vue-loader/lib/loaders/templateLoader.js??ref--6!/workspace/project/xian-explorer/node_modules/pug-plain-loader/index.js!/workspace/project/xian-explorer/node_modules/cache-loader/dist/cjs.js??ref--0-0!/workspace/project/xian-explorer/node_modules/vue-loader/lib/index.js??vue-loader-options!/workspace/project/xian-explorer/node_modules/@tendermint/ui/src/components/TmField/TmField.vue?vue&type=template&id=73391b60&lang=pug
<s> [webpack.Progress] 65% building 573/624 modules 51 active /workspace/project/xian-explorer/node_modules/cache-loader/dist/cjs.js?{"cacheDirectory":"node_modules/.cache/vue-loader","cacheIdentifier":"1fe9d2cf-vue-loader-template"}!/workspace/project/xian-explorer/node_modules/cache-loader/dist/cjs.js??ref--12-0!/workspace/project/xian-explorer/node_modules/babel-loader/lib/index.js!/workspace/project/xian-explorer/node_modules/vue-loader/lib/loaders/templateLoader.js??ref--6!/workspace/project/xian-explorer/node_modules/pug-plain-loader/index.js!/workspace/project/xian-explorer/node_modules/cache-loader/dist/cjs.js??ref--0-0!/workspace/project/xian-explorer/node_modules/vue-loader/lib/index.js??vue-loader-options!/workspace/project/xian-explorer/node_modules/@tendermint/ui/src/components/TmField/TmField.vue?vue&type=template&id=73391b60&lang=pug
<s> [webpack.Progress] 65% building 573/625 modules 52 active /workspace/project/xian-explorer/node_modules/vue-loader/lib/loaders/pitcher.js??ref--4!/workspace/project/xian-explorer/node_modules/cache-loader/dist/cjs.js??ref--12-0!/workspace/project/xian-explorer/node_modules/babel-loader/lib/index.js!/workspace/project/xian-explorer/node_modules/vue-loader/lib/loaders/templateLoader.js??ref--6!/workspace/project/xian-explorer/node_modules/pug-plain-loader/index.js!/workspace/project/xian-explorer/node_modules/cache-loader/dist/cjs.js??ref--0-0!/workspace/project/xian-explorer/node_modules/vue-loader/lib/index.js??vue-loader-options!/workspace/project/xian-explorer/node_modules/@tendermint/ui/src/components/TmFieldGroup/TmFieldGroup.vue?vue&type=template&id=00408668&lang=pug
<s> [webpack.Progress] 65% building 574/625 modules 51 active /workspace/project/xian-explorer/node_modules/cache-loader/dist/cjs.js?{"cacheDirectory":"node_modules/.cache/vue-loader","cacheIdentifier":"1fe9d2cf-vue-loader-template"}!/workspace/project/xian-explorer/node_modules/cache-loader/dist/cjs.js??ref--12-0!/workspace/project/xian-explorer/node_modules/babel-loader/lib/index.js!/workspace/project/xian-explorer/node_modules/vue-loader/lib/loaders/templateLoader.js??ref--6!/workspace/project/xian-explorer/node_modules/pug-plain-loader/index.js!/workspace/project/xian-explorer/node_modules/cache-loader/dist/cjs.js??ref--0-0!/workspace/project/xian-explorer/node_modules/vue-loader/lib/index.js??vue-loader-options!/workspace/project/xian-explorer/node_modules/@tendermint/ui/src/components/TmField/TmField.vue?vue&type=template&id=73391b60&lang=pug
<s> [webpack.Progress] 65% building 574/626 modules 52 active /workspace/project/xian-explorer/node_modules/cache-loader/dist/cjs.js?{"cacheDirectory":"node_modules/.cache/vue-loader","cacheIdentifier":"1fe9d2cf-vue-loader-template"}!/workspace/project/xian-explorer/node_modules/cache-loader/dist/cjs.js??ref--12-0!/workspace/project/xian-explorer/node_modules/babel-loader/lib/index.js!/workspace/project/xian-explorer/node_modules/vue-loader/lib/loaders/templateLoader.js??ref--6!/workspace/project/xian-explorer/node_modules/pug-plain-loader/index.js!/workspace/project/xian-explorer/node_modules/cache-loader/dist/cjs.js??ref--0-0!/workspace/project/xian-explorer/node_modules/vue-loader/lib/index.js??vue-loader-options!/workspace/project/xian-explorer/node_modules/@tendermint/ui/src/components/TmFieldGroup/TmFieldGroup.vue?vue&type=template&id=00408668&lang=pug
<s> [webpack.Progress] 65% building 575/626 modules 51 active /workspace/project/xian-explorer/node_modules/cache-loader/dist/cjs.js?{"cacheDirectory":"node_modules/.cache/vue-loader","cacheIdentifier":"1fe9d2cf-vue-loader-template"}!/workspace/project/xian-explorer/node_modules/cache-loader/dist/cjs.js??ref--12-0!/workspace/project/xian-explorer/node_modules/babel-loader/lib/index.js!/workspace/project/xian-explorer/node_modules/vue-loader/lib/loaders/templateLoader.js??ref--6!/workspace/project/xian-explorer/node_modules/pug-plain-loader/index.js!/workspace/project/xian-explorer/node_modules/cache-loader/dist/cjs.js??ref--0-0!/workspace/project/xian-explorer/node_modules/vue-loader/lib/index.js??vue-loader-options!/workspace/project/xian-explorer/node_modules/@tendermint/ui/src/components/TmFieldGroup/TmFieldGroup.vue?vue&type=template&id=00408668&lang=pug
<s> [webpack.Progress] 65% building 575/627 modules 52 active /workspace/project/xian-explorer/node_modules/vue-loader/lib/loaders/pitcher.js??ref--4!/workspace/project/xian-explorer/node_modules/cache-loader/dist/cjs.js??ref--12-0!/workspace/project/xian-explorer/node_modules/babel-loader/lib/index.js!/workspace/project/xian-explorer/node_modules/vue-loader/lib/loaders/templateLoader.js??ref--6!/workspace/project/xian-explorer/node_modules/pug-plain-loader/index.js!/workspace/project/xian-explorer/node_modules/cache-loader/dist/cjs.js??ref--0-0!/workspace/project/xian-explorer/node_modules/vue-loader/lib/index.js??vue-loader-options!/workspace/project/xian-explorer/node_modules/@tendermint/ui/src/components/TmFormMsg/TmFormMsg.vue?vue&type=template&id=c3fdb954&lang=pug
<s> [webpack.Progress] 65% building 576/627 modules 51 active /workspace/project/xian-explorer/node_modules/cache-loader/dist/cjs.js?{"cacheDirectory":"node_modules/.cache/vue-loader","cacheIdentifier":"1fe9d2cf-vue-loader-template"}!/workspace/project/xian-explorer/node_modules/cache-loader/dist/cjs.js??ref--12-0!/workspace/project/xian-explorer/node_modules/babel-loader/lib/index.js!/workspace/project/xian-explorer/node_modules/vue-loader/lib/loaders/templateLoader.js??ref--6!/workspace/project/xian-explorer/node_modules/pug-plain-loader/index.js!/workspace/project/xian-explorer/node_modules/cache-loader/dist/cjs.js??ref--0-0!/workspace/project/xian-explorer/node_modules/vue-loader/lib/index.js??vue-loader-options!/workspace/project/xian-explorer/node_modules/@tendermint/ui/src/components/TmFieldGroup/TmFieldGroup.vue?vue&type=template&id=00408668&lang=pug
<s> [webpack.Progress] 65% building 576/628 modules 52 active /workspace/project/xian-explorer/node_modules/cache-loader/dist/cjs.js?{"cacheDirectory":"node_modules/.cache/vue-loader","cacheIdentifier":"1fe9d2cf-vue-loader-template"}!/workspace/project/xian-explorer/node_modules/cache-loader/dist/cjs.js??ref--12-0!/workspace/project/xian-explorer/node_modules/babel-loader/lib/index.js!/workspace/project/xian-explorer/node_modules/vue-loader/lib/loaders/templateLoader.js??ref--6!/workspace/project/xian-explorer/node_modules/pug-plain-loader/index.js!/workspace/project/xian-explorer/node_modules/cache-loader/dist/cjs.js??ref--0-0!/workspace/project/xian-explorer/node_modules/vue-loader/lib/index.js??vue-loader-options!/workspace/project/xian-explorer/node_modules/@tendermint/ui/src/components/TmFormMsg/TmFormMsg.vue?vue&type=template&id=c3fdb954&lang=pug
<s> [webpack.Progress] 65% building 577/628 modules 51 active /workspace/project/xian-explorer/node_modules/cache-loader/dist/cjs.js?{"cacheDirectory":"node_modules/.cache/vue-loader","cacheIdentifier":"1fe9d2cf-vue-loader-template"}!/workspace/project/xian-explorer/node_modules/cache-loader/dist/cjs.js??ref--12-0!/workspace/project/xian-explorer/node_modules/babel-loader/lib/index.js!/workspace/project/xian-explorer/node_modules/vue-loader/lib/loaders/templateLoader.js??ref--6!/workspace/project/xian-explorer/node_modules/pug-plain-loader/index.js!/workspace/project/xian-explorer/node_modules/cache-loader/dist/cjs.js??ref--0-0!/workspace/project/xian-explorer/node_modules/vue-loader/lib/index.js??vue-loader-options!/workspace/project/xian-explorer/node_modules/@tendermint/ui/src/components/TmFormMsg/TmFormMsg.vue?vue&type=template&id=c3fdb954&lang=pug
<s> [webpack.Progress] 65% building 577/629 modules 52 active /workspace/project/xian-explorer/node_modules/vue-loader/lib/loaders/pitcher.js??ref--4!/workspace/project/xian-explorer/node_modules/cache-loader/dist/cjs.js??ref--12-0!/workspace/project/xian-explorer/node_modules/babel-loader/lib/index.js!/workspace/project/xian-explorer/node_modules/vue-loader/lib/loaders/templateLoader.js??ref--6!/workspace/project/xian-explorer/node_modules/pug-plain-loader/index.js!/workspace/project/xian-explorer/node_modules/cache-loader/dist/cjs.js??ref--0-0!/workspace/project/xian-explorer/node_modules/vue-loader/lib/index.js??vue-loader-options!/workspace/project/xian-explorer/node_modules/@tendermint/ui/src/components/TmFormGroup/TmFormGroup.vue?vue&type=template&id=72d31912&lang=pug
<s> [webpack.Progress] 65% building 578/629 modules 51 active /workspace/project/xian-explorer/node_modules/cache-loader/dist/cjs.js?{"cacheDirectory":"node_modules/.cache/vue-loader","cacheIdentifier":"1fe9d2cf-vue-loader-template"}!/workspace/project/xian-explorer/node_modules/cache-loader/dist/cjs.js??ref--12-0!/workspace/project/xian-explorer/node_modules/babel-loader/lib/index.js!/workspace/project/xian-explorer/node_modules/vue-loader/lib/loaders/templateLoader.js??ref--6!/workspace/project/xian-explorer/node_modules/pug-plain-loader/index.js!/workspace/project/xian-explorer/node_modules/cache-loader/dist/cjs.js??ref--0-0!/workspace/project/xian-explorer/node_modules/vue-loader/lib/index.js??vue-loader-options!/workspace/project/xian-explorer/node_modules/@tendermint/ui/src/components/TmFormMsg/TmFormMsg.vue?vue&type=template&id=c3fdb954&lang=pug
<s> [webpack.Progress] 65% building 578/630 modules 52 active /workspace/project/xian-explorer/node_modules/cache-loader/dist/cjs.js?{"cacheDirectory":"node_modules/.cache/vue-loader","cacheIdentifier":"1fe9d2cf-vue-loader-template"}!/workspace/project/xian-explorer/node_modules/cache-loader/dist/cjs.js??ref--12-0!/workspace/project/xian-explorer/node_modules/babel-loader/lib/index.js!/workspace/project/xian-explorer/node_modules/vue-loader/lib/loaders/templateLoader.js??ref--6!/workspace/project/xian-explorer/node_modules/pug-plain-loader/index.js!/workspace/project/xian-explorer/node_modules/cache-loader/dist/cjs.js??ref--0-0!/workspace/project/xian-explorer/node_modules/vue-loader/lib/index.js??vue-loader-options!/workspace/project/xian-explorer/node_modules/@tendermint/ui/src/components/TmFormGroup/TmFormGroup.vue?vue&type=template&id=72d31912&lang=pug
<s> [webpack.Progress] 65% building 579/630 modules 51 active /workspace/project/xian-explorer/node_modules/cache-loader/dist/cjs.js?{"cacheDirectory":"node_modules/.cache/vue-loader","cacheIdentifier":"1fe9d2cf-vue-loader-template"}!/workspace/project/xian-explorer/node_modules/cache-loader/dist/cjs.js??ref--12-0!/workspace/project/xian-explorer/node_modules/babel-loader/lib/index.js!/workspace/project/xian-explorer/node_modules/vue-loader/lib/loaders/templateLoader.js??ref--6!/workspace/project/xian-explorer/node_modules/pug-plain-loader/index.js!/workspace/project/xian-explorer/node_modules/cache-loader/dist/cjs.js??ref--0-0!/workspace/project/xian-explorer/node_modules/vue-loader/lib/index.js??vue-loader-options!/workspace/project/xian-explorer/node_modules/@tendermint/ui/src/components/TmFormGroup/TmFormGroup.vue?vue&type=template&id=72d31912&lang=pug
<s> [webpack.Progress] 65% building 579/631 modules 52 active /workspace/project/xian-explorer/node_modules/vue-loader/lib/loaders/pitcher.js??ref--4!/workspace/project/xian-explorer/node_modules/cache-loader/dist/cjs.js??ref--12-0!/workspace/project/xian-explorer/node_modules/babel-loader/lib/index.js!/workspace/project/xian-explorer/node_modules/vue-loader/lib/loaders/templateLoader.js??ref--6!/workspace/project/xian-explorer/node_modules/pug-plain-loader/index.js!/workspace/project/xian-explorer/node_modules/cache-loader/dist/cjs.js??ref--0-0!/workspace/project/xian-explorer/node_modules/vue-loader/lib/index.js??vue-loader-options!/workspace/project/xian-explorer/node_modules/@tendermint/ui/src/components/TmFormStruct/TmFormStruct.vue?vue&type=template&id=05c53d4c&lang=pug
<s> [webpack.Progress] 65% building 580/631 modules 51 active /workspace/project/xian-explorer/node_modules/cache-loader/dist/cjs.js?{"cacheDirectory":"node_modules/.cache/vue-loader","cacheIdentifier":"1fe9d2cf-vue-loader-template"}!/workspace/project/xian-explorer/node_modules/cache-loader/dist/cjs.js??ref--12-0!/workspace/project/xian-explorer/node_modules/babel-loader/lib/index.js!/workspace/project/xian-explorer/node_modules/vue-loader/lib/loaders/templateLoader.js??ref--6!/workspace/project/xian-explorer/node_modules/pug-plain-loader/index.js!/workspace/project/xian-explorer/node_modules/cache-loader/dist/cjs.js??ref--0-0!/workspace/project/xian-explorer/node_modules/vue-loader/lib/index.js??vue-loader-options!/workspace/project/xian-explorer/node_modules/@tendermint/ui/src/components/TmFormGroup/TmFormGroup.vue?vue&type=template&id=72d31912&lang=pug
<s> [webpack.Progress] 65% building 580/632 modules 52 active /workspace/project/xian-explorer/node_modules/cache-loader/dist/cjs.js?{"cacheDirectory":"node_modules/.cache/vue-loader","cacheIdentifier":"1fe9d2cf-vue-loader-template"}!/workspace/project/xian-explorer/node_modules/cache-loader/dist/cjs.js??ref--12-0!/workspace/project/xian-explorer/node_modules/babel-loader/lib/index.js!/workspace/project/xian-explorer/node_modules/vue-loader/lib/loaders/templateLoader.js??ref--6!/workspace/project/xian-explorer/node_modules/pug-plain-loader/index.js!/workspace/project/xian-explorer/node_modules/cache-loader/dist/cjs.js??ref--0-0!/workspace/project/xian-explorer/node_modules/vue-loader/lib/index.js??vue-loader-options!/workspace/project/xian-explorer/node_modules/@tendermint/ui/src/components/TmFormStruct/TmFormStruct.vue?vue&type=template&id=05c53d4c&lang=pug
<s> [webpack.Progress] 65% building 581/632 modules 51 active /workspace/project/xian-explorer/node_modules/cache-loader/dist/cjs.js?{"cacheDirectory":"node_modules/.cache/vue-loader","cacheIdentifier":"1fe9d2cf-vue-loader-template"}!/workspace/project/xian-explorer/node_modules/cache-loader/dist/cjs.js??ref--12-0!/workspace/project/xian-explorer/node_modules/babel-loader/lib/index.js!/workspace/project/xian-explorer/node_modules/vue-loader/lib/loaders/templateLoader.js??ref--6!/workspace/project/xian-explorer/node_modules/pug-plain-loader/index.js!/workspace/project/xian-explorer/node_modules/cache-loader/dist/cjs.js??ref--0-0!/workspace/project/xian-explorer/node_modules/vue-loader/lib/index.js??vue-loader-options!/workspace/project/xian-explorer/node_modules/@tendermint/ui/src/components/TmFormStruct/TmFormStruct.vue?vue&type=template&id=05c53d4c&lang=pug
<s> [webpack.Progress] 65% building 581/633 modules 52 active /workspace/project/xian-explorer/node_modules/vue-loader/lib/loaders/pitcher.js??ref--4!/workspace/project/xian-explorer/node_modules/cache-loader/dist/cjs.js??ref--12-0!/workspace/project/xian-explorer/node_modules/babel-loader/lib/index.js!/workspace/project/xian-explorer/node_modules/vue-loader/lib/loaders/templateLoader.js??ref--6!/workspace/project/xian-explorer/node_modules/cache-loader/dist/cjs.js??ref--0-0!/workspace/project/xian-explorer/node_modules/vue-loader/lib/index.js??vue-loader-options!/workspace/project/xian-explorer/node_modules/@tendermint/ui/src/components/TmKeyValues/TmKeyValues.vue?vue&type=template&id=9a464ac4
<s> [webpack.Progress] 65% building 582/633 modules 51 active /workspace/project/xian-explorer/node_modules/cache-loader/dist/cjs.js?{"cacheDirectory":"node_modules/.cache/vue-loader","cacheIdentifier":"1fe9d2cf-vue-loader-template"}!/workspace/project/xian-explorer/node_modules/cache-loader/dist/cjs.js??ref--12-0!/workspace/project/xian-explorer/node_modules/babel-loader/lib/index.js!/workspace/project/xian-explorer/node_modules/vue-loader/lib/loaders/templateLoader.js??ref--6!/workspace/project/xian-explorer/node_modules/pug-plain-loader/index.js!/workspace/project/xian-explorer/node_modules/cache-loader/dist/cjs.js??ref--0-0!/workspace/project/xian-explorer/node_modules/vue-loader/lib/index.js??vue-loader-options!/workspace/project/xian-explorer/node_modules/@tendermint/ui/src/components/TmFormStruct/TmFormStruct.vue?vue&type=template&id=05c53d4c&lang=pug
<s> [webpack.Progress] 65% building 582/634 modules 52 active /workspace/project/xian-explorer/node_modules/cache-loader/dist/cjs.js?{"cacheDirectory":"node_modules/.cache/vue-loader","cacheIdentifier":"1fe9d2cf-vue-loader-template"}!/workspace/project/xian-explorer/node_modules/cache-loader/dist/cjs.js??ref--12-0!/workspace/project/xian-explorer/node_modules/babel-loader/lib/index.js!/workspace/project/xian-explorer/node_modules/vue-loader/lib/loaders/templateLoader.js??ref--6!/workspace/project/xian-explorer/node_modules/cache-loader/dist/cjs.js??ref--0-0!/workspace/project/xian-explorer/node_modules/vue-loader/lib/index.js??vue-loader-options!/workspace/project/xian-explorer/node_modules/@tendermint/ui/src/components/TmKeyValues/TmKeyValues.vue?vue&type=template&id=9a464ac4
<s> [webpack.Progress] 65% building 583/634 modules 51 active /workspace/project/xian-explorer/node_modules/cache-loader/dist/cjs.js?{"cacheDirectory":"node_modules/.cache/vue-loader","cacheIdentifier":"1fe9d2cf-vue-loader-template"}!/workspace/project/xian-explorer/node_modules/cache-loader/dist/cjs.js??ref--12-0!/workspace/project/xian-explorer/node_modules/babel-loader/lib/index.js!/workspace/project/xian-explorer/node_modules/vue-loader/lib/loaders/templateLoader.js??ref--6!/workspace/project/xian-explorer/node_modules/cache-loader/dist/cjs.js??ref--0-0!/workspace/project/xian-explorer/node_modules/vue-loader/lib/index.js??vue-loader-options!/workspace/project/xian-explorer/node_modules/@tendermint/ui/src/components/TmKeyValues/TmKeyValues.vue?vue&type=template&id=9a464ac4
<s> [webpack.Progress] 65% building 583/635 modules 52 active /workspace/project/xian-explorer/node_modules/vue-loader/lib/loaders/pitcher.js??ref--4!/workspace/project/xian-explorer/node_modules/cache-loader/dist/cjs.js??ref--12-0!/workspace/project/xian-explorer/node_modules/babel-loader/lib/index.js!/workspace/project/xian-explorer/node_modules/vue-loader/lib/loaders/templateLoader.js??ref--6!/workspace/project/xian-explorer/node_modules/pug-plain-loader/index.js!/workspace/project/xian-explorer/node_modules/cache-loader/dist/cjs.js??ref--0-0!/workspace/project/xian-explorer/node_modules/vue-loader/lib/index.js??vue-loader-options!/workspace/project/xian-explorer/node_modules/@tendermint/ui/src/components/TmModalError/TmModalError.vue?vue&type=template&id=5b6bd48c&lang=pug
<s> [webpack.Progress] 65% building 584/635 modules 51 active /workspace/project/xian-explorer/node_modules/cache-loader/dist/cjs.js?{"cacheDirectory":"node_modules/.cache/vue-loader","cacheIdentifier":"1fe9d2cf-vue-loader-template"}!/workspace/project/xian-explorer/node_modules/cache-loader/dist/cjs.js??ref--12-0!/workspace/project/xian-explorer/node_modules/babel-loader/lib/index.js!/workspace/project/xian-explorer/node_modules/vue-loader/lib/loaders/templateLoader.js??ref--6!/workspace/project/xian-explorer/node_modules/cache-loader/dist/cjs.js??ref--0-0!/workspace/project/xian-explorer/node_modules/vue-loader/lib/index.js??vue-loader-options!/workspace/project/xian-explorer/node_modules/@tendermint/ui/src/components/TmKeyValues/TmKeyValues.vue?vue&type=template&id=9a464ac4
<s> [webpack.Progress] 65% building 584/636 modules 52 active /workspace/project/xian-explorer/node_modules/cache-loader/dist/cjs.js?{"cacheDirectory":"node_modules/.cache/vue-loader","cacheIdentifier":"1fe9d2cf-vue-loader-template"}!/workspace/project/xian-explorer/node_modules/cache-loader/dist/cjs.js??ref--12-0!/workspace/project/xian-explorer/node_modules/babel-loader/lib/index.js!/workspace/project/xian-explorer/node_modules/vue-loader/lib/loaders/templateLoader.js??ref--6!/workspace/project/xian-explorer/node_modules/pug-plain-loader/index.js!/workspace/project/xian-explorer/node_modules/cache-loader/dist/cjs.js??ref--0-0!/workspace/project/xian-explorer/node_modules/vue-loader/lib/index.js??vue-loader-options!/workspace/project/xian-explorer/node_modules/@tendermint/ui/src/components/TmModalError/TmModalError.vue?vue&type=template&id=5b6bd48c&lang=pug
<s> [webpack.Progress] 65% building 585/636 modules 51 active /workspace/project/xian-explorer/node_modules/cache-loader/dist/cjs.js?{"cacheDirectory":"node_modules/.cache/vue-loader","cacheIdentifier":"1fe9d2cf-vue-loader-template"}!/workspace/project/xian-explorer/node_modules/cache-loader/dist/cjs.js??ref--12-0!/workspace/project/xian-explorer/node_modules/babel-loader/lib/index.js!/workspace/project/xian-explorer/node_modules/vue-loader/lib/loaders/templateLoader.js??ref--6!/workspace/project/xian-explorer/node_modules/pug-plain-loader/index.js!/workspace/project/xian-explorer/node_modules/cache-loader/dist/cjs.js??ref--0-0!/workspace/project/xian-explorer/node_modules/vue-loader/lib/index.js??vue-loader-options!/workspace/project/xian-explorer/node_modules/@tendermint/ui/src/components/TmModalError/TmModalError.vue?vue&type=template&id=5b6bd48c&lang=pug
<s> [webpack.Progress] 65% building 585/637 modules 52 active /workspace/project/xian-explorer/node_modules/vue-loader/lib/loaders/pitcher.js??ref--4!/workspace/project/xian-explorer/node_modules/cache-loader/dist/cjs.js??ref--12-0!/workspace/project/xian-explorer/node_modules/babel-loader/lib/index.js!/workspace/project/xian-explorer/node_modules/vue-loader/lib/loaders/templateLoader.js??ref--6!/workspace/project/xian-explorer/node_modules/pug-plain-loader/index.js!/workspace/project/xian-explorer/node_modules/cache-loader/dist/cjs.js??ref--0-0!/workspace/project/xian-explorer/node_modules/vue-loader/lib/index.js??vue-loader-options!/workspace/project/xian-explorer/node_modules/@tendermint/ui/src/components/TmLiTransaction/TmLiTransaction.vue?vue&type=template&id=432008c4&lang=pug
<s> [webpack.Progress] 65% building 586/637 modules 51 active /workspace/project/xian-explorer/node_modules/cache-loader/dist/cjs.js?{"cacheDirectory":"node_modules/.cache/vue-loader","cacheIdentifier":"1fe9d2cf-vue-loader-template"}!/workspace/project/xian-explorer/node_modules/cache-loader/dist/cjs.js??ref--12-0!/workspace/project/xian-explorer/node_modules/babel-loader/lib/index.js!/workspace/project/xian-explorer/node_modules/vue-loader/lib/loaders/templateLoader.js??ref--6!/workspace/project/xian-explorer/node_modules/pug-plain-loader/index.js!/workspace/project/xian-explorer/node_modules/cache-loader/dist/cjs.js??ref--0-0!/workspace/project/xian-explorer/node_modules/vue-loader/lib/index.js??vue-loader-options!/workspace/project/xian-explorer/node_modules/@tendermint/ui/src/components/TmModalError/TmModalError.vue?vue&type=template&id=5b6bd48c&lang=pug
<s> [webpack.Progress] 65% building 586/638 modules 52 active /workspace/project/xian-explorer/node_modules/cache-loader/dist/cjs.js?{"cacheDirectory":"node_modules/.cache/vue-loader","cacheIdentifier":"1fe9d2cf-vue-loader-template"}!/workspace/project/xian-explorer/node_modules/cache-loader/dist/cjs.js??ref--12-0!/workspace/project/xian-explorer/node_modules/babel-loader/lib/index.js!/workspace/project/xian-explorer/node_modules/vue-loader/lib/loaders/templateLoader.js??ref--6!/workspace/project/xian-explorer/node_modules/pug-plain-loader/index.js!/workspace/project/xian-explorer/node_modules/cache-loader/dist/cjs.js??ref--0-0!/workspace/project/xian-explorer/node_modules/vue-loader/lib/index.js??vue-loader-options!/workspace/project/xian-explorer/node_modules/@tendermint/ui/src/components/TmLiTransaction/TmLiTransaction.vue?vue&type=template&id=432008c4&lang=pug
<s> [webpack.Progress] 65% building 587/638 modules 51 active /workspace/project/xian-explorer/node_modules/cache-loader/dist/cjs.js?{"cacheDirectory":"node_modules/.cache/vue-loader","cacheIdentifier":"1fe9d2cf-vue-loader-template"}!/workspace/project/xian-explorer/node_modules/cache-loader/dist/cjs.js??ref--12-0!/workspace/project/xian-explorer/node_modules/babel-loader/lib/index.js!/workspace/project/xian-explorer/node_modules/vue-loader/lib/loaders/templateLoader.js??ref--6!/workspace/project/xian-explorer/node_modules/pug-plain-loader/index.js!/workspace/project/xian-explorer/node_modules/cache-loader/dist/cjs.js??ref--0-0!/workspace/project/xian-explorer/node_modules/vue-loader/lib/index.js??vue-loader-options!/workspace/project/xian-explorer/node_modules/@tendermint/ui/src/components/TmLiTransaction/TmLiTransaction.vue?vue&type=template&id=432008c4&lang=pug
<s> [webpack.Progress] 65% building 587/639 modules 52 active /workspace/project/xian-explorer/node_modules/vue-loader/lib/loaders/pitcher.js??ref--4!/workspace/project/xian-explorer/node_modules/cache-loader/dist/cjs.js??ref--12-0!/workspace/project/xian-explorer/node_modules/babel-loader/lib/index.js!/workspace/project/xian-explorer/node_modules/vue-loader/lib/loaders/templateLoader.js??ref--6!/workspace/project/xian-explorer/node_modules/pug-plain-loader/index.js!/workspace/project/xian-explorer/node_modules/cache-loader/dist/cjs.js??ref--0-0!/workspace/project/xian-explorer/node_modules/vue-loader/lib/index.js??vue-loader-options!/workspace/project/xian-explorer/node_modules/@tendermint/ui/src/components/TmPageHeader/TmPageHeader.vue?vue&type=template&id=cc46dba8&lang=pug
<s> [webpack.Progress] 65% building 588/639 modules 51 active /workspace/project/xian-explorer/node_modules/cache-loader/dist/cjs.js?{"cacheDirectory":"node_modules/.cache/vue-loader","cacheIdentifier":"1fe9d2cf-vue-loader-template"}!/workspace/project/xian-explorer/node_modules/cache-loader/dist/cjs.js??ref--12-0!/workspace/project/xian-explorer/node_modules/babel-loader/lib/index.js!/workspace/project/xian-explorer/node_modules/vue-loader/lib/loaders/templateLoader.js??ref--6!/workspace/project/xian-explorer/node_modules/pug-plain-loader/index.js!/workspace/project/xian-explorer/node_modules/cache-loader/dist/cjs.js??ref--0-0!/workspace/project/xian-explorer/node_modules/vue-loader/lib/index.js??vue-loader-options!/workspace/project/xian-explorer/node_modules/@tendermint/ui/src/components/TmLiTransaction/TmLiTransaction.vue?vue&type=template&id=432008c4&lang=pug
<s> [webpack.Progress] 65% building 588/640 modules 52 active /workspace/project/xian-explorer/node_modules/cache-loader/dist/cjs.js?{"cacheDirectory":"node_modules/.cache/vue-loader","cacheIdentifier":"1fe9d2cf-vue-loader-template"}!/workspace/project/xian-explorer/node_modules/cache-loader/dist/cjs.js??ref--12-0!/workspace/project/xian-explorer/node_modules/babel-loader/lib/index.js!/workspace/project/xian-explorer/node_modules/vue-loader/lib/loaders/templateLoader.js??ref--6!/workspace/project/xian-explorer/node_modules/pug-plain-loader/index.js!/workspace/project/xian-explorer/node_modules/cache-loader/dist/cjs.js??ref--0-0!/workspace/project/xian-explorer/node_modules/vue-loader/lib/index.js??vue-loader-options!/workspace/project/xian-explorer/node_modules/@tendermint/ui/src/components/TmPageHeader/TmPageHeader.vue?vue&type=template&id=cc46dba8&lang=pug
<s> [webpack.Progress] 65% building 589/640 modules 51 active /workspace/project/xian-explorer/node_modules/cache-loader/dist/cjs.js?{"cacheDirectory":"node_modules/.cache/vue-loader","cacheIdentifier":"1fe9d2cf-vue-loader-template"}!/workspace/project/xian-explorer/node_modules/cache-loader/dist/cjs.js??ref--12-0!/workspace/project/xian-explorer/node_modules/babel-loader/lib/index.js!/workspace/project/xian-explorer/node_modules/vue-loader/lib/loaders/templateLoader.js??ref--6!/workspace/project/xian-explorer/node_modules/pug-plain-loader/index.js!/workspace/project/xian-explorer/node_modules/cache-loader/dist/cjs.js??ref--0-0!/workspace/project/xian-explorer/node_modules/vue-loader/lib/index.js??vue-loader-options!/workspace/project/xian-explorer/node_modules/@tendermint/ui/src/components/TmPageHeader/TmPageHeader.vue?vue&type=template&id=cc46dba8&lang=pug
<s> [webpack.Progress] 65% building 589/641 modules 52 active /workspace/project/xian-explorer/node_modules/vue-loader/lib/loaders/pitcher.js??ref--4!/workspace/project/xian-explorer/node_modules/cache-loader/dist/cjs.js??ref--12-0!/workspace/project/xian-explorer/node_modules/babel-loader/lib/index.js!/workspace/project/xian-explorer/node_modules/vue-loader/lib/loaders/templateLoader.js??ref--6!/workspace/project/xian-explorer/node_modules/cache-loader/dist/cjs.js??ref--0-0!/workspace/project/xian-explorer/node_modules/vue-loader/lib/index.js??vue-loader-options!/workspace/project/xian-explorer/node_modules/@tendermint/ui/src/components/TmModules/TmModules.vue?vue&type=template&id=0680f3aa
<s> [webpack.Progress] 65% building 590/641 modules 51 active /workspace/project/xian-explorer/node_modules/cache-loader/dist/cjs.js?{"cacheDirectory":"node_modules/.cache/vue-loader","cacheIdentifier":"1fe9d2cf-vue-loader-template"}!/workspace/project/xian-explorer/node_modules/cache-loader/dist/cjs.js??ref--12-0!/workspace/project/xian-explorer/node_modules/babel-loader/lib/index.js!/workspace/project/xian-explorer/node_modules/vue-loader/lib/loaders/templateLoader.js??ref--6!/workspace/project/xian-explorer/node_modules/pug-plain-loader/index.js!/workspace/project/xian-explorer/node_modules/cache-loader/dist/cjs.js??ref--0-0!/workspace/project/xian-explorer/node_modules/vue-loader/lib/index.js??vue-loader-options!/workspace/project/xian-explorer/node_modules/@tendermint/ui/src/components/TmPageHeader/TmPageHeader.vue?vue&type=template&id=cc46dba8&lang=pug
<s> [webpack.Progress] 65% building 590/642 modules 52 active /workspace/project/xian-explorer/node_modules/cache-loader/dist/cjs.js?{"cacheDirectory":"node_modules/.cache/vue-loader","cacheIdentifier":"1fe9d2cf-vue-loader-template"}!/workspace/project/xian-explorer/node_modules/cache-loader/dist/cjs.js??ref--12-0!/workspace/project/xian-explorer/node_modules/babel-loader/lib/index.js!/workspace/project/xian-explorer/node_modules/vue-loader/lib/loaders/templateLoader.js??ref--6!/workspace/project/xian-explorer/node_modules/cache-loader/dist/cjs.js??ref--0-0!/workspace/project/xian-explorer/node_modules/vue-loader/lib/index.js??vue-loader-options!/workspace/project/xian-explorer/node_modules/@tendermint/ui/src/components/TmModules/TmModules.vue?vue&type=template&id=0680f3aa
<s> [webpack.Progress] 65% building 591/642 modules 51 active /workspace/project/xian-explorer/node_modules/cache-loader/dist/cjs.js?{"cacheDirectory":"node_modules/.cache/vue-loader","cacheIdentifier":"1fe9d2cf-vue-loader-template"}!/workspace/project/xian-explorer/node_modules/cache-loader/dist/cjs.js??ref--12-0!/workspace/project/xian-explorer/node_modules/babel-loader/lib/index.js!/workspace/project/xian-explorer/node_modules/vue-loader/lib/loaders/templateLoader.js??ref--6!/workspace/project/xian-explorer/node_modules/cache-loader/dist/cjs.js??ref--0-0!/workspace/project/xian-explorer/node_modules/vue-loader/lib/index.js??vue-loader-options!/workspace/project/xian-explorer/node_modules/@tendermint/ui/src/components/TmModules/TmModules.vue?vue&type=template&id=0680f3aa
<s> [webpack.Progress] 65% building 591/643 modules 52 active /workspace/project/xian-explorer/node_modules/vue-loader/lib/loaders/pitcher.js??ref--4!/workspace/project/xian-explorer/node_modules/cache-loader/dist/cjs.js??ref--12-0!/workspace/project/xian-explorer/node_modules/babel-loader/lib/index.js!/workspace/project/xian-explorer/node_modules/vue-loader/lib/loaders/templateLoader.js??ref--6!/workspace/project/xian-explorer/node_modules/pug-plain-loader/index.js!/workspace/project/xian-explorer/node_modules/cache-loader/dist/cjs.js??ref--0-0!/workspace/project/xian-explorer/node_modules/vue-loader/lib/index.js??vue-loader-options!/workspace/project/xian-explorer/node_modules/@tendermint/ui/src/components/TmPageFooter/TmPageFooter.vue?vue&type=template&id=4ffb18ec&lang=pug
<s> [webpack.Progress] 65% building 592/643 modules 51 active /workspace/project/xian-explorer/node_modules/cache-loader/dist/cjs.js?{"cacheDirectory":"node_modules/.cache/vue-loader","cacheIdentifier":"1fe9d2cf-vue-loader-template"}!/workspace/project/xian-explorer/node_modules/cache-loader/dist/cjs.js??ref--12-0!/workspace/project/xian-explorer/node_modules/babel-loader/lib/index.js!/workspace/project/xian-explorer/node_modules/vue-loader/lib/loaders/templateLoader.js??ref--6!/workspace/project/xian-explorer/node_modules/cache-loader/dist/cjs.js??ref--0-0!/workspace/project/xian-explorer/node_modules/vue-loader/lib/index.js??vue-loader-options!/workspace/project/xian-explorer/node_modules/@tendermint/ui/src/components/TmModules/TmModules.vue?vue&type=template&id=0680f3aa
<s> [webpack.Progress] 65% building 592/644 modules 52 active /workspace/project/xian-explorer/node_modules/cache-loader/dist/cjs.js?{"cacheDirectory":"node_modules/.cache/vue-loader","cacheIdentifier":"1fe9d2cf-vue-loader-template"}!/workspace/project/xian-explorer/node_modules/cache-loader/dist/cjs.js??ref--12-0!/workspace/project/xian-explorer/node_modules/babel-loader/lib/index.js!/workspace/project/xian-explorer/node_modules/vue-loader/lib/loaders/templateLoader.js??ref--6!/workspace/project/xian-explorer/node_modules/pug-plain-loader/index.js!/workspace/project/xian-explorer/node_modules/cache-loader/dist/cjs.js??ref--0-0!/workspace/project/xian-explorer/node_modules/vue-loader/lib/index.js??vue-loader-options!/workspace/project/xian-explorer/node_modules/@tendermint/ui/src/components/TmPageFooter/TmPageFooter.vue?vue&type=template&id=4ffb18ec&lang=pug
<s> [webpack.Progress] 65% building 593/644 modules 51 active /workspace/project/xian-explorer/node_modules/cache-loader/dist/cjs.js?{"cacheDirectory":"node_modules/.cache/vue-loader","cacheIdentifier":"1fe9d2cf-vue-loader-template"}!/workspace/project/xian-explorer/node_modules/cache-loader/dist/cjs.js??ref--12-0!/workspace/project/xian-explorer/node_modules/babel-loader/lib/index.js!/workspace/project/xian-explorer/node_modules/vue-loader/lib/loaders/templateLoader.js??ref--6!/workspace/project/xian-explorer/node_modules/pug-plain-loader/index.js!/workspace/project/xian-explorer/node_modules/cache-loader/dist/cjs.js??ref--0-0!/workspace/project/xian-explorer/node_modules/vue-loader/lib/index.js??vue-loader-options!/workspace/project/xian-explorer/node_modules/@tendermint/ui/src/components/TmPageFooter/TmPageFooter.vue?vue&type=template&id=4ffb18ec&lang=pug
<s> [webpack.Progress] 65% building 593/645 modules 52 active /workspace/project/xian-explorer/node_modules/vue-loader/lib/loaders/pitcher.js??ref--4!/workspace/project/xian-explorer/node_modules/cache-loader/dist/cjs.js??ref--12-0!/workspace/project/xian-explorer/node_modules/babel-loader/lib/index.js!/workspace/project/xian-explorer/node_modules/vue-loader/lib/loaders/templateLoader.js??ref--6!/workspace/project/xian-explorer/node_modules/pug-plain-loader/index.js!/workspace/project/xian-explorer/node_modules/cache-loader/dist/cjs.js??ref--0-0!/workspace/project/xian-explorer/node_modules/vue-loader/lib/index.js??vue-loader-options!/workspace/project/xian-explorer/node_modules/@tendermint/ui/src/components/TmPage/TmPage.vue?vue&type=template&id=4f290c68&lang=pug
<s> [webpack.Progress] 65% building 594/645 modules 51 active /workspace/project/xian-explorer/node_modules/cache-loader/dist/cjs.js?{"cacheDirectory":"node_modules/.cache/vue-loader","cacheIdentifier":"1fe9d2cf-vue-loader-template"}!/workspace/project/xian-explorer/node_modules/cache-loader/dist/cjs.js??ref--12-0!/workspace/project/xian-explorer/node_modules/babel-loader/lib/index.js!/workspace/project/xian-explorer/node_modules/vue-loader/lib/loaders/templateLoader.js??ref--6!/workspace/project/xian-explorer/node_modules/pug-plain-loader/index.js!/workspace/project/xian-explorer/node_modules/cache-loader/dist/cjs.js??ref--0-0!/workspace/project/xian-explorer/node_modules/vue-loader/lib/index.js??vue-loader-options!/workspace/project/xian-explorer/node_modules/@tendermint/ui/src/components/TmPageFooter/TmPageFooter.vue?vue&type=template&id=4ffb18ec&lang=pug
<s> [webpack.Progress] 65% building 594/646 modules 52 active /workspace/project/xian-explorer/node_modules/cache-loader/dist/cjs.js?{"cacheDirectory":"node_modules/.cache/vue-loader","cacheIdentifier":"1fe9d2cf-vue-loader-template"}!/workspace/project/xian-explorer/node_modules/cache-loader/dist/cjs.js??ref--12-0!/workspace/project/xian-explorer/node_modules/babel-loader/lib/index.js!/workspace/project/xian-explorer/node_modules/vue-loader/lib/loaders/templateLoader.js??ref--6!/workspace/project/xian-explorer/node_modules/pug-plain-loader/index.js!/workspace/project/xian-explorer/node_modules/cache-loader/dist/cjs.js??ref--0-0!/workspace/project/xian-explorer/node_modules/vue-loader/lib/index.js??vue-loader-options!/workspace/project/xian-explorer/node_modules/@tendermint/ui/src/components/TmPage/TmPage.vue?vue&type=template&id=4f290c68&lang=pug
<s> [webpack.Progress] 65% building 595/646 modules 51 active /workspace/project/xian-explorer/node_modules/cache-loader/dist/cjs.js?{"cacheDirectory":"node_modules/.cache/vue-loader","cacheIdentifier":"1fe9d2cf-vue-loader-template"}!/workspace/project/xian-explorer/node_modules/cache-loader/dist/cjs.js??ref--12-0!/workspace/project/xian-explorer/node_modules/babel-loader/lib/index.js!/workspace/project/xian-explorer/node_modules/vue-loader/lib/loaders/templateLoader.js??ref--6!/workspace/project/xian-explorer/node_modules/pug-plain-loader/index.js!/workspace/project/xian-explorer/node_modules/cache-loader/dist/cjs.js??ref--0-0!/workspace/project/xian-explorer/node_modules/vue-loader/lib/index.js??vue-loader-options!/workspace/project/xian-explorer/node_modules/@tendermint/ui/src/components/TmPage/TmPage.vue?vue&type=template&id=4f290c68&lang=pug
<s> [webpack.Progress] 65% building 595/647 modules 52 active /workspace/project/xian-explorer/node_modules/vue-loader/lib/loaders/pitcher.js??ref--4!/workspace/project/xian-explorer/node_modules/cache-loader/dist/cjs.js??ref--12-0!/workspace/project/xian-explorer/node_modules/babel-loader/lib/index.js!/workspace/project/xian-explorer/node_modules/vue-loader/lib/loaders/templateLoader.js??ref--6!/workspace/project/xian-explorer/node_modules/pug-plain-loader/index.js!/workspace/project/xian-explorer/node_modules/cache-loader/dist/cjs.js??ref--0-0!/workspace/project/xian-explorer/node_modules/vue-loader/lib/index.js??vue-loader-options!/workspace/project/xian-explorer/node_modules/@tendermint/ui/src/components/TmTextContainer/TmTextContainer.vue?vue&type=template&id=4f954c04&lang=pug
<s> [webpack.Progress] 65% building 596/647 modules 51 active /workspace/project/xian-explorer/node_modules/cache-loader/dist/cjs.js?{"cacheDirectory":"node_modules/.cache/vue-loader","cacheIdentifier":"1fe9d2cf-vue-loader-template"}!/workspace/project/xian-explorer/node_modules/cache-loader/dist/cjs.js??ref--12-0!/workspace/project/xian-explorer/node_modules/babel-loader/lib/index.js!/workspace/project/xian-explorer/node_modules/vue-loader/lib/loaders/templateLoader.js??ref--6!/workspace/project/xian-explorer/node_modules/pug-plain-loader/index.js!/workspace/project/xian-explorer/node_modules/cache-loader/dist/cjs.js??ref--0-0!/workspace/project/xian-explorer/node_modules/vue-loader/lib/index.js??vue-loader-options!/workspace/project/xian-explorer/node_modules/@tendermint/ui/src/components/TmPage/TmPage.vue?vue&type=template&id=4f290c68&lang=pug
<s> [webpack.Progress] 65% building 596/648 modules 52 active /workspace/project/xian-explorer/node_modules/cache-loader/dist/cjs.js?{"cacheDirectory":"node_modules/.cache/vue-loader","cacheIdentifier":"1fe9d2cf-vue-loader-template"}!/workspace/project/xian-explorer/node_modules/cache-loader/dist/cjs.js??ref--12-0!/workspace/project/xian-explorer/node_modules/babel-loader/lib/index.js!/workspace/project/xian-explorer/node_modules/vue-loader/lib/loaders/templateLoader.js??ref--6!/workspace/project/xian-explorer/node_modules/pug-plain-loader/index.js!/workspace/project/xian-explorer/node_modules/cache-loader/dist/cjs.js??ref--0-0!/workspace/project/xian-explorer/node_modules/vue-loader/lib/index.js??vue-loader-options!/workspace/project/xian-explorer/node_modules/@tendermint/ui/src/components/TmTextContainer/TmTextContainer.vue?vue&type=template&id=4f954c04&lang=pug
<s> [webpack.Progress] 65% building 597/648 modules 51 active /workspace/project/xian-explorer/node_modules/cache-loader/dist/cjs.js?{"cacheDirectory":"node_modules/.cache/vue-loader","cacheIdentifier":"1fe9d2cf-vue-loader-template"}!/workspace/project/xian-explorer/node_modules/cache-loader/dist/cjs.js??ref--12-0!/workspace/project/xian-explorer/node_modules/babel-loader/lib/index.js!/workspace/project/xian-explorer/node_modules/vue-loader/lib/loaders/templateLoader.js??ref--6!/workspace/project/xian-explorer/node_modules/pug-plain-loader/index.js!/workspace/project/xian-explorer/node_modules/cache-loader/dist/cjs.js??ref--0-0!/workspace/project/xian-explorer/node_modules/vue-loader/lib/index.js??vue-loader-options!/workspace/project/xian-explorer/node_modules/@tendermint/ui/src/components/TmTextContainer/TmTextContainer.vue?vue&type=template&id=4f954c04&lang=pug
<s> [webpack.Progress] 65% building 597/649 modules 52 active /workspace/project/xian-explorer/node_modules/vue-loader/lib/loaders/pitcher.js??ref--4!/workspace/project/xian-explorer/node_modules/cache-loader/dist/cjs.js??ref--12-0!/workspace/project/xian-explorer/node_modules/babel-loader/lib/index.js!/workspace/project/xian-explorer/node_modules/vue-loader/lib/loaders/templateLoader.js??ref--6!/workspace/project/xian-explorer/node_modules/pug-plain-loader/index.js!/workspace/project/xian-explorer/node_modules/cache-loader/dist/cjs.js??ref--0-0!/workspace/project/xian-explorer/node_modules/vue-loader/lib/index.js??vue-loader-options!/workspace/project/xian-explorer/node_modules/@tendermint/ui/src/components/TmListItem/TmListItem.vue?vue&type=template&id=08c1e7e8&lang=pug
<s> [webpack.Progress] 65% building 598/649 modules 51 active /workspace/project/xian-explorer/node_modules/cache-loader/dist/cjs.js?{"cacheDirectory":"node_modules/.cache/vue-loader","cacheIdentifier":"1fe9d2cf-vue-loader-template"}!/workspace/project/xian-explorer/node_modules/cache-loader/dist/cjs.js??ref--12-0!/workspace/project/xian-explorer/node_modules/babel-loader/lib/index.js!/workspace/project/xian-explorer/node_modules/vue-loader/lib/loaders/templateLoader.js??ref--6!/workspace/project/xian-explorer/node_modules/pug-plain-loader/index.js!/workspace/project/xian-explorer/node_modules/cache-loader/dist/cjs.js??ref--0-0!/workspace/project/xian-explorer/node_modules/vue-loader/lib/index.js??vue-loader-options!/workspace/project/xian-explorer/node_modules/@tendermint/ui/src/components/TmTextContainer/TmTextContainer.vue?vue&type=template&id=4f954c04&lang=pug
<s> [webpack.Progress] 65% building 598/650 modules 52 active /workspace/project/xian-explorer/node_modules/cache-loader/dist/cjs.js?{"cacheDirectory":"node_modules/.cache/vue-loader","cacheIdentifier":"1fe9d2cf-vue-loader-template"}!/workspace/project/xian-explorer/node_modules/cache-loader/dist/cjs.js??ref--12-0!/workspace/project/xian-explorer/node_modules/babel-loader/lib/index.js!/workspace/project/xian-explorer/node_modules/vue-loader/lib/loaders/templateLoader.js??ref--6!/workspace/project/xian-explorer/node_modules/pug-plain-loader/index.js!/workspace/project/xian-explorer/node_modules/cache-loader/dist/cjs.js??ref--0-0!/workspace/project/xian-explorer/node_modules/vue-loader/lib/index.js??vue-loader-options!/workspace/project/xian-explorer/node_modules/@tendermint/ui/src/components/TmListItem/TmListItem.vue?vue&type=template&id=08c1e7e8&lang=pug
<s> [webpack.Progress] 65% building 599/650 modules 51 active /workspace/project/xian-explorer/node_modules/cache-loader/dist/cjs.js?{"cacheDirectory":"node_modules/.cache/vue-loader","cacheIdentifier":"1fe9d2cf-vue-loader-template"}!/workspace/project/xian-explorer/node_modules/cache-loader/dist/cjs.js??ref--12-0!/workspace/project/xian-explorer/node_modules/babel-loader/lib/index.js!/workspace/project/xian-explorer/node_modules/vue-loader/lib/loaders/templateLoader.js??ref--6!/workspace/project/xian-explorer/node_modules/pug-plain-loader/index.js!/workspace/project/xian-explorer/node_modules/cache-loader/dist/cjs.js??ref--0-0!/workspace/project/xian-explorer/node_modules/vue-loader/lib/index.js??vue-loader-options!/workspace/project/xian-explorer/node_modules/@tendermint/ui/src/components/TmListItem/TmListItem.vue?vue&type=template&id=08c1e7e8&lang=pug
<s> [webpack.Progress] 65% building 599/651 modules 52 active /workspace/project/xian-explorer/node_modules/vue-loader/lib/loaders/pitcher.js??ref--4!/workspace/project/xian-explorer/node_modules/cache-loader/dist/cjs.js??ref--12-0!/workspace/project/xian-explorer/node_modules/babel-loader/lib/index.js!/workspace/project/xian-explorer/node_modules/vue-loader/lib/loaders/templateLoader.js??ref--6!/workspace/project/xian-explorer/node_modules/pug-plain-loader/index.js!/workspace/project/xian-explorer/node_modules/cache-loader/dist/cjs.js??ref--0-0!/workspace/project/xian-explorer/node_modules/vue-loader/lib/index.js??vue-loader-options!/workspace/project/xian-explorer/node_modules/@tendermint/ui/src/components/TmTabBar/TmTabBar.vue?vue&type=template&id=4d653e6c&lang=pug
<s> [webpack.Progress] 65% building 600/651 modules 51 active /workspace/project/xian-explorer/node_modules/cache-loader/dist/cjs.js?{"cacheDirectory":"node_modules/.cache/vue-loader","cacheIdentifier":"1fe9d2cf-vue-loader-template"}!/workspace/project/xian-explorer/node_modules/cache-loader/dist/cjs.js??ref--12-0!/workspace/project/xian-explorer/node_modules/babel-loader/lib/index.js!/workspace/project/xian-explorer/node_modules/vue-loader/lib/loaders/templateLoader.js??ref--6!/workspace/project/xian-explorer/node_modules/pug-plain-loader/index.js!/workspace/project/xian-explorer/node_modules/cache-loader/dist/cjs.js??ref--0-0!/workspace/project/xian-explorer/node_modules/vue-loader/lib/index.js??vue-loader-options!/workspace/project/xian-explorer/node_modules/@tendermint/ui/src/components/TmListItem/TmListItem.vue?vue&type=template&id=08c1e7e8&lang=pug
<s> [webpack.Progress] 65% building 600/652 modules 52 active /workspace/project/xian-explorer/node_modules/cache-loader/dist/cjs.js?{"cacheDirectory":"node_modules/.cache/vue-loader","cacheIdentifier":"1fe9d2cf-vue-loader-template"}!/workspace/project/xian-explorer/node_modules/cache-loader/dist/cjs.js??ref--12-0!/workspace/project/xian-explorer/node_modules/babel-loader/lib/index.js!/workspace/project/xian-explorer/node_modules/vue-loader/lib/loaders/templateLoader.js??ref--6!/workspace/project/xian-explorer/node_modules/pug-plain-loader/index.js!/workspace/project/xian-explorer/node_modules/cache-loader/dist/cjs.js??ref--0-0!/workspace/project/xian-explorer/node_modules/vue-loader/lib/index.js??vue-loader-options!/workspace/project/xian-explorer/node_modules/@tendermint/ui/src/components/TmTabBar/TmTabBar.vue?vue&type=template&id=4d653e6c&lang=pug
<s> [webpack.Progress] 65% building 601/652 modules 51 active /workspace/project/xian-explorer/node_modules/cache-loader/dist/cjs.js?{"cacheDirectory":"node_modules/.cache/vue-loader","cacheIdentifier":"1fe9d2cf-vue-loader-template"}!/workspace/project/xian-explorer/node_modules/cache-loader/dist/cjs.js??ref--12-0!/workspace/project/xian-explorer/node_modules/babel-loader/lib/index.js!/workspace/project/xian-explorer/node_modules/vue-loader/lib/loaders/templateLoader.js??ref--6!/workspace/project/xian-explorer/node_modules/pug-plain-loader/index.js!/workspace/project/xian-explorer/node_modules/cache-loader/dist/cjs.js??ref--0-0!/workspace/project/xian-explorer/node_modules/vue-loader/lib/index.js??vue-loader-options!/workspace/project/xian-explorer/node_modules/@tendermint/ui/src/components/TmTabBar/TmTabBar.vue?vue&type=template&id=4d653e6c&lang=pug
<s> [webpack.Progress] 65% building 601/653 modules 52 active /workspace/project/xian-explorer/node_modules/vue-loader/lib/loaders/pitcher.js??ref--4!/workspace/project/xian-explorer/node_modules/cache-loader/dist/cjs.js??ref--12-0!/workspace/project/xian-explorer/node_modules/babel-loader/lib/index.js!/workspace/project/xian-explorer/node_modules/vue-loader/lib/loaders/templateLoader.js??ref--6!/workspace/project/xian-explorer/node_modules/pug-plain-loader/index.js!/workspace/project/xian-explorer/node_modules/cache-loader/dist/cjs.js??ref--0-0!/workspace/project/xian-explorer/node_modules/vue-loader/lib/index.js??vue-loader-options!/workspace/project/xian-explorer/node_modules/@tendermint/ui/src/components/TmNotifications/TmNotifications.vue?vue&type=template&id=d111b3a8&lang=pug
<s> [webpack.Progress] 65% building 602/653 modules 51 active /workspace/project/xian-explorer/node_modules/cache-loader/dist/cjs.js?{"cacheDirectory":"node_modules/.cache/vue-loader","cacheIdentifier":"1fe9d2cf-vue-loader-template"}!/workspace/project/xian-explorer/node_modules/cache-loader/dist/cjs.js??ref--12-0!/workspace/project/xian-explorer/node_modules/babel-loader/lib/index.js!/workspace/project/xian-explorer/node_modules/vue-loader/lib/loaders/templateLoader.js??ref--6!/workspace/project/xian-explorer/node_modules/pug-plain-loader/index.js!/workspace/project/xian-explorer/node_modules/cache-loader/dist/cjs.js??ref--0-0!/workspace/project/xian-explorer/node_modules/vue-loader/lib/index.js??vue-loader-options!/workspace/project/xian-explorer/node_modules/@tendermint/ui/src/components/TmTabBar/TmTabBar.vue?vue&type=template&id=4d653e6c&lang=pug
<s> [webpack.Progress] 65% building 602/654 modules 52 active /workspace/project/xian-explorer/node_modules/cache-loader/dist/cjs.js?{"cacheDirectory":"node_modules/.cache/vue-loader","cacheIdentifier":"1fe9d2cf-vue-loader-template"}!/workspace/project/xian-explorer/node_modules/cache-loader/dist/cjs.js??ref--12-0!/workspace/project/xian-explorer/node_modules/babel-loader/lib/index.js!/workspace/project/xian-explorer/node_modules/vue-loader/lib/loaders/templateLoader.js??ref--6!/workspace/project/xian-explorer/node_modules/pug-plain-loader/index.js!/workspace/project/xian-explorer/node_modules/cache-loader/dist/cjs.js??ref--0-0!/workspace/project/xian-explorer/node_modules/vue-loader/lib/index.js??vue-loader-options!/workspace/project/xian-explorer/node_modules/@tendermint/ui/src/components/TmNotifications/TmNotifications.vue?vue&type=template&id=d111b3a8&lang=pug
<s> [webpack.Progress] 65% building 603/654 modules 51 active /workspace/project/xian-explorer/node_modules/cache-loader/dist/cjs.js?{"cacheDirectory":"node_modules/.cache/vue-loader","cacheIdentifier":"1fe9d2cf-vue-loader-template"}!/workspace/project/xian-explorer/node_modules/cache-loader/dist/cjs.js??ref--12-0!/workspace/project/xian-explorer/node_modules/babel-loader/lib/index.js!/workspace/project/xian-explorer/node_modules/vue-loader/lib/loaders/templateLoader.js??ref--6!/workspace/project/xian-explorer/node_modules/pug-plain-loader/index.js!/workspace/project/xian-explorer/node_modules/cache-loader/dist/cjs.js??ref--0-0!/workspace/project/xian-explorer/node_modules/vue-loader/lib/index.js??vue-loader-options!/workspace/project/xian-explorer/node_modules/@tendermint/ui/src/components/TmNotifications/TmNotifications.vue?vue&type=template&id=d111b3a8&lang=pug
<s> [webpack.Progress] 65% building 603/655 modules 52 active /workspace/project/xian-explorer/node_modules/vue-loader/lib/loaders/pitcher.js??ref--4!/workspace/project/xian-explorer/node_modules/cache-loader/dist/cjs.js??ref--12-0!/workspace/project/xian-explorer/node_modules/babel-loader/lib/index.js!/workspace/project/xian-explorer/node_modules/vue-loader/lib/loaders/templateLoader.js??ref--6!/workspace/project/xian-explorer/node_modules/pug-plain-loader/index.js!/workspace/project/xian-explorer/node_modules/cache-loader/dist/cjs.js??ref--0-0!/workspace/project/xian-explorer/node_modules/vue-loader/lib/index.js??vue-loader-options!/workspace/project/xian-explorer/node_modules/@tendermint/ui/src/components/TmTextMarkdown/TmTextMarkdown.vue?vue&type=template&id=c8c24da8&lang=pug
<s> [webpack.Progress] 65% building 604/655 modules 51 active /workspace/project/xian-explorer/node_modules/cache-loader/dist/cjs.js?{"cacheDirectory":"node_modules/.cache/vue-loader","cacheIdentifier":"1fe9d2cf-vue-loader-template"}!/workspace/project/xian-explorer/node_modules/cache-loader/dist/cjs.js??ref--12-0!/workspace/project/xian-explorer/node_modules/babel-loader/lib/index.js!/workspace/project/xian-explorer/node_modules/vue-loader/lib/loaders/templateLoader.js??ref--6!/workspace/project/xian-explorer/node_modules/pug-plain-loader/index.js!/workspace/project/xian-explorer/node_modules/cache-loader/dist/cjs.js??ref--0-0!/workspace/project/xian-explorer/node_modules/vue-loader/lib/index.js??vue-loader-options!/workspace/project/xian-explorer/node_modules/@tendermint/ui/src/components/TmNotifications/TmNotifications.vue?vue&type=template&id=d111b3a8&lang=pug
<s> [webpack.Progress] 65% building 604/656 modules 52 active /workspace/project/xian-explorer/node_modules/cache-loader/dist/cjs.js?{"cacheDirectory":"node_modules/.cache/vue-loader","cacheIdentifier":"1fe9d2cf-vue-loader-template"}!/workspace/project/xian-explorer/node_modules/cache-loader/dist/cjs.js??ref--12-0!/workspace/project/xian-explorer/node_modules/babel-loader/lib/index.js!/workspace/project/xian-explorer/node_modules/vue-loader/lib/loaders/templateLoader.js??ref--6!/workspace/project/xian-explorer/node_modules/pug-plain-loader/index.js!/workspace/project/xian-explorer/node_modules/cache-loader/dist/cjs.js??ref--0-0!/workspace/project/xian-explorer/node_modules/vue-loader/lib/index.js??vue-loader-options!/workspace/project/xian-explorer/node_modules/@tendermint/ui/src/components/TmTextMarkdown/TmTextMarkdown.vue?vue&type=template&id=c8c24da8&lang=pug
<s> [webpack.Progress] 65% building 605/656 modules 51 active /workspace/project/xian-explorer/node_modules/cache-loader/dist/cjs.js?{"cacheDirectory":"node_modules/.cache/vue-loader","cacheIdentifier":"1fe9d2cf-vue-loader-template"}!/workspace/project/xian-explorer/node_modules/cache-loader/dist/cjs.js??ref--12-0!/workspace/project/xian-explorer/node_modules/babel-loader/lib/index.js!/workspace/project/xian-explorer/node_modules/vue-loader/lib/loaders/templateLoader.js??ref--6!/workspace/project/xian-explorer/node_modules/pug-plain-loader/index.js!/workspace/project/xian-explorer/node_modules/cache-loader/dist/cjs.js??ref--0-0!/workspace/project/xian-explorer/node_modules/vue-loader/lib/index.js??vue-loader-options!/workspace/project/xian-explorer/node_modules/@tendermint/ui/src/components/TmTextMarkdown/TmTextMarkdown.vue?vue&type=template&id=c8c24da8&lang=pug
<s> [webpack.Progress] 65% building 605/657 modules 52 active /workspace/project/xian-explorer/node_modules/vue-loader/lib/loaders/pitcher.js??ref--4!/workspace/project/xian-explorer/node_modules/cache-loader/dist/cjs.js??ref--12-0!/workspace/project/xian-explorer/node_modules/babel-loader/lib/index.js!/workspace/project/xian-explorer/node_modules/vue-loader/lib/loaders/templateLoader.js??ref--6!/workspace/project/xian-explorer/node_modules/pug-plain-loader/index.js!/workspace/project/xian-explorer/node_modules/cache-loader/dist/cjs.js??ref--0-0!/workspace/project/xian-explorer/node_modules/vue-loader/lib/index.js??vue-loader-options!/workspace/project/xian-explorer/node_modules/@tendermint/ui/src/components/TmPart/TmPart.vue?vue&type=template&id=c1e3bd68&lang=pug
<s> [webpack.Progress] 65% building 606/657 modules 51 active /workspace/project/xian-explorer/node_modules/cache-loader/dist/cjs.js?{"cacheDirectory":"node_modules/.cache/vue-loader","cacheIdentifier":"1fe9d2cf-vue-loader-template"}!/workspace/project/xian-explorer/node_modules/cache-loader/dist/cjs.js??ref--12-0!/workspace/project/xian-explorer/node_modules/babel-loader/lib/index.js!/workspace/project/xian-explorer/node_modules/vue-loader/lib/loaders/templateLoader.js??ref--6!/workspace/project/xian-explorer/node_modules/pug-plain-loader/index.js!/workspace/project/xian-explorer/node_modules/cache-loader/dist/cjs.js??ref--0-0!/workspace/project/xian-explorer/node_modules/vue-loader/lib/index.js??vue-loader-options!/workspace/project/xian-explorer/node_modules/@tendermint/ui/src/components/TmTextMarkdown/TmTextMarkdown.vue?vue&type=template&id=c8c24da8&lang=pug
<s> [webpack.Progress] 65% building 606/658 modules 52 active /workspace/project/xian-explorer/node_modules/cache-loader/dist/cjs.js?{"cacheDirectory":"node_modules/.cache/vue-loader","cacheIdentifier":"1fe9d2cf-vue-loader-template"}!/workspace/project/xian-explorer/node_modules/cache-loader/dist/cjs.js??ref--12-0!/workspace/project/xian-explorer/node_modules/babel-loader/lib/index.js!/workspace/project/xian-explorer/node_modules/vue-loader/lib/loaders/templateLoader.js??ref--6!/workspace/project/xian-explorer/node_modules/pug-plain-loader/index.js!/workspace/project/xian-explorer/node_modules/cache-loader/dist/cjs.js??ref--0-0!/workspace/project/xian-explorer/node_modules/vue-loader/lib/index.js??vue-loader-options!/workspace/project/xian-explorer/node_modules/@tendermint/ui/src/components/TmPart/TmPart.vue?vue&type=template&id=c1e3bd68&lang=pug
<s> [webpack.Progress] 65% building 607/658 modules 51 active /workspace/project/xian-explorer/node_modules/cache-loader/dist/cjs.js?{"cacheDirectory":"node_modules/.cache/vue-loader","cacheIdentifier":"1fe9d2cf-vue-loader-template"}!/workspace/project/xian-explorer/node_modules/cache-loader/dist/cjs.js??ref--12-0!/workspace/project/xian-explorer/node_modules/babel-loader/lib/index.js!/workspace/project/xian-explorer/node_modules/vue-loader/lib/loaders/templateLoader.js??ref--6!/workspace/project/xian-explorer/node_modules/pug-plain-loader/index.js!/workspace/project/xian-explorer/node_modules/cache-loader/dist/cjs.js??ref--0-0!/workspace/project/xian-explorer/node_modules/vue-loader/lib/index.js??vue-loader-options!/workspace/project/xian-explorer/node_modules/@tendermint/ui/src/components/TmPart/TmPart.vue?vue&type=template&id=c1e3bd68&lang=pug
<s> [webpack.Progress] 65% building 607/659 modules 52 active /workspace/project/xian-explorer/node_modules/vue-loader/lib/loaders/pitcher.js??ref--4!/workspace/project/xian-explorer/node_modules/cache-loader/dist/cjs.js??ref--12-0!/workspace/project/xian-explorer/node_modules/babel-loader/lib/index.js!/workspace/project/xian-explorer/node_modules/vue-loader/lib/loaders/templateLoader.js??ref--6!/workspace/project/xian-explorer/node_modules/cache-loader/dist/cjs.js??ref--0-0!/workspace/project/xian-explorer/node_modules/vue-loader/lib/index.js??vue-loader-options!/workspace/project/xian-explorer/node_modules/@tendermint/ui/src/components/TmModules/TmModule.vue?vue&type=template&id=a4fa7ece
<s> [webpack.Progress] 65% building 608/659 modules 51 active /workspace/project/xian-explorer/node_modules/cache-loader/dist/cjs.js?{"cacheDirectory":"node_modules/.cache/vue-loader","cacheIdentifier":"1fe9d2cf-vue-loader-template"}!/workspace/project/xian-explorer/node_modules/cache-loader/dist/cjs.js??ref--12-0!/workspace/project/xian-explorer/node_modules/babel-loader/lib/index.js!/workspace/project/xian-explorer/node_modules/vue-loader/lib/loaders/templateLoader.js??ref--6!/workspace/project/xian-explorer/node_modules/pug-plain-loader/index.js!/workspace/project/xian-explorer/node_modules/cache-loader/dist/cjs.js??ref--0-0!/workspace/project/xian-explorer/node_modules/vue-loader/lib/index.js??vue-loader-options!/workspace/project/xian-explorer/node_modules/@tendermint/ui/src/components/TmPart/TmPart.vue?vue&type=template&id=c1e3bd68&lang=pug
<s> [webpack.Progress] 65% building 608/660 modules 52 active /workspace/project/xian-explorer/node_modules/cache-loader/dist/cjs.js?{"cacheDirectory":"node_modules/.cache/vue-loader","cacheIdentifier":"1fe9d2cf-vue-loader-template"}!/workspace/project/xian-explorer/node_modules/cache-loader/dist/cjs.js??ref--12-0!/workspace/project/xian-explorer/node_modules/babel-loader/lib/index.js!/workspace/project/xian-explorer/node_modules/vue-loader/lib/loaders/templateLoader.js??ref--6!/workspace/project/xian-explorer/node_modules/cache-loader/dist/cjs.js??ref--0-0!/workspace/project/xian-explorer/node_modules/vue-loader/lib/index.js??vue-loader-options!/workspace/project/xian-explorer/node_modules/@tendermint/ui/src/components/TmModules/TmModule.vue?vue&type=template&id=a4fa7ece
<s> [webpack.Progress] 65% building 609/660 modules 51 active /workspace/project/xian-explorer/node_modules/cache-loader/dist/cjs.js?{"cacheDirectory":"node_modules/.cache/vue-loader","cacheIdentifier":"1fe9d2cf-vue-loader-template"}!/workspace/project/xian-explorer/node_modules/cache-loader/dist/cjs.js??ref--12-0!/workspace/project/xian-explorer/node_modules/babel-loader/lib/index.js!/workspace/project/xian-explorer/node_modules/vue-loader/lib/loaders/templateLoader.js??ref--6!/workspace/project/xian-explorer/node_modules/cache-loader/dist/cjs.js??ref--0-0!/workspace/project/xian-explorer/node_modules/vue-loader/lib/index.js??vue-loader-options!/workspace/project/xian-explorer/node_modules/@tendermint/ui/src/components/TmModules/TmModule.vue?vue&type=template&id=a4fa7ece
<s> [webpack.Progress] 65% building 609/661 modules 52 active /workspace/project/xian-explorer/node_modules/vue-loader/lib/loaders/pitcher.js??ref--4!/workspace/project/xian-explorer/node_modules/cache-loader/dist/cjs.js??ref--12-0!/workspace/project/xian-explorer/node_modules/babel-loader/lib/index.js!/workspace/project/xian-explorer/node_modules/vue-loader/lib/loaders/templateLoader.js??ref--6!/workspace/project/xian-explorer/node_modules/cache-loader/dist/cjs.js??ref--0-0!/workspace/project/xian-explorer/node_modules/vue-loader/lib/index.js??vue-loader-options!/workspace/project/xian-explorer/node_modules/@tendermint/ui/src/components/TmKeyValues/TmKeyValue.vue?vue&type=template&id=8957a9b6
<s> [webpack.Progress] 65% building 610/661 modules 51 active /workspace/project/xian-explorer/node_modules/cache-loader/dist/cjs.js?{"cacheDirectory":"node_modules/.cache/vue-loader","cacheIdentifier":"1fe9d2cf-vue-loader-template"}!/workspace/project/xian-explorer/node_modules/cache-loader/dist/cjs.js??ref--12-0!/workspace/project/xian-explorer/node_modules/babel-loader/lib/index.js!/workspace/project/xian-explorer/node_modules/vue-loader/lib/loaders/templateLoader.js??ref--6!/workspace/project/xian-explorer/node_modules/cache-loader/dist/cjs.js??ref--0-0!/workspace/project/xian-explorer/node_modules/vue-loader/lib/index.js??vue-loader-options!/workspace/project/xian-explorer/node_modules/@tendermint/ui/src/components/TmModules/TmModule.vue?vue&type=template&id=a4fa7ece
<s> [webpack.Progress] 65% building 610/662 modules 52 active /workspace/project/xian-explorer/node_modules/cache-loader/dist/cjs.js?{"cacheDirectory":"node_modules/.cache/vue-loader","cacheIdentifier":"1fe9d2cf-vue-loader-template"}!/workspace/project/xian-explorer/node_modules/cache-loader/dist/cjs.js??ref--12-0!/workspace/project/xian-explorer/node_modules/babel-loader/lib/index.js!/workspace/project/xian-explorer/node_modules/vue-loader/lib/loaders/templateLoader.js??ref--6!/workspace/project/xian-explorer/node_modules/cache-loader/dist/cjs.js??ref--0-0!/workspace/project/xian-explorer/node_modules/vue-loader/lib/index.js??vue-loader-options!/workspace/project/xian-explorer/node_modules/@tendermint/ui/src/components/TmKeyValues/TmKeyValue.vue?vue&type=template&id=8957a9b6
<s> [webpack.Progress] 65% building 611/662 modules 51 active /workspace/project/xian-explorer/node_modules/cache-loader/dist/cjs.js?{"cacheDirectory":"node_modules/.cache/vue-loader","cacheIdentifier":"1fe9d2cf-vue-loader-template"}!/workspace/project/xian-explorer/node_modules/cache-loader/dist/cjs.js??ref--12-0!/workspace/project/xian-explorer/node_modules/babel-loader/lib/index.js!/workspace/project/xian-explorer/node_modules/vue-loader/lib/loaders/templateLoader.js??ref--6!/workspace/project/xian-explorer/node_modules/cache-loader/dist/cjs.js??ref--0-0!/workspace/project/xian-explorer/node_modules/vue-loader/lib/index.js??vue-loader-options!/workspace/project/xian-explorer/node_modules/@tendermint/ui/src/components/TmKeyValues/TmKeyValue.vue?vue&type=template&id=8957a9b6
<s> [webpack.Progress] 65% building 612/662 modules 50 active /workspace/project/xian-explorer/node_modules/cache-loader/dist/cjs.js?{"cacheDirectory":"node_modules/.cache/vue-loader","cacheIdentifier":"1fe9d2cf-vue-loader-template"}!/workspace/project/xian-explorer/node_modules/cache-loader/dist/cjs.js??ref--12-0!/workspace/project/xian-explorer/node_modules/babel-loader/lib/index.js!/workspace/project/xian-explorer/node_modules/vue-loader/lib/loaders/templateLoader.js??ref--6!/workspace/project/xian-explorer/node_modules/cache-loader/dist/cjs.js??ref--0-0!/workspace/project/xian-explorer/node_modules/vue-loader/lib/index.js??vue-loader-options!/workspace/project/xian-explorer/node_modules/@tendermint/ui/src/components/TmKeyValues/TmKeyValue.vue?vue&type=template&id=8957a9b6
<s> [webpack.Progress] 65% building 612/663 modules 51 active /workspace/project/xian-explorer/node_modules/vue-loader/lib/loaders/pitcher.js??ref--4!/workspace/project/xian-explorer/node_modules/vue-style-loader/index.js??ref--11-oneOf-1-0!/workspace/project/xian-explorer/node_modules/css-loader/index.js??ref--11-oneOf-1-1!/workspace/project/xian-explorer/node_modules/postcss-loader/src/index.js??ref--11-oneOf-1-2!/workspace/project/xian-explorer/node_modules/stylus-loader/index.js??ref--11-oneOf-1-3!/workspace/project/xian-explorer/node_modules/cache-loader/dist/cjs.js??ref--0-0!/workspace/project/xian-explorer/node_modules/vue-loader/lib/index.js??vue-loader-options!/workspace/project/xian-explorer/node_modules/@tendermint/ui/src/components/TmKeyValues/TmKeyValue.vue?vue&type=style&index=0&id=8957a9b6&lang=stylus
<s> [webpack.Progress] 65% building 613/663 modules 50 active /workspace/project/xian-explorer/node_modules/cache-loader/dist/cjs.js?{"cacheDirectory":"node_modules/.cache/vue-loader","cacheIdentifier":"1fe9d2cf-vue-loader-template"}!/workspace/project/xian-explorer/node_modules/cache-loader/dist/cjs.js??ref--12-0!/workspace/project/xian-explorer/node_modules/babel-loader/lib/index.js!/workspace/project/xian-explorer/node_modules/vue-loader/lib/loaders/templateLoader.js??ref--6!/workspace/project/xian-explorer/node_modules/cache-loader/dist/cjs.js??ref--0-0!/workspace/project/xian-explorer/node_modules/vue-loader/lib/index.js??vue-loader-options!/workspace/project/xian-explorer/node_modules/@tendermint/ui/src/components/TmKeyValues/TmKeyValue.vue?vue&type=template&id=8957a9b6
<s> [webpack.Progress] 65% building 613/664 modules 51 active /workspace/project/xian-explorer/node_modules/vue-style-loader/index.js??ref--11-oneOf-1-0!/workspace/project/xian-explorer/node_modules/css-loader/index.js??ref--11-oneOf-1-1!/workspace/project/xian-explorer/node_modules/vue-loader/lib/loaders/stylePostLoader.js!/workspace/project/xian-explorer/node_modules/postcss-loader/src/index.js??ref--11-oneOf-1-2!/workspace/project/xian-explorer/node_modules/stylus-loader/index.js??ref--11-oneOf-1-3!/workspace/project/xian-explorer/node_modules/cache-loader/dist/cjs.js??ref--0-0!/workspace/project/xian-explorer/node_modules/vue-loader/lib/index.js??vue-loader-options!/workspace/project/xian-explorer/node_modules/@tendermint/ui/src/components/TmKeyValues/TmKeyValue.vue?vue&type=style&index=0&id=8957a9b6&lang=stylus
<s> [webpack.Progress] 65% building 614/664 modules 50 active /workspace/project/xian-explorer/node_modules/cache-loader/dist/cjs.js?{"cacheDirectory":"node_modules/.cache/vue-loader","cacheIdentifier":"1fe9d2cf-vue-loader-template"}!/workspace/project/xian-explorer/node_modules/cache-loader/dist/cjs.js??ref--12-0!/workspace/project/xian-explorer/node_modules/babel-loader/lib/index.js!/workspace/project/xian-explorer/node_modules/vue-loader/lib/loaders/templateLoader.js??ref--6!/workspace/project/xian-explorer/node_modules/cache-loader/dist/cjs.js??ref--0-0!/workspace/project/xian-explorer/node_modules/vue-loader/lib/index.js??vue-loader-options!/workspace/project/xian-explorer/node_modules/@tendermint/ui/src/components/TmKeyValues/TmKeyValue.vue?vue&type=template&id=8957a9b6
<s> [webpack.Progress] 65% building 614/665 modules 51 active /workspace/project/xian-explorer/node_modules/css-loader/index.js??ref--11-oneOf-1-1!/workspace/project/xian-explorer/node_modules/vue-loader/lib/loaders/stylePostLoader.js!/workspace/project/xian-explorer/node_modules/postcss-loader/src/index.js??ref--11-oneOf-1-2!/workspace/project/xian-explorer/node_modules/stylus-loader/index.js??ref--11-oneOf-1-3!/workspace/project/xian-explorer/node_modules/cache-loader/dist/cjs.js??ref--0-0!/workspace/project/xian-explorer/node_modules/vue-loader/lib/index.js??vue-loader-options!/workspace/project/xian-explorer/node_modules/@tendermint/ui/src/components/TmKeyValues/TmKeyValue.vue?vue&type=style&index=0&id=8957a9b6&lang=stylus
<s> [webpack.Progress] 65% building 614/666 modules 52 active /workspace/project/xian-explorer/node_modules/vue-loader/lib/loaders/pitcher.js??ref--4!/workspace/project/xian-explorer/node_modules/cache-loader/dist/cjs.js??ref--12-0!/workspace/project/xian-explorer/node_modules/babel-loader/lib/index.js!/workspace/project/xian-explorer/node_modules/cache-loader/dist/cjs.js??ref--0-0!/workspace/project/xian-explorer/node_modules/vue-loader/lib/index.js??vue-loader-options!/workspace/project/xian-explorer/node_modules/@tendermint/ui/src/components/TmKeyValues/TmKeyValue.vue?vue&type=script&lang=js
<s> [webpack.Progress] 65% building 615/666 modules 51 active /workspace/project/xian-explorer/node_modules/css-loader/index.js??ref--11-oneOf-1-1!/workspace/project/xian-explorer/node_modules/vue-loader/lib/loaders/stylePostLoader.js!/workspace/project/xian-explorer/node_modules/postcss-loader/src/index.js??ref--11-oneOf-1-2!/workspace/project/xian-explorer/node_modules/stylus-loader/index.js??ref--11-oneOf-1-3!/workspace/project/xian-explorer/node_modules/cache-loader/dist/cjs.js??ref--0-0!/workspace/project/xian-explorer/node_modules/vue-loader/lib/index.js??vue-loader-options!/workspace/project/xian-explorer/node_modules/@tendermint/ui/src/components/TmKeyValues/TmKeyValue.vue?vue&type=style&index=0&id=8957a9b6&lang=stylus
<s> [webpack.Progress] 65% building 615/667 modules 52 active /workspace/project/xian-explorer/node_modules/cache-loader/dist/cjs.js??ref--12-0!/workspace/project/xian-explorer/node_modules/babel-loader/lib/index.js!/workspace/project/xian-explorer/node_modules/cache-loader/dist/cjs.js??ref--0-0!/workspace/project/xian-explorer/node_modules/vue-loader/lib/index.js??vue-loader-options!/workspace/project/xian-explorer/node_modules/@tendermint/ui/src/components/TmKeyValues/TmKeyValue.vue?vue&type=script&lang=js
<s> [webpack.Progress] 65% building 616/667 modules 51 active /workspace/project/xian-explorer/node_modules/cache-loader/dist/cjs.js??ref--12-0!/workspace/project/xian-explorer/node_modules/babel-loader/lib/index.js!/workspace/project/xian-explorer/node_modules/cache-loader/dist/cjs.js??ref--0-0!/workspace/project/xian-explorer/node_modules/vue-loader/lib/index.js??vue-loader-options!/workspace/project/xian-explorer/node_modules/@tendermint/ui/src/components/TmKeyValues/TmKeyValue.vue?vue&type=script&lang=js
<s> [webpack.Progress] 65% building 617/667 modules 50 active /workspace/project/xian-explorer/node_modules/cache-loader/dist/cjs.js??ref--12-0!/workspace/project/xian-explorer/node_modules/babel-loader/lib/index.js!/workspace/project/xian-explorer/node_modules/cache-loader/dist/cjs.js??ref--0-0!/workspace/project/xian-explorer/node_modules/vue-loader/lib/index.js??vue-loader-options!/workspace/project/xian-explorer/node_modules/@tendermint/ui/src/components/TmKeyValues/TmKeyValue.vue?vue&type=script&lang=js
<s> [webpack.Progress] 65% building 617/668 modules 51 active /workspace/project/xian-explorer/node_modules/vue-loader/lib/loaders/pitcher.js??ref--4!/workspace/project/xian-explorer/node_modules/vue-style-loader/index.js??ref--11-oneOf-1-0!/workspace/project/xian-explorer/node_modules/css-loader/index.js??ref--11-oneOf-1-1!/workspace/project/xian-explorer/node_modules/postcss-loader/src/index.js??ref--11-oneOf-1-2!/workspace/project/xian-explorer/node_modules/stylus-loader/index.js??ref--11-oneOf-1-3!/workspace/project/xian-explorer/node_modules/cache-loader/dist/cjs.js??ref--0-0!/workspace/project/xian-explorer/node_modules/vue-loader/lib/index.js??vue-loader-options!/workspace/project/xian-explorer/node_modules/@tendermint/ui/src/components/TmModules/TmModule.vue?vue&type=style&index=0&id=a4fa7ece&lang=stylus
<s> [webpack.Progress] 65% building 618/668 modules 50 active /workspace/project/xian-explorer/node_modules/cache-loader/dist/cjs.js??ref--12-0!/workspace/project/xian-explorer/node_modules/babel-loader/lib/index.js!/workspace/project/xian-explorer/node_modules/cache-loader/dist/cjs.js??ref--0-0!/workspace/project/xian-explorer/node_modules/vue-loader/lib/index.js??vue-loader-options!/workspace/project/xian-explorer/node_modules/@tendermint/ui/src/components/TmKeyValues/TmKeyValue.vue?vue&type=script&lang=js
<s> [webpack.Progress] 65% building 618/669 modules 51 active /workspace/project/xian-explorer/node_modules/vue-style-loader/index.js??ref--11-oneOf-1-0!/workspace/project/xian-explorer/node_modules/css-loader/index.js??ref--11-oneOf-1-1!/workspace/project/xian-explorer/node_modules/vue-loader/lib/loaders/stylePostLoader.js!/workspace/project/xian-explorer/node_modules/postcss-loader/src/index.js??ref--11-oneOf-1-2!/workspace/project/xian-explorer/node_modules/stylus-loader/index.js??ref--11-oneOf-1-3!/workspace/project/xian-explorer/node_modules/cache-loader/dist/cjs.js??ref--0-0!/workspace/project/xian-explorer/node_modules/vue-loader/lib/index.js??vue-loader-options!/workspace/project/xian-explorer/node_modules/@tendermint/ui/src/components/TmModules/TmModule.vue?vue&type=style&index=0&id=a4fa7ece&lang=stylus
<s> [webpack.Progress] 65% building 619/669 modules 50 active /workspace/project/xian-explorer/node_modules/cache-loader/dist/cjs.js??ref--12-0!/workspace/project/xian-explorer/node_modules/babel-loader/lib/index.js!/workspace/project/xian-explorer/node_modules/cache-loader/dist/cjs.js??ref--0-0!/workspace/project/xian-explorer/node_modules/vue-loader/lib/index.js??vue-loader-options!/workspace/project/xian-explorer/node_modules/@tendermint/ui/src/components/TmKeyValues/TmKeyValue.vue?vue&type=script&lang=js
<s> [webpack.Progress] 65% building 619/670 modules 51 active /workspace/project/xian-explorer/node_modules/css-loader/index.js??ref--11-oneOf-1-1!/workspace/project/xian-explorer/node_modules/vue-loader/lib/loaders/stylePostLoader.js!/workspace/project/xian-explorer/node_modules/postcss-loader/src/index.js??ref--11-oneOf-1-2!/workspace/project/xian-explorer/node_modules/stylus-loader/index.js??ref--11-oneOf-1-3!/workspace/project/xian-explorer/node_modules/cache-loader/dist/cjs.js??ref--0-0!/workspace/project/xian-explorer/node_modules/vue-loader/lib/index.js??vue-loader-options!/workspace/project/xian-explorer/node_modules/@tendermint/ui/src/components/TmModules/TmModule.vue?vue&type=style&index=0&id=a4fa7ece&lang=stylus
<s> [webpack.Progress] 65% building 619/671 modules 52 active /workspace/project/xian-explorer/node_modules/moment/locale/my.js
<s> [webpack.Progress] 65% building 620/671 modules 51 active /workspace/project/xian-explorer/node_modules/moment/locale/my.js
<s> [webpack.Progress] 65% building 620/672 modules 52 active /workspace/project/xian-explorer/node_modules/vue-loader/lib/loaders/pitcher.js??ref--4!/workspace/project/xian-explorer/node_modules/cache-loader/dist/cjs.js??ref--12-0!/workspace/project/xian-explorer/node_modules/babel-loader/lib/index.js!/workspace/project/xian-explorer/node_modules/cache-loader/dist/cjs.js??ref--0-0!/workspace/project/xian-explorer/node_modules/vue-loader/lib/index.js??vue-loader-options!/workspace/project/xian-explorer/node_modules/@tendermint/ui/src/components/TmModules/TmModule.vue?vue&type=script&lang=js
<s> [webpack.Progress] 65% building 621/672 modules 51 active /workspace/project/xian-explorer/node_modules/moment/locale/my.js
<s> [webpack.Progress] 65% building 621/673 modules 52 active /workspace/project/xian-explorer/node_modules/cache-loader/dist/cjs.js??ref--12-0!/workspace/project/xian-explorer/node_modules/babel-loader/lib/index.js!/workspace/project/xian-explorer/node_modules/cache-loader/dist/cjs.js??ref--0-0!/workspace/project/xian-explorer/node_modules/vue-loader/lib/index.js??vue-loader-options!/workspace/project/xian-explorer/node_modules/@tendermint/ui/src/components/TmModules/TmModule.vue?vue&type=script&lang=js
<s> [webpack.Progress] 65% building 621/674 modules 53 active /workspace/project/xian-explorer/node_modules/moment/locale/mt.js
<s> [webpack.Progress] 65% building 622/674 modules 52 active /workspace/project/xian-explorer/node_modules/moment/locale/mt.js
<s> [webpack.Progress] 65% building 622/675 modules 53 active /workspace/project/xian-explorer/node_modules/moment/locale/ms.js
<s> [webpack.Progress] 65% building 622/676 modules 54 active /workspace/project/xian-explorer/node_modules/moment/locale/ms-my.js
<s> [webpack.Progress] 65% building 622/677 modules 55 active /workspace/project/xian-explorer/node_modules/moment/locale/mr.js
<s> [webpack.Progress] 65% building 623/677 modules 54 active /workspace/project/xian-explorer/node_modules/moment/locale/mr.js
<s> [webpack.Progress] 65% building 623/678 modules 55 active /workspace/project/xian-explorer/node_modules/vue-loader/lib/loaders/pitcher.js??ref--4!/workspace/project/xian-explorer/node_modules/vue-style-loader/index.js??ref--11-oneOf-1-0!/workspace/project/xian-explorer/node_modules/css-loader/index.js??ref--11-oneOf-1-1!/workspace/project/xian-explorer/node_modules/postcss-loader/src/index.js??ref--11-oneOf-1-2!/workspace/project/xian-explorer/node_modules/stylus-loader/index.js??ref--11-oneOf-1-3!/workspace/project/xian-explorer/node_modules/cache-loader/dist/cjs.js??ref--0-0!/workspace/project/xian-explorer/node_modules/vue-loader/lib/index.js??vue-loader-options!/workspace/project/xian-explorer/node_modules/@tendermint/ui/src/components/TmPart/TmPart.vue?vue&type=style&index=0&id=c1e3bd68&lang=stylus
<s> [webpack.Progress] 65% building 624/678 modules 54 active /workspace/project/xian-explorer/node_modules/moment/locale/mr.js
<s> [webpack.Progress] 65% building 624/679 modules 55 active /workspace/project/xian-explorer/node_modules/vue-style-loader/index.js??ref--11-oneOf-1-0!/workspace/project/xian-explorer/node_modules/css-loader/index.js??ref--11-oneOf-1-1!/workspace/project/xian-explorer/node_modules/vue-loader/lib/loaders/stylePostLoader.js!/workspace/project/xian-explorer/node_modules/postcss-loader/src/index.js??ref--11-oneOf-1-2!/workspace/project/xian-explorer/node_modules/stylus-loader/index.js??ref--11-oneOf-1-3!/workspace/project/xian-explorer/node_modules/cache-loader/dist/cjs.js??ref--0-0!/workspace/project/xian-explorer/node_modules/vue-loader/lib/index.js??vue-loader-options!/workspace/project/xian-explorer/node_modules/@tendermint/ui/src/components/TmPart/TmPart.vue?vue&type=style&index=0&id=c1e3bd68&lang=stylus
<s> [webpack.Progress] 65% building 625/679 modules 54 active /workspace/project/xian-explorer/node_modules/moment/locale/mr.js
<s> [webpack.Progress] 65% building 625/680 modules 55 active /workspace/project/xian-explorer/node_modules/css-loader/index.js??ref--11-oneOf-1-1!/workspace/project/xian-explorer/node_modules/vue-loader/lib/loaders/stylePostLoader.js!/workspace/project/xian-explorer/node_modules/postcss-loader/src/index.js??ref--11-oneOf-1-2!/workspace/project/xian-explorer/node_modules/stylus-loader/index.js??ref--11-oneOf-1-3!/workspace/project/xian-explorer/node_modules/cache-loader/dist/cjs.js??ref--0-0!/workspace/project/xian-explorer/node_modules/vue-loader/lib/index.js??vue-loader-options!/workspace/project/xian-explorer/node_modules/@tendermint/ui/src/components/TmPart/TmPart.vue?vue&type=style&index=0&id=c1e3bd68&lang=stylus
<s> [webpack.Progress] 65% building 626/680 modules 54 active /workspace/project/xian-explorer/node_modules/css-loader/index.js??ref--11-oneOf-1-1!/workspace/project/xian-explorer/node_modules/vue-loader/lib/loaders/stylePostLoader.js!/workspace/project/xian-explorer/node_modules/postcss-loader/src/index.js??ref--11-oneOf-1-2!/workspace/project/xian-explorer/node_modules/stylus-loader/index.js??ref--11-oneOf-1-3!/workspace/project/xian-explorer/node_modules/cache-loader/dist/cjs.js??ref--0-0!/workspace/project/xian-explorer/node_modules/vue-loader/lib/index.js??vue-loader-options!/workspace/project/xian-explorer/node_modules/@tendermint/ui/src/components/TmPart/TmPart.vue?vue&type=style&index=0&id=c1e3bd68&lang=stylus
<s> [webpack.Progress] 65% building 626/681 modules 55 active /workspace/project/xian-explorer/node_modules/vue-loader/lib/loaders/pitcher.js??ref--4!/workspace/project/xian-explorer/node_modules/cache-loader/dist/cjs.js??ref--12-0!/workspace/project/xian-explorer/node_modules/babel-loader/lib/index.js!/workspace/project/xian-explorer/node_modules/cache-loader/dist/cjs.js??ref--0-0!/workspace/project/xian-explorer/node_modules/vue-loader/lib/index.js??vue-loader-options!/workspace/project/xian-explorer/node_modules/@tendermint/ui/src/components/TmPart/TmPart.vue?vue&type=script&lang=js
<s> [webpack.Progress] 65% building 627/681 modules 54 active /workspace/project/xian-explorer/node_modules/css-loader/index.js??ref--11-oneOf-1-1!/workspace/project/xian-explorer/node_modules/vue-loader/lib/loaders/stylePostLoader.js!/workspace/project/xian-explorer/node_modules/postcss-loader/src/index.js??ref--11-oneOf-1-2!/workspace/project/xian-explorer/node_modules/stylus-loader/index.js??ref--11-oneOf-1-3!/workspace/project/xian-explorer/node_modules/cache-loader/dist/cjs.js??ref--0-0!/workspace/project/xian-explorer/node_modules/vue-loader/lib/index.js??vue-loader-options!/workspace/project/xian-explorer/node_modules/@tendermint/ui/src/components/TmPart/TmPart.vue?vue&type=style&index=0&id=c1e3bd68&lang=stylus
<s> [webpack.Progress] 65% building 627/682 modules 55 active /workspace/project/xian-explorer/node_modules/cache-loader/dist/cjs.js??ref--12-0!/workspace/project/xian-explorer/node_modules/babel-loader/lib/index.js!/workspace/project/xian-explorer/node_modules/cache-loader/dist/cjs.js??ref--0-0!/workspace/project/xian-explorer/node_modules/vue-loader/lib/index.js??vue-loader-options!/workspace/project/xian-explorer/node_modules/@tendermint/ui/src/components/TmPart/TmPart.vue?vue&type=script&lang=js
<s> [webpack.Progress] 65% building 628/682 modules 54 active /workspace/project/xian-explorer/node_modules/cache-loader/dist/cjs.js??ref--12-0!/workspace/project/xian-explorer/node_modules/babel-loader/lib/index.js!/workspace/project/xian-explorer/node_modules/cache-loader/dist/cjs.js??ref--0-0!/workspace/project/xian-explorer/node_modules/vue-loader/lib/index.js??vue-loader-options!/workspace/project/xian-explorer/node_modules/@tendermint/ui/src/components/TmPart/TmPart.vue?vue&type=script&lang=js
<s> [webpack.Progress] 65% building 629/682 modules 53 active /workspace/project/xian-explorer/node_modules/cache-loader/dist/cjs.js??ref--12-0!/workspace/project/xian-explorer/node_modules/babel-loader/lib/index.js!/workspace/project/xian-explorer/node_modules/cache-loader/dist/cjs.js??ref--0-0!/workspace/project/xian-explorer/node_modules/vue-loader/lib/index.js??vue-loader-options!/workspace/project/xian-explorer/node_modules/@tendermint/ui/src/components/TmPart/TmPart.vue?vue&type=script&lang=js
<s> [webpack.Progress] 65% building 629/683 modules 54 active /workspace/project/xian-explorer/node_modules/vue-loader/lib/loaders/pitcher.js??ref--4!/workspace/project/xian-explorer/node_modules/vue-style-loader/index.js??ref--11-oneOf-1-0!/workspace/project/xian-explorer/node_modules/css-loader/index.js??ref--11-oneOf-1-1!/workspace/project/xian-explorer/node_modules/postcss-loader/src/index.js??ref--11-oneOf-1-2!/workspace/project/xian-explorer/node_modules/stylus-loader/index.js??ref--11-oneOf-1-3!/workspace/project/xian-explorer/node_modules/cache-loader/dist/cjs.js??ref--0-0!/workspace/project/xian-explorer/node_modules/vue-loader/lib/index.js??vue-loader-options!/workspace/project/xian-explorer/node_modules/@tendermint/ui/src/components/TmTextMarkdown/TmTextMarkdown.vue?vue&type=style&index=0&id=c8c24da8&lang=stylus
<s> [webpack.Progress] 65% building 630/683 modules 53 active /workspace/project/xian-explorer/node_modules/cache-loader/dist/cjs.js??ref--12-0!/workspace/project/xian-explorer/node_modules/babel-loader/lib/index.js!/workspace/project/xian-explorer/node_modules/cache-loader/dist/cjs.js??ref--0-0!/workspace/project/xian-explorer/node_modules/vue-loader/lib/index.js??vue-loader-options!/workspace/project/xian-explorer/node_modules/@tendermint/ui/src/components/TmPart/TmPart.vue?vue&type=script&lang=js
<s> [webpack.Progress] 65% building 630/684 modules 54 active /workspace/project/xian-explorer/node_modules/vue-style-loader/index.js??ref--11-oneOf-1-0!/workspace/project/xian-explorer/node_modules/css-loader/index.js??ref--11-oneOf-1-1!/workspace/project/xian-explorer/node_modules/vue-loader/lib/loaders/stylePostLoader.js!/workspace/project/xian-explorer/node_modules/postcss-loader/src/index.js??ref--11-oneOf-1-2!/workspace/project/xian-explorer/node_modules/stylus-loader/index.js??ref--11-oneOf-1-3!/workspace/project/xian-explorer/node_modules/cache-loader/dist/cjs.js??ref--0-0!/workspace/project/xian-explorer/node_modules/vue-loader/lib/index.js??vue-loader-options!/workspace/project/xian-explorer/node_modules/@tendermint/ui/src/components/TmTextMarkdown/TmTextMarkdown.vue?vue&type=style&index=0&id=c8c24da8&lang=stylus
<s> [webpack.Progress] 65% building 631/684 modules 53 active /workspace/project/xian-explorer/node_modules/cache-loader/dist/cjs.js??ref--12-0!/workspace/project/xian-explorer/node_modules/babel-loader/lib/index.js!/workspace/project/xian-explorer/node_modules/cache-loader/dist/cjs.js??ref--0-0!/workspace/project/xian-explorer/node_modules/vue-loader/lib/index.js??vue-loader-options!/workspace/project/xian-explorer/node_modules/@tendermint/ui/src/components/TmPart/TmPart.vue?vue&type=script&lang=js
<s> [webpack.Progress] 65% building 631/685 modules 54 active /workspace/project/xian-explorer/node_modules/css-loader/index.js??ref--11-oneOf-1-1!/workspace/project/xian-explorer/node_modules/vue-loader/lib/loaders/stylePostLoader.js!/workspace/project/xian-explorer/node_modules/postcss-loader/src/index.js??ref--11-oneOf-1-2!/workspace/project/xian-explorer/node_modules/stylus-loader/index.js??ref--11-oneOf-1-3!/workspace/project/xian-explorer/node_modules/cache-loader/dist/cjs.js??ref--0-0!/workspace/project/xian-explorer/node_modules/vue-loader/lib/index.js??vue-loader-options!/workspace/project/xian-explorer/node_modules/@tendermint/ui/src/components/TmTextMarkdown/TmTextMarkdown.vue?vue&type=style&index=0&id=c8c24da8&lang=stylus
<s> [webpack.Progress] 65% building 631/686 modules 55 active /workspace/project/xian-explorer/node_modules/vue-loader/lib/loaders/pitcher.js??ref--4!/workspace/project/xian-explorer/node_modules/cache-loader/dist/cjs.js??ref--12-0!/workspace/project/xian-explorer/node_modules/babel-loader/lib/index.js!/workspace/project/xian-explorer/node_modules/cache-loader/dist/cjs.js??ref--0-0!/workspace/project/xian-explorer/node_modules/vue-loader/lib/index.js??vue-loader-options!/workspace/project/xian-explorer/node_modules/@tendermint/ui/src/components/TmTextMarkdown/TmTextMarkdown.vue?vue&type=script&lang=js
<s> [webpack.Progress] 65% building 632/686 modules 54 active /workspace/project/xian-explorer/node_modules/css-loader/index.js??ref--11-oneOf-1-1!/workspace/project/xian-explorer/node_modules/vue-loader/lib/loaders/stylePostLoader.js!/workspace/project/xian-explorer/node_modules/postcss-loader/src/index.js??ref--11-oneOf-1-2!/workspace/project/xian-explorer/node_modules/stylus-loader/index.js??ref--11-oneOf-1-3!/workspace/project/xian-explorer/node_modules/cache-loader/dist/cjs.js??ref--0-0!/workspace/project/xian-explorer/node_modules/vue-loader/lib/index.js??vue-loader-options!/workspace/project/xian-explorer/node_modules/@tendermint/ui/src/components/TmTextMarkdown/TmTextMarkdown.vue?vue&type=style&index=0&id=c8c24da8&lang=stylus
<s> [webpack.Progress] 65% building 632/687 modules 55 active /workspace/project/xian-explorer/node_modules/cache-loader/dist/cjs.js??ref--12-0!/workspace/project/xian-explorer/node_modules/babel-loader/lib/index.js!/workspace/project/xian-explorer/node_modules/cache-loader/dist/cjs.js??ref--0-0!/workspace/project/xian-explorer/node_modules/vue-loader/lib/index.js??vue-loader-options!/workspace/project/xian-explorer/node_modules/@tendermint/ui/src/components/TmTextMarkdown/TmTextMarkdown.vue?vue&type=script&lang=js
<s> [webpack.Progress] 65% building 633/687 modules 54 active /workspace/project/xian-explorer/node_modules/cache-loader/dist/cjs.js??ref--12-0!/workspace/project/xian-explorer/node_modules/babel-loader/lib/index.js!/workspace/project/xian-explorer/node_modules/cache-loader/dist/cjs.js??ref--0-0!/workspace/project/xian-explorer/node_modules/vue-loader/lib/index.js??vue-loader-options!/workspace/project/xian-explorer/node_modules/@tendermint/ui/src/components/TmTextMarkdown/TmTextMarkdown.vue?vue&type=script&lang=js
<s> [webpack.Progress] 65% building 633/688 modules 55 active /workspace/project/xian-explorer/node_modules/moment/locale/mn.js
<s> [webpack.Progress] 65% building 633/689 modules 56 active /workspace/project/xian-explorer/node_modules/core-js/library/modules/_classof.js
<s> [webpack.Progress] 65% building 633/690 modules 57 active /workspace/project/xian-explorer/node_modules/moment/locale/ml.js
<s> [webpack.Progress] 64% building 633/691 modules 58 active /workspace/project/xian-explorer/node_modules/moment/locale/mk.js
<s> [webpack.Progress] 65% building 634/691 modules 57 active /workspace/project/xian-explorer/node_modules/moment/locale/mk.js
<s> [webpack.Progress] 64% building 634/692 modules 58 active /workspace/project/xian-explorer/node_modules/vue-loader/lib/loaders/pitcher.js??ref--4!/workspace/project/xian-explorer/node_modules/vue-style-loader/index.js??ref--11-oneOf-1-0!/workspace/project/xian-explorer/node_modules/css-loader/index.js??ref--11-oneOf-1-1!/workspace/project/xian-explorer/node_modules/postcss-loader/src/index.js??ref--11-oneOf-1-2!/workspace/project/xian-explorer/node_modules/stylus-loader/index.js??ref--11-oneOf-1-3!/workspace/project/xian-explorer/node_modules/cache-loader/dist/cjs.js??ref--0-0!/workspace/project/xian-explorer/node_modules/vue-loader/lib/index.js??vue-loader-options!/workspace/project/xian-explorer/node_modules/@tendermint/ui/src/components/TmNotifications/TmNotifications.vue?vue&type=style&index=0&id=d111b3a8&lang=stylus
<s> [webpack.Progress] 65% building 635/692 modules 57 active /workspace/project/xian-explorer/node_modules/moment/locale/mk.js
<s> [webpack.Progress] 64% building 635/693 modules 58 active /workspace/project/xian-explorer/node_modules/vue-style-loader/index.js??ref--11-oneOf-1-0!/workspace/project/xian-explorer/node_modules/css-loader/index.js??ref--11-oneOf-1-1!/workspace/project/xian-explorer/node_modules/vue-loader/lib/loaders/stylePostLoader.js!/workspace/project/xian-explorer/node_modules/postcss-loader/src/index.js??ref--11-oneOf-1-2!/workspace/project/xian-explorer/node_modules/stylus-loader/index.js??ref--11-oneOf-1-3!/workspace/project/xian-explorer/node_modules/cache-loader/dist/cjs.js??ref--0-0!/workspace/project/xian-explorer/node_modules/vue-loader/lib/index.js??vue-loader-options!/workspace/project/xian-explorer/node_modules/@tendermint/ui/src/components/TmNotifications/TmNotifications.vue?vue&type=style&index=0&id=d111b3a8&lang=stylus
<s> [webpack.Progress] 65% building 636/693 modules 57 active /workspace/project/xian-explorer/node_modules/moment/locale/mk.js
<s> [webpack.Progress] 64% building 636/694 modules 58 active /workspace/project/xian-explorer/node_modules/css-loader/index.js??ref--11-oneOf-1-1!/workspace/project/xian-explorer/node_modules/vue-loader/lib/loaders/stylePostLoader.js!/workspace/project/xian-explorer/node_modules/postcss-loader/src/index.js??ref--11-oneOf-1-2!/workspace/project/xian-explorer/node_modules/stylus-loader/index.js??ref--11-oneOf-1-3!/workspace/project/xian-explorer/node_modules/cache-loader/dist/cjs.js??ref--0-0!/workspace/project/xian-explorer/node_modules/vue-loader/lib/index.js??vue-loader-options!/workspace/project/xian-explorer/node_modules/@tendermint/ui/src/components/TmNotifications/TmNotifications.vue?vue&type=style&index=0&id=d111b3a8&lang=stylus
<s> [webpack.Progress] 64% building 636/695 modules 59 active /workspace/project/xian-explorer/node_modules/vue-loader/lib/loaders/pitcher.js??ref--4!/workspace/project/xian-explorer/node_modules/cache-loader/dist/cjs.js??ref--12-0!/workspace/project/xian-explorer/node_modules/babel-loader/lib/index.js!/workspace/project/xian-explorer/node_modules/cache-loader/dist/cjs.js??ref--0-0!/workspace/project/xian-explorer/node_modules/vue-loader/lib/index.js??vue-loader-options!/workspace/project/xian-explorer/node_modules/@tendermint/ui/src/components/TmNotifications/TmNotifications.vue?vue&type=script&lang=js
<s> [webpack.Progress] 64% building 637/695 modules 58 active /workspace/project/xian-explorer/node_modules/css-loader/index.js??ref--11-oneOf-1-1!/workspace/project/xian-explorer/node_modules/vue-loader/lib/loaders/stylePostLoader.js!/workspace/project/xian-explorer/node_modules/postcss-loader/src/index.js??ref--11-oneOf-1-2!/workspace/project/xian-explorer/node_modules/stylus-loader/index.js??ref--11-oneOf-1-3!/workspace/project/xian-explorer/node_modules/cache-loader/dist/cjs.js??ref--0-0!/workspace/project/xian-explorer/node_modules/vue-loader/lib/index.js??vue-loader-options!/workspace/project/xian-explorer/node_modules/@tendermint/ui/src/components/TmNotifications/TmNotifications.vue?vue&type=style&index=0&id=d111b3a8&lang=stylus
<s> [webpack.Progress] 64% building 637/696 modules 59 active /workspace/project/xian-explorer/node_modules/cache-loader/dist/cjs.js??ref--12-0!/workspace/project/xian-explorer/node_modules/babel-loader/lib/index.js!/workspace/project/xian-explorer/node_modules/cache-loader/dist/cjs.js??ref--0-0!/workspace/project/xian-explorer/node_modules/vue-loader/lib/index.js??vue-loader-options!/workspace/project/xian-explorer/node_modules/@tendermint/ui/src/components/TmNotifications/TmNotifications.vue?vue&type=script&lang=js
<s> [webpack.Progress] 64% building 637/697 modules 60 active /workspace/project/xian-explorer/node_modules/moment/locale/mi.js
<s> [webpack.Progress] 64% building 637/698 modules 61 active /workspace/project/xian-explorer/node_modules/vue-loader/lib/loaders/pitcher.js??ref--4!/workspace/project/xian-explorer/node_modules/vue-style-loader/index.js??ref--11-oneOf-1-0!/workspace/project/xian-explorer/node_modules/css-loader/index.js??ref--11-oneOf-1-1!/workspace/project/xian-explorer/node_modules/postcss-loader/src/index.js??ref--11-oneOf-1-2!/workspace/project/xian-explorer/node_modules/stylus-loader/index.js??ref--11-oneOf-1-3!/workspace/project/xian-explorer/node_modules/cache-loader/dist/cjs.js??ref--0-0!/workspace/project/xian-explorer/node_modules/vue-loader/lib/index.js??vue-loader-options!/workspace/project/xian-explorer/node_modules/@tendermint/ui/src/components/TmTabBar/TmTabBar.vue?vue&type=style&index=0&id=4d653e6c&lang=stylus
<s> [webpack.Progress] 64% building 638/698 modules 60 active /workspace/project/xian-explorer/node_modules/moment/locale/mi.js
<s> [webpack.Progress] 64% building 638/699 modules 61 active /workspace/project/xian-explorer/node_modules/vue-style-loader/index.js??ref--11-oneOf-1-0!/workspace/project/xian-explorer/node_modules/css-loader/index.js??ref--11-oneOf-1-1!/workspace/project/xian-explorer/node_modules/vue-loader/lib/loaders/stylePostLoader.js!/workspace/project/xian-explorer/node_modules/postcss-loader/src/index.js??ref--11-oneOf-1-2!/workspace/project/xian-explorer/node_modules/stylus-loader/index.js??ref--11-oneOf-1-3!/workspace/project/xian-explorer/node_modules/cache-loader/dist/cjs.js??ref--0-0!/workspace/project/xian-explorer/node_modules/vue-loader/lib/index.js??vue-loader-options!/workspace/project/xian-explorer/node_modules/@tendermint/ui/src/components/TmTabBar/TmTabBar.vue?vue&type=style&index=0&id=4d653e6c&lang=stylus
<s> [webpack.Progress] 64% building 639/699 modules 60 active /workspace/project/xian-explorer/node_modules/moment/locale/mi.js
<s> [webpack.Progress] 64% building 639/700 modules 61 active /workspace/project/xian-explorer/node_modules/css-loader/index.js??ref--11-oneOf-1-1!/workspace/project/xian-explorer/node_modules/vue-loader/lib/loaders/stylePostLoader.js!/workspace/project/xian-explorer/node_modules/postcss-loader/src/index.js??ref--11-oneOf-1-2!/workspace/project/xian-explorer/node_modules/stylus-loader/index.js??ref--11-oneOf-1-3!/workspace/project/xian-explorer/node_modules/cache-loader/dist/cjs.js??ref--0-0!/workspace/project/xian-explorer/node_modules/vue-loader/lib/index.js??vue-loader-options!/workspace/project/xian-explorer/node_modules/@tendermint/ui/src/components/TmTabBar/TmTabBar.vue?vue&type=style&index=0&id=4d653e6c&lang=stylus
<s> [webpack.Progress] 64% building 639/701 modules 62 active /workspace/project/xian-explorer/node_modules/stream-browserify/index.js
<s> [webpack.Progress] 64% building 639/702 modules 63 active /workspace/project/xian-explorer/node_modules/vue-loader/lib/loaders/pitcher.js??ref--4!/workspace/project/xian-explorer/node_modules/cache-loader/dist/cjs.js??ref--12-0!/workspace/project/xian-explorer/node_modules/babel-loader/lib/index.js!/workspace/project/xian-explorer/node_modules/cache-loader/dist/cjs.js??ref--0-0!/workspace/project/xian-explorer/node_modules/vue-loader/lib/index.js??vue-loader-options!/workspace/project/xian-explorer/node_modules/@tendermint/ui/src/components/TmTabBar/TmTabBar.vue?vue&type=script&lang=js
<s> [webpack.Progress] 64% building 640/702 modules 62 active /workspace/project/xian-explorer/node_modules/stream-browserify/index.js
<s> [webpack.Progress] 64% building 640/703 modules 63 active /workspace/project/xian-explorer/node_modules/cache-loader/dist/cjs.js??ref--12-0!/workspace/project/xian-explorer/node_modules/babel-loader/lib/index.js!/workspace/project/xian-explorer/node_modules/cache-loader/dist/cjs.js??ref--0-0!/workspace/project/xian-explorer/node_modules/vue-loader/lib/index.js??vue-loader-options!/workspace/project/xian-explorer/node_modules/@tendermint/ui/src/components/TmTabBar/TmTabBar.vue?vue&type=script&lang=js
<s> [webpack.Progress] 64% building 641/703 modules 62 active /workspace/project/xian-explorer/node_modules/cache-loader/dist/cjs.js??ref--12-0!/workspace/project/xian-explorer/node_modules/babel-loader/lib/index.js!/workspace/project/xian-explorer/node_modules/cache-loader/dist/cjs.js??ref--0-0!/workspace/project/xian-explorer/node_modules/vue-loader/lib/index.js??vue-loader-options!/workspace/project/xian-explorer/node_modules/@tendermint/ui/src/components/TmTabBar/TmTabBar.vue?vue&type=script&lang=js
<s> [webpack.Progress] 64% building 642/703 modules 61 active /workspace/project/xian-explorer/node_modules/cache-loader/dist/cjs.js??ref--12-0!/workspace/project/xian-explorer/node_modules/babel-loader/lib/index.js!/workspace/project/xian-explorer/node_modules/cache-loader/dist/cjs.js??ref--0-0!/workspace/project/xian-explorer/node_modules/vue-loader/lib/index.js??vue-loader-options!/workspace/project/xian-explorer/node_modules/@tendermint/ui/src/components/TmTabBar/TmTabBar.vue?vue&type=script&lang=js
<s> [webpack.Progress] 64% building 642/704 modules 62 active /workspace/project/xian-explorer/node_modules/vue-loader/lib/loaders/pitcher.js??ref--4!/workspace/project/xian-explorer/node_modules/vue-style-loader/index.js??ref--11-oneOf-1-0!/workspace/project/xian-explorer/node_modules/css-loader/index.js??ref--11-oneOf-1-1!/workspace/project/xian-explorer/node_modules/postcss-loader/src/index.js??ref--11-oneOf-1-2!/workspace/project/xian-explorer/node_modules/stylus-loader/index.js??ref--11-oneOf-1-3!/workspace/project/xian-explorer/node_modules/cache-loader/dist/cjs.js??ref--0-0!/workspace/project/xian-explorer/node_modules/vue-loader/lib/index.js??vue-loader-options!/workspace/project/xian-explorer/node_modules/@tendermint/ui/src/components/TmListItem/TmListItem.vue?vue&type=style&index=0&id=08c1e7e8&lang=stylus
<s> [webpack.Progress] 64% building 643/704 modules 61 active /workspace/project/xian-explorer/node_modules/cache-loader/dist/cjs.js??ref--12-0!/workspace/project/xian-explorer/node_modules/babel-loader/lib/index.js!/workspace/project/xian-explorer/node_modules/cache-loader/dist/cjs.js??ref--0-0!/workspace/project/xian-explorer/node_modules/vue-loader/lib/index.js??vue-loader-options!/workspace/project/xian-explorer/node_modules/@tendermint/ui/src/components/TmTabBar/TmTabBar.vue?vue&type=script&lang=js
<s> [webpack.Progress] 64% building 643/705 modules 62 active /workspace/project/xian-explorer/node_modules/vue-style-loader/index.js??ref--11-oneOf-1-0!/workspace/project/xian-explorer/node_modules/css-loader/index.js??ref--11-oneOf-1-1!/workspace/project/xian-explorer/node_modules/vue-loader/lib/loaders/stylePostLoader.js!/workspace/project/xian-explorer/node_modules/postcss-loader/src/index.js??ref--11-oneOf-1-2!/workspace/project/xian-explorer/node_modules/stylus-loader/index.js??ref--11-oneOf-1-3!/workspace/project/xian-explorer/node_modules/cache-loader/dist/cjs.js??ref--0-0!/workspace/project/xian-explorer/node_modules/vue-loader/lib/index.js??vue-loader-options!/workspace/project/xian-explorer/node_modules/@tendermint/ui/src/components/TmListItem/TmListItem.vue?vue&type=style&index=0&id=08c1e7e8&lang=stylus
<s> [webpack.Progress] 64% building 644/705 modules 61 active /workspace/project/xian-explorer/node_modules/cache-loader/dist/cjs.js??ref--12-0!/workspace/project/xian-explorer/node_modules/babel-loader/lib/index.js!/workspace/project/xian-explorer/node_modules/cache-loader/dist/cjs.js??ref--0-0!/workspace/project/xian-explorer/node_modules/vue-loader/lib/index.js??vue-loader-options!/workspace/project/xian-explorer/node_modules/@tendermint/ui/src/components/TmTabBar/TmTabBar.vue?vue&type=script&lang=js
<s> [webpack.Progress] 64% building 644/706 modules 62 active /workspace/project/xian-explorer/node_modules/css-loader/index.js??ref--11-oneOf-1-1!/workspace/project/xian-explorer/node_modules/vue-loader/lib/loaders/stylePostLoader.js!/workspace/project/xian-explorer/node_modules/postcss-loader/src/index.js??ref--11-oneOf-1-2!/workspace/project/xian-explorer/node_modules/stylus-loader/index.js??ref--11-oneOf-1-3!/workspace/project/xian-explorer/node_modules/cache-loader/dist/cjs.js??ref--0-0!/workspace/project/xian-explorer/node_modules/vue-loader/lib/index.js??vue-loader-options!/workspace/project/xian-explorer/node_modules/@tendermint/ui/src/components/TmListItem/TmListItem.vue?vue&type=style&index=0&id=08c1e7e8&lang=stylus
<s> [webpack.Progress] 64% building 644/707 modules 63 active /workspace/project/xian-explorer/node_modules/vue-loader/lib/loaders/pitcher.js??ref--4!/workspace/project/xian-explorer/node_modules/cache-loader/dist/cjs.js??ref--12-0!/workspace/project/xian-explorer/node_modules/babel-loader/lib/index.js!/workspace/project/xian-explorer/node_modules/cache-loader/dist/cjs.js??ref--0-0!/workspace/project/xian-explorer/node_modules/vue-loader/lib/index.js??vue-loader-options!/workspace/project/xian-explorer/node_modules/@tendermint/ui/src/components/TmListItem/TmListItem.vue?vue&type=script&lang=js
<s> [webpack.Progress] 64% building 645/707 modules 62 active /workspace/project/xian-explorer/node_modules/css-loader/index.js??ref--11-oneOf-1-1!/workspace/project/xian-explorer/node_modules/vue-loader/lib/loaders/stylePostLoader.js!/workspace/project/xian-explorer/node_modules/postcss-loader/src/index.js??ref--11-oneOf-1-2!/workspace/project/xian-explorer/node_modules/stylus-loader/index.js??ref--11-oneOf-1-3!/workspace/project/xian-explorer/node_modules/cache-loader/dist/cjs.js??ref--0-0!/workspace/project/xian-explorer/node_modules/vue-loader/lib/index.js??vue-loader-options!/workspace/project/xian-explorer/node_modules/@tendermint/ui/src/components/TmListItem/TmListItem.vue?vue&type=style&index=0&id=08c1e7e8&lang=stylus
<s> [webpack.Progress] 64% building 645/708 modules 63 active /workspace/project/xian-explorer/node_modules/cache-loader/dist/cjs.js??ref--12-0!/workspace/project/xian-explorer/node_modules/babel-loader/lib/index.js!/workspace/project/xian-explorer/node_modules/cache-loader/dist/cjs.js??ref--0-0!/workspace/project/xian-explorer/node_modules/vue-loader/lib/index.js??vue-loader-options!/workspace/project/xian-explorer/node_modules/@tendermint/ui/src/components/TmListItem/TmListItem.vue?vue&type=script&lang=js
<s> [webpack.Progress] 64% building 646/708 modules 62 active /workspace/project/xian-explorer/node_modules/cache-loader/dist/cjs.js??ref--12-0!/workspace/project/xian-explorer/node_modules/babel-loader/lib/index.js!/workspace/project/xian-explorer/node_modules/cache-loader/dist/cjs.js??ref--0-0!/workspace/project/xian-explorer/node_modules/vue-loader/lib/index.js??vue-loader-options!/workspace/project/xian-explorer/node_modules/@tendermint/ui/src/components/TmListItem/TmListItem.vue?vue&type=script&lang=js
<s> [webpack.Progress] 64% building 646/709 modules 63 active /workspace/project/xian-explorer/node_modules/vue-loader/lib/loaders/pitcher.js??ref--4!/workspace/project/xian-explorer/node_modules/vue-style-loader/index.js??ref--11-oneOf-1-0!/workspace/project/xian-explorer/node_modules/css-loader/index.js??ref--11-oneOf-1-1!/workspace/project/xian-explorer/node_modules/postcss-loader/src/index.js??ref--11-oneOf-1-2!/workspace/project/xian-explorer/node_modules/stylus-loader/index.js??ref--11-oneOf-1-3!/workspace/project/xian-explorer/node_modules/cache-loader/dist/cjs.js??ref--0-0!/workspace/project/xian-explorer/node_modules/vue-loader/lib/index.js??vue-loader-options!/workspace/project/xian-explorer/node_modules/@tendermint/ui/src/components/TmTextContainer/TmTextContainer.vue?vue&type=style&index=0&id=4f954c04&lang=stylus
<s> [webpack.Progress] 64% building 647/709 modules 62 active /workspace/project/xian-explorer/node_modules/cache-loader/dist/cjs.js??ref--12-0!/workspace/project/xian-explorer/node_modules/babel-loader/lib/index.js!/workspace/project/xian-explorer/node_modules/cache-loader/dist/cjs.js??ref--0-0!/workspace/project/xian-explorer/node_modules/vue-loader/lib/index.js??vue-loader-options!/workspace/project/xian-explorer/node_modules/@tendermint/ui/src/components/TmListItem/TmListItem.vue?vue&type=script&lang=js
<s> [webpack.Progress] 64% building 647/710 modules 63 active /workspace/project/xian-explorer/node_modules/vue-style-loader/index.js??ref--11-oneOf-1-0!/workspace/project/xian-explorer/node_modules/css-loader/index.js??ref--11-oneOf-1-1!/workspace/project/xian-explorer/node_modules/vue-loader/lib/loaders/stylePostLoader.js!/workspace/project/xian-explorer/node_modules/postcss-loader/src/index.js??ref--11-oneOf-1-2!/workspace/project/xian-explorer/node_modules/stylus-loader/index.js??ref--11-oneOf-1-3!/workspace/project/xian-explorer/node_modules/cache-loader/dist/cjs.js??ref--0-0!/workspace/project/xian-explorer/node_modules/vue-loader/lib/index.js??vue-loader-options!/workspace/project/xian-explorer/node_modules/@tendermint/ui/src/components/TmTextContainer/TmTextContainer.vue?vue&type=style&index=0&id=4f954c04&lang=stylus
<s> [webpack.Progress] 64% building 648/710 modules 62 active /workspace/project/xian-explorer/node_modules/cache-loader/dist/cjs.js??ref--12-0!/workspace/project/xian-explorer/node_modules/babel-loader/lib/index.js!/workspace/project/xian-explorer/node_modules/cache-loader/dist/cjs.js??ref--0-0!/workspace/project/xian-explorer/node_modules/vue-loader/lib/index.js??vue-loader-options!/workspace/project/xian-explorer/node_modules/@tendermint/ui/src/components/TmListItem/TmListItem.vue?vue&type=script&lang=js
<s> [webpack.Progress] 64% building 648/711 modules 63 active /workspace/project/xian-explorer/node_modules/css-loader/index.js??ref--11-oneOf-1-1!/workspace/project/xian-explorer/node_modules/vue-loader/lib/loaders/stylePostLoader.js!/workspace/project/xian-explorer/node_modules/postcss-loader/src/index.js??ref--11-oneOf-1-2!/workspace/project/xian-explorer/node_modules/stylus-loader/index.js??ref--11-oneOf-1-3!/workspace/project/xian-explorer/node_modules/cache-loader/dist/cjs.js??ref--0-0!/workspace/project/xian-explorer/node_modules/vue-loader/lib/index.js??vue-loader-options!/workspace/project/xian-explorer/node_modules/@tendermint/ui/src/components/TmTextContainer/TmTextContainer.vue?vue&type=style&index=0&id=4f954c04&lang=stylus
<s> [webpack.Progress] 64% building 649/711 modules 62 active /workspace/project/xian-explorer/node_modules/css-loader/index.js??ref--11-oneOf-1-1!/workspace/project/xian-explorer/node_modules/vue-loader/lib/loaders/stylePostLoader.js!/workspace/project/xian-explorer/node_modules/postcss-loader/src/index.js??ref--11-oneOf-1-2!/workspace/project/xian-explorer/node_modules/stylus-loader/index.js??ref--11-oneOf-1-3!/workspace/project/xian-explorer/node_modules/cache-loader/dist/cjs.js??ref--0-0!/workspace/project/xian-explorer/node_modules/vue-loader/lib/index.js??vue-loader-options!/workspace/project/xian-explorer/node_modules/@tendermint/ui/src/components/TmTextContainer/TmTextContainer.vue?vue&type=style&index=0&id=4f954c04&lang=stylus
<s> [webpack.Progress] 64% building 649/712 modules 63 active /workspace/project/xian-explorer/node_modules/vue-loader/lib/loaders/pitcher.js??ref--4!/workspace/project/xian-explorer/node_modules/cache-loader/dist/cjs.js??ref--12-0!/workspace/project/xian-explorer/node_modules/babel-loader/lib/index.js!/workspace/project/xian-explorer/node_modules/cache-loader/dist/cjs.js??ref--0-0!/workspace/project/xian-explorer/node_modules/vue-loader/lib/index.js??vue-loader-options!/workspace/project/xian-explorer/node_modules/@tendermint/ui/src/components/TmTextContainer/TmTextContainer.vue?vue&type=script&lang=js
<s> [webpack.Progress] 64% building 650/712 modules 62 active /workspace/project/xian-explorer/node_modules/css-loader/index.js??ref--11-oneOf-1-1!/workspace/project/xian-explorer/node_modules/vue-loader/lib/loaders/stylePostLoader.js!/workspace/project/xian-explorer/node_modules/postcss-loader/src/index.js??ref--11-oneOf-1-2!/workspace/project/xian-explorer/node_modules/stylus-loader/index.js??ref--11-oneOf-1-3!/workspace/project/xian-explorer/node_modules/cache-loader/dist/cjs.js??ref--0-0!/workspace/project/xian-explorer/node_modules/vue-loader/lib/index.js??vue-loader-options!/workspace/project/xian-explorer/node_modules/@tendermint/ui/src/components/TmTextContainer/TmTextContainer.vue?vue&type=style&index=0&id=4f954c04&lang=stylus
<s> [webpack.Progress] 64% building 650/713 modules 63 active /workspace/project/xian-explorer/node_modules/cache-loader/dist/cjs.js??ref--12-0!/workspace/project/xian-explorer/node_modules/babel-loader/lib/index.js!/workspace/project/xian-explorer/node_modules/cache-loader/dist/cjs.js??ref--0-0!/workspace/project/xian-explorer/node_modules/vue-loader/lib/index.js??vue-loader-options!/workspace/project/xian-explorer/node_modules/@tendermint/ui/src/components/TmTextContainer/TmTextContainer.vue?vue&type=script&lang=js
<s> [webpack.Progress] 64% building 651/713 modules 62 active /workspace/project/xian-explorer/node_modules/cache-loader/dist/cjs.js??ref--12-0!/workspace/project/xian-explorer/node_modules/babel-loader/lib/index.js!/workspace/project/xian-explorer/node_modules/cache-loader/dist/cjs.js??ref--0-0!/workspace/project/xian-explorer/node_modules/vue-loader/lib/index.js??vue-loader-options!/workspace/project/xian-explorer/node_modules/@tendermint/ui/src/components/TmTextContainer/TmTextContainer.vue?vue&type=script&lang=js
<s> [webpack.Progress] 64% building 652/713 modules 61 active /workspace/project/xian-explorer/node_modules/cache-loader/dist/cjs.js??ref--12-0!/workspace/project/xian-explorer/node_modules/babel-loader/lib/index.js!/workspace/project/xian-explorer/node_modules/cache-loader/dist/cjs.js??ref--0-0!/workspace/project/xian-explorer/node_modules/vue-loader/lib/index.js??vue-loader-options!/workspace/project/xian-explorer/node_modules/@tendermint/ui/src/components/TmTextContainer/TmTextContainer.vue?vue&type=script&lang=js
<s> [webpack.Progress] 64% building 652/714 modules 62 active /workspace/project/xian-explorer/node_modules/vue-loader/lib/loaders/pitcher.js??ref--4!/workspace/project/xian-explorer/node_modules/vue-style-loader/index.js??ref--11-oneOf-1-0!/workspace/project/xian-explorer/node_modules/css-loader/index.js??ref--11-oneOf-1-1!/workspace/project/xian-explorer/node_modules/postcss-loader/src/index.js??ref--11-oneOf-1-2!/workspace/project/xian-explorer/node_modules/stylus-loader/index.js??ref--11-oneOf-1-3!/workspace/project/xian-explorer/node_modules/cache-loader/dist/cjs.js??ref--0-0!/workspace/project/xian-explorer/node_modules/vue-loader/lib/index.js??vue-loader-options!/workspace/project/xian-explorer/node_modules/@tendermint/ui/src/components/TmPage/TmPage.vue?vue&type=style&index=0&id=4f290c68&lang=stylus
<s> [webpack.Progress] 64% building 653/714 modules 61 active /workspace/project/xian-explorer/node_modules/cache-loader/dist/cjs.js??ref--12-0!/workspace/project/xian-explorer/node_modules/babel-loader/lib/index.js!/workspace/project/xian-explorer/node_modules/cache-loader/dist/cjs.js??ref--0-0!/workspace/project/xian-explorer/node_modules/vue-loader/lib/index.js??vue-loader-options!/workspace/project/xian-explorer/node_modules/@tendermint/ui/src/components/TmTextContainer/TmTextContainer.vue?vue&type=script&lang=js
<s> [webpack.Progress] 64% building 653/715 modules 62 active /workspace/project/xian-explorer/node_modules/vue-style-loader/index.js??ref--11-oneOf-1-0!/workspace/project/xian-explorer/node_modules/css-loader/index.js??ref--11-oneOf-1-1!/workspace/project/xian-explorer/node_modules/vue-loader/lib/loaders/stylePostLoader.js!/workspace/project/xian-explorer/node_modules/postcss-loader/src/index.js??ref--11-oneOf-1-2!/workspace/project/xian-explorer/node_modules/stylus-loader/index.js??ref--11-oneOf-1-3!/workspace/project/xian-explorer/node_modules/cache-loader/dist/cjs.js??ref--0-0!/workspace/project/xian-explorer/node_modules/vue-loader/lib/index.js??vue-loader-options!/workspace/project/xian-explorer/node_modules/@tendermint/ui/src/components/TmPage/TmPage.vue?vue&type=style&index=0&id=4f290c68&lang=stylus
<s> [webpack.Progress] 64% building 654/715 modules 61 active /workspace/project/xian-explorer/node_modules/cache-loader/dist/cjs.js??ref--12-0!/workspace/project/xian-explorer/node_modules/babel-loader/lib/index.js!/workspace/project/xian-explorer/node_modules/cache-loader/dist/cjs.js??ref--0-0!/workspace/project/xian-explorer/node_modules/vue-loader/lib/index.js??vue-loader-options!/workspace/project/xian-explorer/node_modules/@tendermint/ui/src/components/TmTextContainer/TmTextContainer.vue?vue&type=script&lang=js
<s> [webpack.Progress] 64% building 654/716 modules 62 active /workspace/project/xian-explorer/node_modules/css-loader/index.js??ref--11-oneOf-1-1!/workspace/project/xian-explorer/node_modules/vue-loader/lib/loaders/stylePostLoader.js!/workspace/project/xian-explorer/node_modules/postcss-loader/src/index.js??ref--11-oneOf-1-2!/workspace/project/xian-explorer/node_modules/stylus-loader/index.js??ref--11-oneOf-1-3!/workspace/project/xian-explorer/node_modules/cache-loader/dist/cjs.js??ref--0-0!/workspace/project/xian-explorer/node_modules/vue-loader/lib/index.js??vue-loader-options!/workspace/project/xian-explorer/node_modules/@tendermint/ui/src/components/TmPage/TmPage.vue?vue&type=style&index=0&id=4f290c68&lang=stylus
<s> [webpack.Progress] 64% building 654/717 modules 63 active /workspace/project/xian-explorer/node_modules/vue-loader/lib/loaders/pitcher.js??ref--4!/workspace/project/xian-explorer/node_modules/cache-loader/dist/cjs.js??ref--12-0!/workspace/project/xian-explorer/node_modules/babel-loader/lib/index.js!/workspace/project/xian-explorer/node_modules/cache-loader/dist/cjs.js??ref--0-0!/workspace/project/xian-explorer/node_modules/vue-loader/lib/index.js??vue-loader-options!/workspace/project/xian-explorer/node_modules/@tendermint/ui/src/components/TmPage/TmPage.vue?vue&type=script&lang=js
<s> [webpack.Progress] 64% building 655/717 modules 62 active /workspace/project/xian-explorer/node_modules/css-loader/index.js??ref--11-oneOf-1-1!/workspace/project/xian-explorer/node_modules/vue-loader/lib/loaders/stylePostLoader.js!/workspace/project/xian-explorer/node_modules/postcss-loader/src/index.js??ref--11-oneOf-1-2!/workspace/project/xian-explorer/node_modules/stylus-loader/index.js??ref--11-oneOf-1-3!/workspace/project/xian-explorer/node_modules/cache-loader/dist/cjs.js??ref--0-0!/workspace/project/xian-explorer/node_modules/vue-loader/lib/index.js??vue-loader-options!/workspace/project/xian-explorer/node_modules/@tendermint/ui/src/components/TmPage/TmPage.vue?vue&type=style&index=0&id=4f290c68&lang=stylus
<s> [webpack.Progress] 64% building 655/718 modules 63 active /workspace/project/xian-explorer/node_modules/cache-loader/dist/cjs.js??ref--12-0!/workspace/project/xian-explorer/node_modules/babel-loader/lib/index.js!/workspace/project/xian-explorer/node_modules/cache-loader/dist/cjs.js??ref--0-0!/workspace/project/xian-explorer/node_modules/vue-loader/lib/index.js??vue-loader-options!/workspace/project/xian-explorer/node_modules/@tendermint/ui/src/components/TmPage/TmPage.vue?vue&type=script&lang=js
<s> [webpack.Progress] 64% building 655/719 modules 64 active /workspace/project/xian-explorer/node_modules/vue-loader/lib/loaders/pitcher.js??ref--4!/workspace/project/xian-explorer/node_modules/vue-style-loader/index.js??ref--11-oneOf-1-0!/workspace/project/xian-explorer/node_modules/css-loader/index.js??ref--11-oneOf-1-1!/workspace/project/xian-explorer/node_modules/postcss-loader/src/index.js??ref--11-oneOf-1-2!/workspace/project/xian-explorer/node_modules/stylus-loader/index.js??ref--11-oneOf-1-3!/workspace/project/xian-explorer/node_modules/cache-loader/dist/cjs.js??ref--0-0!/workspace/project/xian-explorer/node_modules/vue-loader/lib/index.js??vue-loader-options!/workspace/project/xian-explorer/node_modules/@tendermint/ui/src/components/TmPageFooter/TmPageFooter.vue?vue&type=style&index=0&id=4ffb18ec&lang=stylus
<s> [webpack.Progress] 64% building 656/719 modules 63 active /workspace/project/xian-explorer/node_modules/cache-loader/dist/cjs.js??ref--12-0!/workspace/project/xian-explorer/node_modules/babel-loader/lib/index.js!/workspace/project/xian-explorer/node_modules/cache-loader/dist/cjs.js??ref--0-0!/workspace/project/xian-explorer/node_modules/vue-loader/lib/index.js??vue-loader-options!/workspace/project/xian-explorer/node_modules/@tendermint/ui/src/components/TmPage/TmPage.vue?vue&type=script&lang=js
<s> [webpack.Progress] 64% building 656/720 modules 64 active /workspace/project/xian-explorer/node_modules/vue-style-loader/index.js??ref--11-oneOf-1-0!/workspace/project/xian-explorer/node_modules/css-loader/index.js??ref--11-oneOf-1-1!/workspace/project/xian-explorer/node_modules/vue-loader/lib/loaders/stylePostLoader.js!/workspace/project/xian-explorer/node_modules/postcss-loader/src/index.js??ref--11-oneOf-1-2!/workspace/project/xian-explorer/node_modules/stylus-loader/index.js??ref--11-oneOf-1-3!/workspace/project/xian-explorer/node_modules/cache-loader/dist/cjs.js??ref--0-0!/workspace/project/xian-explorer/node_modules/vue-loader/lib/index.js??vue-loader-options!/workspace/project/xian-explorer/node_modules/@tendermint/ui/src/components/TmPageFooter/TmPageFooter.vue?vue&type=style&index=0&id=4ffb18ec&lang=stylus
<s> [webpack.Progress] 64% building 657/720 modules 63 active /workspace/project/xian-explorer/node_modules/cache-loader/dist/cjs.js??ref--12-0!/workspace/project/xian-explorer/node_modules/babel-loader/lib/index.js!/workspace/project/xian-explorer/node_modules/cache-loader/dist/cjs.js??ref--0-0!/workspace/project/xian-explorer/node_modules/vue-loader/lib/index.js??vue-loader-options!/workspace/project/xian-explorer/node_modules/@tendermint/ui/src/components/TmPage/TmPage.vue?vue&type=script&lang=js
<s> [webpack.Progress] 64% building 657/721 modules 64 active /workspace/project/xian-explorer/node_modules/css-loader/index.js??ref--11-oneOf-1-1!/workspace/project/xian-explorer/node_modules/vue-loader/lib/loaders/stylePostLoader.js!/workspace/project/xian-explorer/node_modules/postcss-loader/src/index.js??ref--11-oneOf-1-2!/workspace/project/xian-explorer/node_modules/stylus-loader/index.js??ref--11-oneOf-1-3!/workspace/project/xian-explorer/node_modules/cache-loader/dist/cjs.js??ref--0-0!/workspace/project/xian-explorer/node_modules/vue-loader/lib/index.js??vue-loader-options!/workspace/project/xian-explorer/node_modules/@tendermint/ui/src/components/TmPageFooter/TmPageFooter.vue?vue&type=style&index=0&id=4ffb18ec&lang=stylus
<s> [webpack.Progress] 64% building 658/721 modules 63 active /workspace/project/xian-explorer/node_modules/css-loader/index.js??ref--11-oneOf-1-1!/workspace/project/xian-explorer/node_modules/vue-loader/lib/loaders/stylePostLoader.js!/workspace/project/xian-explorer/node_modules/postcss-loader/src/index.js??ref--11-oneOf-1-2!/workspace/project/xian-explorer/node_modules/stylus-loader/index.js??ref--11-oneOf-1-3!/workspace/project/xian-explorer/node_modules/cache-loader/dist/cjs.js??ref--0-0!/workspace/project/xian-explorer/node_modules/vue-loader/lib/index.js??vue-loader-options!/workspace/project/xian-explorer/node_modules/@tendermint/ui/src/components/TmPageFooter/TmPageFooter.vue?vue&type=style&index=0&id=4ffb18ec&lang=stylus
<s> [webpack.Progress] 64% building 658/722 modules 64 active /workspace/project/xian-explorer/node_modules/vue-loader/lib/loaders/pitcher.js??ref--4!/workspace/project/xian-explorer/node_modules/cache-loader/dist/cjs.js??ref--12-0!/workspace/project/xian-explorer/node_modules/babel-loader/lib/index.js!/workspace/project/xian-explorer/node_modules/cache-loader/dist/cjs.js??ref--0-0!/workspace/project/xian-explorer/node_modules/vue-loader/lib/index.js??vue-loader-options!/workspace/project/xian-explorer/node_modules/@tendermint/ui/src/components/TmPageFooter/TmPageFooter.vue?vue&type=script&lang=js
<s> [webpack.Progress] 64% building 659/722 modules 63 active /workspace/project/xian-explorer/node_modules/css-loader/index.js??ref--11-oneOf-1-1!/workspace/project/xian-explorer/node_modules/vue-loader/lib/loaders/stylePostLoader.js!/workspace/project/xian-explorer/node_modules/postcss-loader/src/index.js??ref--11-oneOf-1-2!/workspace/project/xian-explorer/node_modules/stylus-loader/index.js??ref--11-oneOf-1-3!/workspace/project/xian-explorer/node_modules/cache-loader/dist/cjs.js??ref--0-0!/workspace/project/xian-explorer/node_modules/vue-loader/lib/index.js??vue-loader-options!/workspace/project/xian-explorer/node_modules/@tendermint/ui/src/components/TmPageFooter/TmPageFooter.vue?vue&type=style&index=0&id=4ffb18ec&lang=stylus
<s> [webpack.Progress] 64% building 659/723 modules 64 active /workspace/project/xian-explorer/node_modules/cache-loader/dist/cjs.js??ref--12-0!/workspace/project/xian-explorer/node_modules/babel-loader/lib/index.js!/workspace/project/xian-explorer/node_modules/cache-loader/dist/cjs.js??ref--0-0!/workspace/project/xian-explorer/node_modules/vue-loader/lib/index.js??vue-loader-options!/workspace/project/xian-explorer/node_modules/@tendermint/ui/src/components/TmPageFooter/TmPageFooter.vue?vue&type=script&lang=js
<s> [webpack.Progress] 64% building 660/723 modules 63 active /workspace/project/xian-explorer/node_modules/cache-loader/dist/cjs.js??ref--12-0!/workspace/project/xian-explorer/node_modules/babel-loader/lib/index.js!/workspace/project/xian-explorer/node_modules/cache-loader/dist/cjs.js??ref--0-0!/workspace/project/xian-explorer/node_modules/vue-loader/lib/index.js??vue-loader-options!/workspace/project/xian-explorer/node_modules/@tendermint/ui/src/components/TmPageFooter/TmPageFooter.vue?vue&type=script&lang=js
<s> [webpack.Progress] 64% building 661/723 modules 62 active /workspace/project/xian-explorer/node_modules/cache-loader/dist/cjs.js??ref--12-0!/workspace/project/xian-explorer/node_modules/babel-loader/lib/index.js!/workspace/project/xian-explorer/node_modules/cache-loader/dist/cjs.js??ref--0-0!/workspace/project/xian-explorer/node_modules/vue-loader/lib/index.js??vue-loader-options!/workspace/project/xian-explorer/node_modules/@tendermint/ui/src/components/TmPageFooter/TmPageFooter.vue?vue&type=script&lang=js
<s> [webpack.Progress] 64% building 661/724 modules 63 active /workspace/project/xian-explorer/node_modules/vue-loader/lib/loaders/pitcher.js??ref--4!/workspace/project/xian-explorer/node_modules/vue-style-loader/index.js??ref--11-oneOf-1-0!/workspace/project/xian-explorer/node_modules/css-loader/index.js??ref--11-oneOf-1-1!/workspace/project/xian-explorer/node_modules/postcss-loader/src/index.js??ref--11-oneOf-1-2!/workspace/project/xian-explorer/node_modules/stylus-loader/index.js??ref--11-oneOf-1-3!/workspace/project/xian-explorer/node_modules/cache-loader/dist/cjs.js??ref--0-0!/workspace/project/xian-explorer/node_modules/vue-loader/lib/index.js??vue-loader-options!/workspace/project/xian-explorer/node_modules/@tendermint/ui/src/components/TmModules/TmModules.vue?vue&type=style&index=0&id=0680f3aa&lang=stylus
<s> [webpack.Progress] 64% building 662/724 modules 62 active /workspace/project/xian-explorer/node_modules/cache-loader/dist/cjs.js??ref--12-0!/workspace/project/xian-explorer/node_modules/babel-loader/lib/index.js!/workspace/project/xian-explorer/node_modules/cache-loader/dist/cjs.js??ref--0-0!/workspace/project/xian-explorer/node_modules/vue-loader/lib/index.js??vue-loader-options!/workspace/project/xian-explorer/node_modules/@tendermint/ui/src/components/TmPageFooter/TmPageFooter.vue?vue&type=script&lang=js
<s> [webpack.Progress] 64% building 662/725 modules 63 active /workspace/project/xian-explorer/node_modules/vue-style-loader/index.js??ref--11-oneOf-1-0!/workspace/project/xian-explorer/node_modules/css-loader/index.js??ref--11-oneOf-1-1!/workspace/project/xian-explorer/node_modules/vue-loader/lib/loaders/stylePostLoader.js!/workspace/project/xian-explorer/node_modules/postcss-loader/src/index.js??ref--11-oneOf-1-2!/workspace/project/xian-explorer/node_modules/stylus-loader/index.js??ref--11-oneOf-1-3!/workspace/project/xian-explorer/node_modules/cache-loader/dist/cjs.js??ref--0-0!/workspace/project/xian-explorer/node_modules/vue-loader/lib/index.js??vue-loader-options!/workspace/project/xian-explorer/node_modules/@tendermint/ui/src/components/TmModules/TmModules.vue?vue&type=style&index=0&id=0680f3aa&lang=stylus
<s> [webpack.Progress] 64% building 663/725 modules 62 active /workspace/project/xian-explorer/node_modules/cache-loader/dist/cjs.js??ref--12-0!/workspace/project/xian-explorer/node_modules/babel-loader/lib/index.js!/workspace/project/xian-explorer/node_modules/cache-loader/dist/cjs.js??ref--0-0!/workspace/project/xian-explorer/node_modules/vue-loader/lib/index.js??vue-loader-options!/workspace/project/xian-explorer/node_modules/@tendermint/ui/src/components/TmPageFooter/TmPageFooter.vue?vue&type=script&lang=js
<s> [webpack.Progress] 64% building 663/726 modules 63 active /workspace/project/xian-explorer/node_modules/css-loader/index.js??ref--11-oneOf-1-1!/workspace/project/xian-explorer/node_modules/vue-loader/lib/loaders/stylePostLoader.js!/workspace/project/xian-explorer/node_modules/postcss-loader/src/index.js??ref--11-oneOf-1-2!/workspace/project/xian-explorer/node_modules/stylus-loader/index.js??ref--11-oneOf-1-3!/workspace/project/xian-explorer/node_modules/cache-loader/dist/cjs.js??ref--0-0!/workspace/project/xian-explorer/node_modules/vue-loader/lib/index.js??vue-loader-options!/workspace/project/xian-explorer/node_modules/@tendermint/ui/src/components/TmModules/TmModules.vue?vue&type=style&index=0&id=0680f3aa&lang=stylus
<s> [webpack.Progress] 64% building 663/727 modules 64 active /workspace/project/xian-explorer/node_modules/vue-loader/lib/loaders/pitcher.js??ref--4!/workspace/project/xian-explorer/node_modules/cache-loader/dist/cjs.js??ref--12-0!/workspace/project/xian-explorer/node_modules/babel-loader/lib/index.js!/workspace/project/xian-explorer/node_modules/cache-loader/dist/cjs.js??ref--0-0!/workspace/project/xian-explorer/node_modules/vue-loader/lib/index.js??vue-loader-options!/workspace/project/xian-explorer/node_modules/@tendermint/ui/src/components/TmModules/TmModules.vue?vue&type=script&lang=js
<s> [webpack.Progress] 64% building 664/727 modules 63 active /workspace/project/xian-explorer/node_modules/css-loader/index.js??ref--11-oneOf-1-1!/workspace/project/xian-explorer/node_modules/vue-loader/lib/loaders/stylePostLoader.js!/workspace/project/xian-explorer/node_modules/postcss-loader/src/index.js??ref--11-oneOf-1-2!/workspace/project/xian-explorer/node_modules/stylus-loader/index.js??ref--11-oneOf-1-3!/workspace/project/xian-explorer/node_modules/cache-loader/dist/cjs.js??ref--0-0!/workspace/project/xian-explorer/node_modules/vue-loader/lib/index.js??vue-loader-options!/workspace/project/xian-explorer/node_modules/@tendermint/ui/src/components/TmModules/TmModules.vue?vue&type=style&index=0&id=0680f3aa&lang=stylus
<s> [webpack.Progress] 64% building 664/728 modules 64 active /workspace/project/xian-explorer/node_modules/cache-loader/dist/cjs.js??ref--12-0!/workspace/project/xian-explorer/node_modules/babel-loader/lib/index.js!/workspace/project/xian-explorer/node_modules/cache-loader/dist/cjs.js??ref--0-0!/workspace/project/xian-explorer/node_modules/vue-loader/lib/index.js??vue-loader-options!/workspace/project/xian-explorer/node_modules/@tendermint/ui/src/components/TmModules/TmModules.vue?vue&type=script&lang=js
<s> [webpack.Progress] 64% building 665/728 modules 63 active /workspace/project/xian-explorer/node_modules/cache-loader/dist/cjs.js??ref--12-0!/workspace/project/xian-explorer/node_modules/babel-loader/lib/index.js!/workspace/project/xian-explorer/node_modules/cache-loader/dist/cjs.js??ref--0-0!/workspace/project/xian-explorer/node_modules/vue-loader/lib/index.js??vue-loader-options!/workspace/project/xian-explorer/node_modules/@tendermint/ui/src/components/TmModules/TmModules.vue?vue&type=script&lang=js
<s> [webpack.Progress] 64% building 666/728 modules 62 active /workspace/project/xian-explorer/node_modules/cache-loader/dist/cjs.js??ref--12-0!/workspace/project/xian-explorer/node_modules/babel-loader/lib/index.js!/workspace/project/xian-explorer/node_modules/cache-loader/dist/cjs.js??ref--0-0!/workspace/project/xian-explorer/node_modules/vue-loader/lib/index.js??vue-loader-options!/workspace/project/xian-explorer/node_modules/@tendermint/ui/src/components/TmModules/TmModules.vue?vue&type=script&lang=js
<s> [webpack.Progress] 64% building 666/729 modules 63 active /workspace/project/xian-explorer/node_modules/vue-loader/lib/loaders/pitcher.js??ref--4!/workspace/project/xian-explorer/node_modules/vue-style-loader/index.js??ref--11-oneOf-1-0!/workspace/project/xian-explorer/node_modules/css-loader/index.js??ref--11-oneOf-1-1!/workspace/project/xian-explorer/node_modules/postcss-loader/src/index.js??ref--11-oneOf-1-2!/workspace/project/xian-explorer/node_modules/stylus-loader/index.js??ref--11-oneOf-1-3!/workspace/project/xian-explorer/node_modules/cache-loader/dist/cjs.js??ref--0-0!/workspace/project/xian-explorer/node_modules/vue-loader/lib/index.js??vue-loader-options!/workspace/project/xian-explorer/node_modules/@tendermint/ui/src/components/TmPageHeader/TmPageHeader.vue?vue&type=style&index=0&id=cc46dba8&lang=stylus
<s> [webpack.Progress] 64% building 667/729 modules 62 active /workspace/project/xian-explorer/node_modules/cache-loader/dist/cjs.js??ref--12-0!/workspace/project/xian-explorer/node_modules/babel-loader/lib/index.js!/workspace/project/xian-explorer/node_modules/cache-loader/dist/cjs.js??ref--0-0!/workspace/project/xian-explorer/node_modules/vue-loader/lib/index.js??vue-loader-options!/workspace/project/xian-explorer/node_modules/@tendermint/ui/src/components/TmModules/TmModules.vue?vue&type=script&lang=js
<s> [webpack.Progress] 64% building 667/730 modules 63 active /workspace/project/xian-explorer/node_modules/vue-style-loader/index.js??ref--11-oneOf-1-0!/workspace/project/xian-explorer/node_modules/css-loader/index.js??ref--11-oneOf-1-1!/workspace/project/xian-explorer/node_modules/vue-loader/lib/loaders/stylePostLoader.js!/workspace/project/xian-explorer/node_modules/postcss-loader/src/index.js??ref--11-oneOf-1-2!/workspace/project/xian-explorer/node_modules/stylus-loader/index.js??ref--11-oneOf-1-3!/workspace/project/xian-explorer/node_modules/cache-loader/dist/cjs.js??ref--0-0!/workspace/project/xian-explorer/node_modules/vue-loader/lib/index.js??vue-loader-options!/workspace/project/xian-explorer/node_modules/@tendermint/ui/src/components/TmPageHeader/TmPageHeader.vue?vue&type=style&index=0&id=cc46dba8&lang=stylus
<s> [webpack.Progress] 64% building 668/730 modules 62 active /workspace/project/xian-explorer/node_modules/cache-loader/dist/cjs.js??ref--12-0!/workspace/project/xian-explorer/node_modules/babel-loader/lib/index.js!/workspace/project/xian-explorer/node_modules/cache-loader/dist/cjs.js??ref--0-0!/workspace/project/xian-explorer/node_modules/vue-loader/lib/index.js??vue-loader-options!/workspace/project/xian-explorer/node_modules/@tendermint/ui/src/components/TmModules/TmModules.vue?vue&type=script&lang=js
<s> [webpack.Progress] 64% building 668/731 modules 63 active /workspace/project/xian-explorer/node_modules/css-loader/index.js??ref--11-oneOf-1-1!/workspace/project/xian-explorer/node_modules/vue-loader/lib/loaders/stylePostLoader.js!/workspace/project/xian-explorer/node_modules/postcss-loader/src/index.js??ref--11-oneOf-1-2!/workspace/project/xian-explorer/node_modules/stylus-loader/index.js??ref--11-oneOf-1-3!/workspace/project/xian-explorer/node_modules/cache-loader/dist/cjs.js??ref--0-0!/workspace/project/xian-explorer/node_modules/vue-loader/lib/index.js??vue-loader-options!/workspace/project/xian-explorer/node_modules/@tendermint/ui/src/components/TmPageHeader/TmPageHeader.vue?vue&type=style&index=0&id=cc46dba8&lang=stylus
<s> [webpack.Progress] 64% building 669/731 modules 62 active /workspace/project/xian-explorer/node_modules/css-loader/index.js??ref--11-oneOf-1-1!/workspace/project/xian-explorer/node_modules/vue-loader/lib/loaders/stylePostLoader.js!/workspace/project/xian-explorer/node_modules/postcss-loader/src/index.js??ref--11-oneOf-1-2!/workspace/project/xian-explorer/node_modules/stylus-loader/index.js??ref--11-oneOf-1-3!/workspace/project/xian-explorer/node_modules/cache-loader/dist/cjs.js??ref--0-0!/workspace/project/xian-explorer/node_modules/vue-loader/lib/index.js??vue-loader-options!/workspace/project/xian-explorer/node_modules/@tendermint/ui/src/components/TmPageHeader/TmPageHeader.vue?vue&type=style&index=0&id=cc46dba8&lang=stylus
<s> [webpack.Progress] 64% building 669/732 modules 63 active /workspace/project/xian-explorer/node_modules/vue-loader/lib/loaders/pitcher.js??ref--4!/workspace/project/xian-explorer/node_modules/cache-loader/dist/cjs.js??ref--12-0!/workspace/project/xian-explorer/node_modules/babel-loader/lib/index.js!/workspace/project/xian-explorer/node_modules/cache-loader/dist/cjs.js??ref--0-0!/workspace/project/xian-explorer/node_modules/vue-loader/lib/index.js??vue-loader-options!/workspace/project/xian-explorer/node_modules/@tendermint/ui/src/components/TmPageHeader/TmPageHeader.vue?vue&type=script&lang=js
<s> [webpack.Progress] 64% building 670/732 modules 62 active /workspace/project/xian-explorer/node_modules/css-loader/index.js??ref--11-oneOf-1-1!/workspace/project/xian-explorer/node_modules/vue-loader/lib/loaders/stylePostLoader.js!/workspace/project/xian-explorer/node_modules/postcss-loader/src/index.js??ref--11-oneOf-1-2!/workspace/project/xian-explorer/node_modules/stylus-loader/index.js??ref--11-oneOf-1-3!/workspace/project/xian-explorer/node_modules/cache-loader/dist/cjs.js??ref--0-0!/workspace/project/xian-explorer/node_modules/vue-loader/lib/index.js??vue-loader-options!/workspace/project/xian-explorer/node_modules/@tendermint/ui/src/components/TmPageHeader/TmPageHeader.vue?vue&type=style&index=0&id=cc46dba8&lang=stylus
<s> [webpack.Progress] 64% building 670/733 modules 63 active /workspace/project/xian-explorer/node_modules/cache-loader/dist/cjs.js??ref--12-0!/workspace/project/xian-explorer/node_modules/babel-loader/lib/index.js!/workspace/project/xian-explorer/node_modules/cache-loader/dist/cjs.js??ref--0-0!/workspace/project/xian-explorer/node_modules/vue-loader/lib/index.js??vue-loader-options!/workspace/project/xian-explorer/node_modules/@tendermint/ui/src/components/TmPageHeader/TmPageHeader.vue?vue&type=script&lang=js
<s> [webpack.Progress] 64% building 671/733 modules 62 active /workspace/project/xian-explorer/node_modules/cache-loader/dist/cjs.js??ref--12-0!/workspace/project/xian-explorer/node_modules/babel-loader/lib/index.js!/workspace/project/xian-explorer/node_modules/cache-loader/dist/cjs.js??ref--0-0!/workspace/project/xian-explorer/node_modules/vue-loader/lib/index.js??vue-loader-options!/workspace/project/xian-explorer/node_modules/@tendermint/ui/src/components/TmPageHeader/TmPageHeader.vue?vue&type=script&lang=js
<s> [webpack.Progress] 65% building 672/733 modules 61 active /workspace/project/xian-explorer/node_modules/cache-loader/dist/cjs.js??ref--12-0!/workspace/project/xian-explorer/node_modules/babel-loader/lib/index.js!/workspace/project/xian-explorer/node_modules/cache-loader/dist/cjs.js??ref--0-0!/workspace/project/xian-explorer/node_modules/vue-loader/lib/index.js??vue-loader-options!/workspace/project/xian-explorer/node_modules/@tendermint/ui/src/components/TmPageHeader/TmPageHeader.vue?vue&type=script&lang=js
<s> [webpack.Progress] 64% building 672/734 modules 62 active /workspace/project/xian-explorer/node_modules/vue-loader/lib/loaders/pitcher.js??ref--4!/workspace/project/xian-explorer/node_modules/vue-style-loader/index.js??ref--11-oneOf-1-0!/workspace/project/xian-explorer/node_modules/css-loader/index.js??ref--11-oneOf-1-1!/workspace/project/xian-explorer/node_modules/postcss-loader/src/index.js??ref--11-oneOf-1-2!/workspace/project/xian-explorer/node_modules/stylus-loader/index.js??ref--11-oneOf-1-3!/workspace/project/xian-explorer/node_modules/cache-loader/dist/cjs.js??ref--0-0!/workspace/project/xian-explorer/node_modules/vue-loader/lib/index.js??vue-loader-options!/workspace/project/xian-explorer/node_modules/@tendermint/ui/src/components/TmLiTransaction/TmLiTransaction.vue?vue&type=style&index=0&id=432008c4&lang=stylus
<s> [webpack.Progress] 65% building 673/734 modules 61 active /workspace/project/xian-explorer/node_modules/cache-loader/dist/cjs.js??ref--12-0!/workspace/project/xian-explorer/node_modules/babel-loader/lib/index.js!/workspace/project/xian-explorer/node_modules/cache-loader/dist/cjs.js??ref--0-0!/workspace/project/xian-explorer/node_modules/vue-loader/lib/index.js??vue-loader-options!/workspace/project/xian-explorer/node_modules/@tendermint/ui/src/components/TmPageHeader/TmPageHeader.vue?vue&type=script&lang=js
<s> [webpack.Progress] 64% building 673/735 modules 62 active /workspace/project/xian-explorer/node_modules/vue-style-loader/index.js??ref--11-oneOf-1-0!/workspace/project/xian-explorer/node_modules/css-loader/index.js??ref--11-oneOf-1-1!/workspace/project/xian-explorer/node_modules/vue-loader/lib/loaders/stylePostLoader.js!/workspace/project/xian-explorer/node_modules/postcss-loader/src/index.js??ref--11-oneOf-1-2!/workspace/project/xian-explorer/node_modules/stylus-loader/index.js??ref--11-oneOf-1-3!/workspace/project/xian-explorer/node_modules/cache-loader/dist/cjs.js??ref--0-0!/workspace/project/xian-explorer/node_modules/vue-loader/lib/index.js??vue-loader-options!/workspace/project/xian-explorer/node_modules/@tendermint/ui/src/components/TmLiTransaction/TmLiTransaction.vue?vue&type=style&index=0&id=432008c4&lang=stylus
<s> [webpack.Progress] 65% building 674/735 modules 61 active /workspace/project/xian-explorer/node_modules/cache-loader/dist/cjs.js??ref--12-0!/workspace/project/xian-explorer/node_modules/babel-loader/lib/index.js!/workspace/project/xian-explorer/node_modules/cache-loader/dist/cjs.js??ref--0-0!/workspace/project/xian-explorer/node_modules/vue-loader/lib/index.js??vue-loader-options!/workspace/project/xian-explorer/node_modules/@tendermint/ui/src/components/TmPageHeader/TmPageHeader.vue?vue&type=script&lang=js
<s> [webpack.Progress] 64% building 674/736 modules 62 active /workspace/project/xian-explorer/node_modules/css-loader/index.js??ref--11-oneOf-1-1!/workspace/project/xian-explorer/node_modules/vue-loader/lib/loaders/stylePostLoader.js!/workspace/project/xian-explorer/node_modules/postcss-loader/src/index.js??ref--11-oneOf-1-2!/workspace/project/xian-explorer/node_modules/stylus-loader/index.js??ref--11-oneOf-1-3!/workspace/project/xian-explorer/node_modules/cache-loader/dist/cjs.js??ref--0-0!/workspace/project/xian-explorer/node_modules/vue-loader/lib/index.js??vue-loader-options!/workspace/project/xian-explorer/node_modules/@tendermint/ui/src/components/TmLiTransaction/TmLiTransaction.vue?vue&type=style&index=0&id=432008c4&lang=stylus
<s> [webpack.Progress] 65% building 675/736 modules 61 active /workspace/project/xian-explorer/node_modules/css-loader/index.js??ref--11-oneOf-1-1!/workspace/project/xian-explorer/node_modules/vue-loader/lib/loaders/stylePostLoader.js!/workspace/project/xian-explorer/node_modules/postcss-loader/src/index.js??ref--11-oneOf-1-2!/workspace/project/xian-explorer/node_modules/stylus-loader/index.js??ref--11-oneOf-1-3!/workspace/project/xian-explorer/node_modules/cache-loader/dist/cjs.js??ref--0-0!/workspace/project/xian-explorer/node_modules/vue-loader/lib/index.js??vue-loader-options!/workspace/project/xian-explorer/node_modules/@tendermint/ui/src/components/TmLiTransaction/TmLiTransaction.vue?vue&type=style&index=0&id=432008c4&lang=stylus
<s> [webpack.Progress] 64% building 675/737 modules 62 active /workspace/project/xian-explorer/node_modules/vue-loader/lib/loaders/pitcher.js??ref--4!/workspace/project/xian-explorer/node_modules/cache-loader/dist/cjs.js??ref--12-0!/workspace/project/xian-explorer/node_modules/babel-loader/lib/index.js!/workspace/project/xian-explorer/node_modules/cache-loader/dist/cjs.js??ref--0-0!/workspace/project/xian-explorer/node_modules/vue-loader/lib/index.js??vue-loader-options!/workspace/project/xian-explorer/node_modules/@tendermint/ui/src/components/TmLiTransaction/TmLiTransaction.vue?vue&type=script&lang=js
<s> [webpack.Progress] 65% building 676/737 modules 61 active /workspace/project/xian-explorer/node_modules/css-loader/index.js??ref--11-oneOf-1-1!/workspace/project/xian-explorer/node_modules/vue-loader/lib/loaders/stylePostLoader.js!/workspace/project/xian-explorer/node_modules/postcss-loader/src/index.js??ref--11-oneOf-1-2!/workspace/project/xian-explorer/node_modules/stylus-loader/index.js??ref--11-oneOf-1-3!/workspace/project/xian-explorer/node_modules/cache-loader/dist/cjs.js??ref--0-0!/workspace/project/xian-explorer/node_modules/vue-loader/lib/index.js??vue-loader-options!/workspace/project/xian-explorer/node_modules/@tendermint/ui/src/components/TmLiTransaction/TmLiTransaction.vue?vue&type=style&index=0&id=432008c4&lang=stylus
<s> [webpack.Progress] 64% building 676/738 modules 62 active /workspace/project/xian-explorer/node_modules/cache-loader/dist/cjs.js??ref--12-0!/workspace/project/xian-explorer/node_modules/babel-loader/lib/index.js!/workspace/project/xian-explorer/node_modules/cache-loader/dist/cjs.js??ref--0-0!/workspace/project/xian-explorer/node_modules/vue-loader/lib/index.js??vue-loader-options!/workspace/project/xian-explorer/node_modules/@tendermint/ui/src/components/TmLiTransaction/TmLiTransaction.vue?vue&type=script&lang=js
<s> [webpack.Progress] 65% building 677/738 modules 61 active /workspace/project/xian-explorer/node_modules/cache-loader/dist/cjs.js??ref--12-0!/workspace/project/xian-explorer/node_modules/babel-loader/lib/index.js!/workspace/project/xian-explorer/node_modules/cache-loader/dist/cjs.js??ref--0-0!/workspace/project/xian-explorer/node_modules/vue-loader/lib/index.js??vue-loader-options!/workspace/project/xian-explorer/node_modules/@tendermint/ui/src/components/TmLiTransaction/TmLiTransaction.vue?vue&type=script&lang=js
<s> [webpack.Progress] 65% building 678/738 modules 60 active /workspace/project/xian-explorer/node_modules/cache-loader/dist/cjs.js??ref--12-0!/workspace/project/xian-explorer/node_modules/babel-loader/lib/index.js!/workspace/project/xian-explorer/node_modules/cache-loader/dist/cjs.js??ref--0-0!/workspace/project/xian-explorer/node_modules/vue-loader/lib/index.js??vue-loader-options!/workspace/project/xian-explorer/node_modules/@tendermint/ui/src/components/TmLiTransaction/TmLiTransaction.vue?vue&type=script&lang=js
<s> [webpack.Progress] 65% building 678/739 modules 61 active /workspace/project/xian-explorer/node_modules/vue-loader/lib/loaders/pitcher.js??ref--4!/workspace/project/xian-explorer/node_modules/vue-style-loader/index.js??ref--11-oneOf-1-0!/workspace/project/xian-explorer/node_modules/css-loader/index.js??ref--11-oneOf-1-1!/workspace/project/xian-explorer/node_modules/postcss-loader/src/index.js??ref--11-oneOf-1-2!/workspace/project/xian-explorer/node_modules/stylus-loader/index.js??ref--11-oneOf-1-3!/workspace/project/xian-explorer/node_modules/cache-loader/dist/cjs.js??ref--0-0!/workspace/project/xian-explorer/node_modules/vue-loader/lib/index.js??vue-loader-options!/workspace/project/xian-explorer/node_modules/@tendermint/ui/src/components/TmModalError/TmModalError.vue?vue&type=style&index=0&id=5b6bd48c&lang=stylus
<s> [webpack.Progress] 65% building 679/739 modules 60 active /workspace/project/xian-explorer/node_modules/cache-loader/dist/cjs.js??ref--12-0!/workspace/project/xian-explorer/node_modules/babel-loader/lib/index.js!/workspace/project/xian-explorer/node_modules/cache-loader/dist/cjs.js??ref--0-0!/workspace/project/xian-explorer/node_modules/vue-loader/lib/index.js??vue-loader-options!/workspace/project/xian-explorer/node_modules/@tendermint/ui/src/components/TmLiTransaction/TmLiTransaction.vue?vue&type=script&lang=js
<s> [webpack.Progress] 65% building 679/740 modules 61 active /workspace/project/xian-explorer/node_modules/vue-style-loader/index.js??ref--11-oneOf-1-0!/workspace/project/xian-explorer/node_modules/css-loader/index.js??ref--11-oneOf-1-1!/workspace/project/xian-explorer/node_modules/vue-loader/lib/loaders/stylePostLoader.js!/workspace/project/xian-explorer/node_modules/postcss-loader/src/index.js??ref--11-oneOf-1-2!/workspace/project/xian-explorer/node_modules/stylus-loader/index.js??ref--11-oneOf-1-3!/workspace/project/xian-explorer/node_modules/cache-loader/dist/cjs.js??ref--0-0!/workspace/project/xian-explorer/node_modules/vue-loader/lib/index.js??vue-loader-options!/workspace/project/xian-explorer/node_modules/@tendermint/ui/src/components/TmModalError/TmModalError.vue?vue&type=style&index=0&id=5b6bd48c&lang=stylus
<s> [webpack.Progress] 65% building 680/740 modules 60 active /workspace/project/xian-explorer/node_modules/cache-loader/dist/cjs.js??ref--12-0!/workspace/project/xian-explorer/node_modules/babel-loader/lib/index.js!/workspace/project/xian-explorer/node_modules/cache-loader/dist/cjs.js??ref--0-0!/workspace/project/xian-explorer/node_modules/vue-loader/lib/index.js??vue-loader-options!/workspace/project/xian-explorer/node_modules/@tendermint/ui/src/components/TmLiTransaction/TmLiTransaction.vue?vue&type=script&lang=js
<s> [webpack.Progress] 65% building 680/741 modules 61 active /workspace/project/xian-explorer/node_modules/css-loader/index.js??ref--11-oneOf-1-1!/workspace/project/xian-explorer/node_modules/vue-loader/lib/loaders/stylePostLoader.js!/workspace/project/xian-explorer/node_modules/postcss-loader/src/index.js??ref--11-oneOf-1-2!/workspace/project/xian-explorer/node_modules/stylus-loader/index.js??ref--11-oneOf-1-3!/workspace/project/xian-explorer/node_modules/cache-loader/dist/cjs.js??ref--0-0!/workspace/project/xian-explorer/node_modules/vue-loader/lib/index.js??vue-loader-options!/workspace/project/xian-explorer/node_modules/@tendermint/ui/src/components/TmModalError/TmModalError.vue?vue&type=style&index=0&id=5b6bd48c&lang=stylus
<s> [webpack.Progress] 65% building 681/741 modules 60 active /workspace/project/xian-explorer/node_modules/css-loader/index.js??ref--11-oneOf-1-1!/workspace/project/xian-explorer/node_modules/vue-loader/lib/loaders/stylePostLoader.js!/workspace/project/xian-explorer/node_modules/postcss-loader/src/index.js??ref--11-oneOf-1-2!/workspace/project/xian-explorer/node_modules/stylus-loader/index.js??ref--11-oneOf-1-3!/workspace/project/xian-explorer/node_modules/cache-loader/dist/cjs.js??ref--0-0!/workspace/project/xian-explorer/node_modules/vue-loader/lib/index.js??vue-loader-options!/workspace/project/xian-explorer/node_modules/@tendermint/ui/src/components/TmModalError/TmModalError.vue?vue&type=style&index=0&id=5b6bd48c&lang=stylus
<s> [webpack.Progress] 65% building 681/742 modules 61 active /workspace/project/xian-explorer/node_modules/vue-loader/lib/loaders/pitcher.js??ref--4!/workspace/project/xian-explorer/node_modules/cache-loader/dist/cjs.js??ref--12-0!/workspace/project/xian-explorer/node_modules/babel-loader/lib/index.js!/workspace/project/xian-explorer/node_modules/cache-loader/dist/cjs.js??ref--0-0!/workspace/project/xian-explorer/node_modules/vue-loader/lib/index.js??vue-loader-options!/workspace/project/xian-explorer/node_modules/@tendermint/ui/src/components/TmModalError/TmModalError.vue?vue&type=script&lang=js
<s> [webpack.Progress] 65% building 682/742 modules 60 active /workspace/project/xian-explorer/node_modules/css-loader/index.js??ref--11-oneOf-1-1!/workspace/project/xian-explorer/node_modules/vue-loader/lib/loaders/stylePostLoader.js!/workspace/project/xian-explorer/node_modules/postcss-loader/src/index.js??ref--11-oneOf-1-2!/workspace/project/xian-explorer/node_modules/stylus-loader/index.js??ref--11-oneOf-1-3!/workspace/project/xian-explorer/node_modules/cache-loader/dist/cjs.js??ref--0-0!/workspace/project/xian-explorer/node_modules/vue-loader/lib/index.js??vue-loader-options!/workspace/project/xian-explorer/node_modules/@tendermint/ui/src/components/TmModalError/TmModalError.vue?vue&type=style&index=0&id=5b6bd48c&lang=stylus
<s> [webpack.Progress] 65% building 682/743 modules 61 active /workspace/project/xian-explorer/node_modules/cache-loader/dist/cjs.js??ref--12-0!/workspace/project/xian-explorer/node_modules/babel-loader/lib/index.js!/workspace/project/xian-explorer/node_modules/cache-loader/dist/cjs.js??ref--0-0!/workspace/project/xian-explorer/node_modules/vue-loader/lib/index.js??vue-loader-options!/workspace/project/xian-explorer/node_modules/@tendermint/ui/src/components/TmModalError/TmModalError.vue?vue&type=script&lang=js
<s> [webpack.Progress] 65% building 683/743 modules 60 active /workspace/project/xian-explorer/node_modules/cache-loader/dist/cjs.js??ref--12-0!/workspace/project/xian-explorer/node_modules/babel-loader/lib/index.js!/workspace/project/xian-explorer/node_modules/cache-loader/dist/cjs.js??ref--0-0!/workspace/project/xian-explorer/node_modules/vue-loader/lib/index.js??vue-loader-options!/workspace/project/xian-explorer/node_modules/@tendermint/ui/src/components/TmModalError/TmModalError.vue?vue&type=script&lang=js
<s> [webpack.Progress] 65% building 684/743 modules 59 active /workspace/project/xian-explorer/node_modules/cache-loader/dist/cjs.js??ref--12-0!/workspace/project/xian-explorer/node_modules/babel-loader/lib/index.js!/workspace/project/xian-explorer/node_modules/cache-loader/dist/cjs.js??ref--0-0!/workspace/project/xian-explorer/node_modules/vue-loader/lib/index.js??vue-loader-options!/workspace/project/xian-explorer/node_modules/@tendermint/ui/src/components/TmModalError/TmModalError.vue?vue&type=script&lang=js
<s> [webpack.Progress] 65% building 684/744 modules 60 active /workspace/project/xian-explorer/node_modules/vue-loader/lib/loaders/pitcher.js??ref--4!/workspace/project/xian-explorer/node_modules/vue-style-loader/index.js??ref--11-oneOf-1-0!/workspace/project/xian-explorer/node_modules/css-loader/index.js??ref--11-oneOf-1-1!/workspace/project/xian-explorer/node_modules/postcss-loader/src/index.js??ref--11-oneOf-1-2!/workspace/project/xian-explorer/node_modules/stylus-loader/index.js??ref--11-oneOf-1-3!/workspace/project/xian-explorer/node_modules/cache-loader/dist/cjs.js??ref--0-0!/workspace/project/xian-explorer/node_modules/vue-loader/lib/index.js??vue-loader-options!/workspace/project/xian-explorer/node_modules/@tendermint/ui/src/components/TmKeyValues/TmKeyValues.vue?vue&type=style&index=0&id=9a464ac4&lang=stylus
<s> [webpack.Progress] 65% building 685/744 modules 59 active /workspace/project/xian-explorer/node_modules/cache-loader/dist/cjs.js??ref--12-0!/workspace/project/xian-explorer/node_modules/babel-loader/lib/index.js!/workspace/project/xian-explorer/node_modules/cache-loader/dist/cjs.js??ref--0-0!/workspace/project/xian-explorer/node_modules/vue-loader/lib/index.js??vue-loader-options!/workspace/project/xian-explorer/node_modules/@tendermint/ui/src/components/TmModalError/TmModalError.vue?vue&type=script&lang=js
<s> [webpack.Progress] 65% building 685/745 modules 60 active /workspace/project/xian-explorer/node_modules/vue-style-loader/index.js??ref--11-oneOf-1-0!/workspace/project/xian-explorer/node_modules/css-loader/index.js??ref--11-oneOf-1-1!/workspace/project/xian-explorer/node_modules/vue-loader/lib/loaders/stylePostLoader.js!/workspace/project/xian-explorer/node_modules/postcss-loader/src/index.js??ref--11-oneOf-1-2!/workspace/project/xian-explorer/node_modules/stylus-loader/index.js??ref--11-oneOf-1-3!/workspace/project/xian-explorer/node_modules/cache-loader/dist/cjs.js??ref--0-0!/workspace/project/xian-explorer/node_modules/vue-loader/lib/index.js??vue-loader-options!/workspace/project/xian-explorer/node_modules/@tendermint/ui/src/components/TmKeyValues/TmKeyValues.vue?vue&type=style&index=0&id=9a464ac4&lang=stylus
<s> [webpack.Progress] 65% building 686/745 modules 59 active /workspace/project/xian-explorer/node_modules/cache-loader/dist/cjs.js??ref--12-0!/workspace/project/xian-explorer/node_modules/babel-loader/lib/index.js!/workspace/project/xian-explorer/node_modules/cache-loader/dist/cjs.js??ref--0-0!/workspace/project/xian-explorer/node_modules/vue-loader/lib/index.js??vue-loader-options!/workspace/project/xian-explorer/node_modules/@tendermint/ui/src/components/TmModalError/TmModalError.vue?vue&type=script&lang=js
<s> [webpack.Progress] 65% building 686/746 modules 60 active /workspace/project/xian-explorer/node_modules/css-loader/index.js??ref--11-oneOf-1-1!/workspace/project/xian-explorer/node_modules/vue-loader/lib/loaders/stylePostLoader.js!/workspace/project/xian-explorer/node_modules/postcss-loader/src/index.js??ref--11-oneOf-1-2!/workspace/project/xian-explorer/node_modules/stylus-loader/index.js??ref--11-oneOf-1-3!/workspace/project/xian-explorer/node_modules/cache-loader/dist/cjs.js??ref--0-0!/workspace/project/xian-explorer/node_modules/vue-loader/lib/index.js??vue-loader-options!/workspace/project/xian-explorer/node_modules/@tendermint/ui/src/components/TmKeyValues/TmKeyValues.vue?vue&type=style&index=0&id=9a464ac4&lang=stylus
<s> [webpack.Progress] 65% building 687/746 modules 59 active /workspace/project/xian-explorer/node_modules/css-loader/index.js??ref--11-oneOf-1-1!/workspace/project/xian-explorer/node_modules/vue-loader/lib/loaders/stylePostLoader.js!/workspace/project/xian-explorer/node_modules/postcss-loader/src/index.js??ref--11-oneOf-1-2!/workspace/project/xian-explorer/node_modules/stylus-loader/index.js??ref--11-oneOf-1-3!/workspace/project/xian-explorer/node_modules/cache-loader/dist/cjs.js??ref--0-0!/workspace/project/xian-explorer/node_modules/vue-loader/lib/index.js??vue-loader-options!/workspace/project/xian-explorer/node_modules/@tendermint/ui/src/components/TmKeyValues/TmKeyValues.vue?vue&type=style&index=0&id=9a464ac4&lang=stylus
<s> [webpack.Progress] 65% building 688/746 modules 58 active /workspace/project/xian-explorer/node_modules/css-loader/index.js??ref--11-oneOf-1-1!/workspace/project/xian-explorer/node_modules/vue-loader/lib/loaders/stylePostLoader.js!/workspace/project/xian-explorer/node_modules/postcss-loader/src/index.js??ref--11-oneOf-1-2!/workspace/project/xian-explorer/node_modules/stylus-loader/index.js??ref--11-oneOf-1-3!/workspace/project/xian-explorer/node_modules/cache-loader/dist/cjs.js??ref--0-0!/workspace/project/xian-explorer/node_modules/vue-loader/lib/index.js??vue-loader-options!/workspace/project/xian-explorer/node_modules/@tendermint/ui/src/components/TmKeyValues/TmKeyValues.vue?vue&type=style&index=0&id=9a464ac4&lang=stylus
<s> [webpack.Progress] 65% building 688/747 modules 59 active /workspace/project/xian-explorer/node_modules/vue-loader/lib/loaders/pitcher.js??ref--4!/workspace/project/xian-explorer/node_modules/cache-loader/dist/cjs.js??ref--12-0!/workspace/project/xian-explorer/node_modules/babel-loader/lib/index.js!/workspace/project/xian-explorer/node_modules/cache-loader/dist/cjs.js??ref--0-0!/workspace/project/xian-explorer/node_modules/vue-loader/lib/index.js??vue-loader-options!/workspace/project/xian-explorer/node_modules/@tendermint/ui/src/components/TmKeyValues/TmKeyValues.vue?vue&type=script&lang=js
<s> [webpack.Progress] 65% building 689/747 modules 58 active /workspace/project/xian-explorer/node_modules/css-loader/index.js??ref--11-oneOf-1-1!/workspace/project/xian-explorer/node_modules/vue-loader/lib/loaders/stylePostLoader.js!/workspace/project/xian-explorer/node_modules/postcss-loader/src/index.js??ref--11-oneOf-1-2!/workspace/project/xian-explorer/node_modules/stylus-loader/index.js??ref--11-oneOf-1-3!/workspace/project/xian-explorer/node_modules/cache-loader/dist/cjs.js??ref--0-0!/workspace/project/xian-explorer/node_modules/vue-loader/lib/index.js??vue-loader-options!/workspace/project/xian-explorer/node_modules/@tendermint/ui/src/components/TmKeyValues/TmKeyValues.vue?vue&type=style&index=0&id=9a464ac4&lang=stylus
<s> [webpack.Progress] 65% building 689/748 modules 59 active /workspace/project/xian-explorer/node_modules/cache-loader/dist/cjs.js??ref--12-0!/workspace/project/xian-explorer/node_modules/babel-loader/lib/index.js!/workspace/project/xian-explorer/node_modules/cache-loader/dist/cjs.js??ref--0-0!/workspace/project/xian-explorer/node_modules/vue-loader/lib/index.js??vue-loader-options!/workspace/project/xian-explorer/node_modules/@tendermint/ui/src/components/TmKeyValues/TmKeyValues.vue?vue&type=script&lang=js
<s> [webpack.Progress] 65% building 690/748 modules 58 active /workspace/project/xian-explorer/node_modules/cache-loader/dist/cjs.js??ref--12-0!/workspace/project/xian-explorer/node_modules/babel-loader/lib/index.js!/workspace/project/xian-explorer/node_modules/cache-loader/dist/cjs.js??ref--0-0!/workspace/project/xian-explorer/node_modules/vue-loader/lib/index.js??vue-loader-options!/workspace/project/xian-explorer/node_modules/@tendermint/ui/src/components/TmKeyValues/TmKeyValues.vue?vue&type=script&lang=js
<s> [webpack.Progress] 65% building 691/748 modules 57 active /workspace/project/xian-explorer/node_modules/cache-loader/dist/cjs.js??ref--12-0!/workspace/project/xian-explorer/node_modules/babel-loader/lib/index.js!/workspace/project/xian-explorer/node_modules/cache-loader/dist/cjs.js??ref--0-0!/workspace/project/xian-explorer/node_modules/vue-loader/lib/index.js??vue-loader-options!/workspace/project/xian-explorer/node_modules/@tendermint/ui/src/components/TmKeyValues/TmKeyValues.vue?vue&type=script&lang=js
<s> [webpack.Progress] 65% building 691/749 modules 58 active /workspace/project/xian-explorer/node_modules/vue-loader/lib/loaders/pitcher.js??ref--4!/workspace/project/xian-explorer/node_modules/vue-style-loader/index.js??ref--11-oneOf-1-0!/workspace/project/xian-explorer/node_modules/css-loader/index.js??ref--11-oneOf-1-1!/workspace/project/xian-explorer/node_modules/postcss-loader/src/index.js??ref--11-oneOf-1-2!/workspace/project/xian-explorer/node_modules/stylus-loader/index.js??ref--11-oneOf-1-3!/workspace/project/xian-explorer/node_modules/cache-loader/dist/cjs.js??ref--0-0!/workspace/project/xian-explorer/node_modules/vue-loader/lib/index.js??vue-loader-options!/workspace/project/xian-explorer/node_modules/@tendermint/ui/src/components/TmFormStruct/TmFormStruct.vue?vue&type=style&index=0&id=05c53d4c&lang=stylus
<s> [webpack.Progress] 65% building 692/749 modules 57 active /workspace/project/xian-explorer/node_modules/cache-loader/dist/cjs.js??ref--12-0!/workspace/project/xian-explorer/node_modules/babel-loader/lib/index.js!/workspace/project/xian-explorer/node_modules/cache-loader/dist/cjs.js??ref--0-0!/workspace/project/xian-explorer/node_modules/vue-loader/lib/index.js??vue-loader-options!/workspace/project/xian-explorer/node_modules/@tendermint/ui/src/components/TmKeyValues/TmKeyValues.vue?vue&type=script&lang=js
<s> [webpack.Progress] 65% building 692/750 modules 58 active /workspace/project/xian-explorer/node_modules/vue-style-loader/index.js??ref--11-oneOf-1-0!/workspace/project/xian-explorer/node_modules/css-loader/index.js??ref--11-oneOf-1-1!/workspace/project/xian-explorer/node_modules/vue-loader/lib/loaders/stylePostLoader.js!/workspace/project/xian-explorer/node_modules/postcss-loader/src/index.js??ref--11-oneOf-1-2!/workspace/project/xian-explorer/node_modules/stylus-loader/index.js??ref--11-oneOf-1-3!/workspace/project/xian-explorer/node_modules/cache-loader/dist/cjs.js??ref--0-0!/workspace/project/xian-explorer/node_modules/vue-loader/lib/index.js??vue-loader-options!/workspace/project/xian-explorer/node_modules/@tendermint/ui/src/components/TmFormStruct/TmFormStruct.vue?vue&type=style&index=0&id=05c53d4c&lang=stylus
<s> [webpack.Progress] 65% building 693/750 modules 57 active /workspace/project/xian-explorer/node_modules/cache-loader/dist/cjs.js??ref--12-0!/workspace/project/xian-explorer/node_modules/babel-loader/lib/index.js!/workspace/project/xian-explorer/node_modules/cache-loader/dist/cjs.js??ref--0-0!/workspace/project/xian-explorer/node_modules/vue-loader/lib/index.js??vue-loader-options!/workspace/project/xian-explorer/node_modules/@tendermint/ui/src/components/TmKeyValues/TmKeyValues.vue?vue&type=script&lang=js
<s> [webpack.Progress] 65% building 693/751 modules 58 active /workspace/project/xian-explorer/node_modules/css-loader/index.js??ref--11-oneOf-1-1!/workspace/project/xian-explorer/node_modules/vue-loader/lib/loaders/stylePostLoader.js!/workspace/project/xian-explorer/node_modules/postcss-loader/src/index.js??ref--11-oneOf-1-2!/workspace/project/xian-explorer/node_modules/stylus-loader/index.js??ref--11-oneOf-1-3!/workspace/project/xian-explorer/node_modules/cache-loader/dist/cjs.js??ref--0-0!/workspace/project/xian-explorer/node_modules/vue-loader/lib/index.js??vue-loader-options!/workspace/project/xian-explorer/node_modules/@tendermint/ui/src/components/TmFormStruct/TmFormStruct.vue?vue&type=style&index=0&id=05c53d4c&lang=stylus
<s> [webpack.Progress] 65% building 694/751 modules 57 active /workspace/project/xian-explorer/node_modules/css-loader/index.js??ref--11-oneOf-1-1!/workspace/project/xian-explorer/node_modules/vue-loader/lib/loaders/stylePostLoader.js!/workspace/project/xian-explorer/node_modules/postcss-loader/src/index.js??ref--11-oneOf-1-2!/workspace/project/xian-explorer/node_modules/stylus-loader/index.js??ref--11-oneOf-1-3!/workspace/project/xian-explorer/node_modules/cache-loader/dist/cjs.js??ref--0-0!/workspace/project/xian-explorer/node_modules/vue-loader/lib/index.js??vue-loader-options!/workspace/project/xian-explorer/node_modules/@tendermint/ui/src/components/TmFormStruct/TmFormStruct.vue?vue&type=style&index=0&id=05c53d4c&lang=stylus
<s> [webpack.Progress] 65% building 694/752 modules 58 active /workspace/project/xian-explorer/node_modules/vue-loader/lib/loaders/pitcher.js??ref--4!/workspace/project/xian-explorer/node_modules/cache-loader/dist/cjs.js??ref--12-0!/workspace/project/xian-explorer/node_modules/babel-loader/lib/index.js!/workspace/project/xian-explorer/node_modules/cache-loader/dist/cjs.js??ref--0-0!/workspace/project/xian-explorer/node_modules/vue-loader/lib/index.js??vue-loader-options!/workspace/project/xian-explorer/node_modules/@tendermint/ui/src/components/TmFormStruct/TmFormStruct.vue?vue&type=script&lang=js
<s> [webpack.Progress] 65% building 695/752 modules 57 active /workspace/project/xian-explorer/node_modules/css-loader/index.js??ref--11-oneOf-1-1!/workspace/project/xian-explorer/node_modules/vue-loader/lib/loaders/stylePostLoader.js!/workspace/project/xian-explorer/node_modules/postcss-loader/src/index.js??ref--11-oneOf-1-2!/workspace/project/xian-explorer/node_modules/stylus-loader/index.js??ref--11-oneOf-1-3!/workspace/project/xian-explorer/node_modules/cache-loader/dist/cjs.js??ref--0-0!/workspace/project/xian-explorer/node_modules/vue-loader/lib/index.js??vue-loader-options!/workspace/project/xian-explorer/node_modules/@tendermint/ui/src/components/TmFormStruct/TmFormStruct.vue?vue&type=style&index=0&id=05c53d4c&lang=stylus
<s> [webpack.Progress] 65% building 695/753 modules 58 active /workspace/project/xian-explorer/node_modules/cache-loader/dist/cjs.js??ref--12-0!/workspace/project/xian-explorer/node_modules/babel-loader/lib/index.js!/workspace/project/xian-explorer/node_modules/cache-loader/dist/cjs.js??ref--0-0!/workspace/project/xian-explorer/node_modules/vue-loader/lib/index.js??vue-loader-options!/workspace/project/xian-explorer/node_modules/@tendermint/ui/src/components/TmFormStruct/TmFormStruct.vue?vue&type=script&lang=js
<s> [webpack.Progress] 65% building 696/753 modules 57 active /workspace/project/xian-explorer/node_modules/cache-loader/dist/cjs.js??ref--12-0!/workspace/project/xian-explorer/node_modules/babel-loader/lib/index.js!/workspace/project/xian-explorer/node_modules/cache-loader/dist/cjs.js??ref--0-0!/workspace/project/xian-explorer/node_modules/vue-loader/lib/index.js??vue-loader-options!/workspace/project/xian-explorer/node_modules/@tendermint/ui/src/components/TmFormStruct/TmFormStruct.vue?vue&type=script&lang=js
<s> [webpack.Progress] 65% building 697/753 modules 56 active /workspace/project/xian-explorer/node_modules/cache-loader/dist/cjs.js??ref--12-0!/workspace/project/xian-explorer/node_modules/babel-loader/lib/index.js!/workspace/project/xian-explorer/node_modules/cache-loader/dist/cjs.js??ref--0-0!/workspace/project/xian-explorer/node_modules/vue-loader/lib/index.js??vue-loader-options!/workspace/project/xian-explorer/node_modules/@tendermint/ui/src/components/TmFormStruct/TmFormStruct.vue?vue&type=script&lang=js
<s> [webpack.Progress] 65% building 697/754 modules 57 active /workspace/project/xian-explorer/node_modules/vue-loader/lib/loaders/pitcher.js??ref--4!/workspace/project/xian-explorer/node_modules/vue-style-loader/index.js??ref--11-oneOf-1-0!/workspace/project/xian-explorer/node_modules/css-loader/index.js??ref--11-oneOf-1-1!/workspace/project/xian-explorer/node_modules/postcss-loader/src/index.js??ref--11-oneOf-1-2!/workspace/project/xian-explorer/node_modules/stylus-loader/index.js??ref--11-oneOf-1-3!/workspace/project/xian-explorer/node_modules/cache-loader/dist/cjs.js??ref--0-0!/workspace/project/xian-explorer/node_modules/vue-loader/lib/index.js??vue-loader-options!/workspace/project/xian-explorer/node_modules/@tendermint/ui/src/components/TmFormGroup/TmFormGroup.vue?vue&type=style&index=0&id=72d31912&lang=stylus
<s> [webpack.Progress] 65% building 698/754 modules 56 active /workspace/project/xian-explorer/node_modules/cache-loader/dist/cjs.js??ref--12-0!/workspace/project/xian-explorer/node_modules/babel-loader/lib/index.js!/workspace/project/xian-explorer/node_modules/cache-loader/dist/cjs.js??ref--0-0!/workspace/project/xian-explorer/node_modules/vue-loader/lib/index.js??vue-loader-options!/workspace/project/xian-explorer/node_modules/@tendermint/ui/src/components/TmFormStruct/TmFormStruct.vue?vue&type=script&lang=js
<s> [webpack.Progress] 65% building 698/755 modules 57 active /workspace/project/xian-explorer/node_modules/vue-style-loader/index.js??ref--11-oneOf-1-0!/workspace/project/xian-explorer/node_modules/css-loader/index.js??ref--11-oneOf-1-1!/workspace/project/xian-explorer/node_modules/vue-loader/lib/loaders/stylePostLoader.js!/workspace/project/xian-explorer/node_modules/postcss-loader/src/index.js??ref--11-oneOf-1-2!/workspace/project/xian-explorer/node_modules/stylus-loader/index.js??ref--11-oneOf-1-3!/workspace/project/xian-explorer/node_modules/cache-loader/dist/cjs.js??ref--0-0!/workspace/project/xian-explorer/node_modules/vue-loader/lib/index.js??vue-loader-options!/workspace/project/xian-explorer/node_modules/@tendermint/ui/src/components/TmFormGroup/TmFormGroup.vue?vue&type=style&index=0&id=72d31912&lang=stylus
<s> [webpack.Progress] 65% building 699/755 modules 56 active /workspace/project/xian-explorer/node_modules/cache-loader/dist/cjs.js??ref--12-0!/workspace/project/xian-explorer/node_modules/babel-loader/lib/index.js!/workspace/project/xian-explorer/node_modules/cache-loader/dist/cjs.js??ref--0-0!/workspace/project/xian-explorer/node_modules/vue-loader/lib/index.js??vue-loader-options!/workspace/project/xian-explorer/node_modules/@tendermint/ui/src/components/TmFormStruct/TmFormStruct.vue?vue&type=script&lang=js
<s> [webpack.Progress] 65% building 699/756 modules 57 active /workspace/project/xian-explorer/node_modules/css-loader/index.js??ref--11-oneOf-1-1!/workspace/project/xian-explorer/node_modules/vue-loader/lib/loaders/stylePostLoader.js!/workspace/project/xian-explorer/node_modules/postcss-loader/src/index.js??ref--11-oneOf-1-2!/workspace/project/xian-explorer/node_modules/stylus-loader/index.js??ref--11-oneOf-1-3!/workspace/project/xian-explorer/node_modules/cache-loader/dist/cjs.js??ref--0-0!/workspace/project/xian-explorer/node_modules/vue-loader/lib/index.js??vue-loader-options!/workspace/project/xian-explorer/node_modules/@tendermint/ui/src/components/TmFormGroup/TmFormGroup.vue?vue&type=style&index=0&id=72d31912&lang=stylus
<s> [webpack.Progress] 65% building 700/756 modules 56 active /workspace/project/xian-explorer/node_modules/css-loader/index.js??ref--11-oneOf-1-1!/workspace/project/xian-explorer/node_modules/vue-loader/lib/loaders/stylePostLoader.js!/workspace/project/xian-explorer/node_modules/postcss-loader/src/index.js??ref--11-oneOf-1-2!/workspace/project/xian-explorer/node_modules/stylus-loader/index.js??ref--11-oneOf-1-3!/workspace/project/xian-explorer/node_modules/cache-loader/dist/cjs.js??ref--0-0!/workspace/project/xian-explorer/node_modules/vue-loader/lib/index.js??vue-loader-options!/workspace/project/xian-explorer/node_modules/@tendermint/ui/src/components/TmFormGroup/TmFormGroup.vue?vue&type=style&index=0&id=72d31912&lang=stylus
<s> [webpack.Progress] 65% building 700/757 modules 57 active /workspace/project/xian-explorer/node_modules/vue-loader/lib/loaders/pitcher.js??ref--4!/workspace/project/xian-explorer/node_modules/cache-loader/dist/cjs.js??ref--12-0!/workspace/project/xian-explorer/node_modules/babel-loader/lib/index.js!/workspace/project/xian-explorer/node_modules/cache-loader/dist/cjs.js??ref--0-0!/workspace/project/xian-explorer/node_modules/vue-loader/lib/index.js??vue-loader-options!/workspace/project/xian-explorer/node_modules/@tendermint/ui/src/components/TmFormGroup/TmFormGroup.vue?vue&type=script&lang=js
<s> [webpack.Progress] 65% building 701/757 modules 56 active /workspace/project/xian-explorer/node_modules/css-loader/index.js??ref--11-oneOf-1-1!/workspace/project/xian-explorer/node_modules/vue-loader/lib/loaders/stylePostLoader.js!/workspace/project/xian-explorer/node_modules/postcss-loader/src/index.js??ref--11-oneOf-1-2!/workspace/project/xian-explorer/node_modules/stylus-loader/index.js??ref--11-oneOf-1-3!/workspace/project/xian-explorer/node_modules/cache-loader/dist/cjs.js??ref--0-0!/workspace/project/xian-explorer/node_modules/vue-loader/lib/index.js??vue-loader-options!/workspace/project/xian-explorer/node_modules/@tendermint/ui/src/components/TmFormGroup/TmFormGroup.vue?vue&type=style&index=0&id=72d31912&lang=stylus
<s> [webpack.Progress] 65% building 701/758 modules 57 active /workspace/project/xian-explorer/node_modules/cache-loader/dist/cjs.js??ref--12-0!/workspace/project/xian-explorer/node_modules/babel-loader/lib/index.js!/workspace/project/xian-explorer/node_modules/cache-loader/dist/cjs.js??ref--0-0!/workspace/project/xian-explorer/node_modules/vue-loader/lib/index.js??vue-loader-options!/workspace/project/xian-explorer/node_modules/@tendermint/ui/src/components/TmFormGroup/TmFormGroup.vue?vue&type=script&lang=js
<s> [webpack.Progress] 65% building 702/758 modules 56 active /workspace/project/xian-explorer/node_modules/cache-loader/dist/cjs.js??ref--12-0!/workspace/project/xian-explorer/node_modules/babel-loader/lib/index.js!/workspace/project/xian-explorer/node_modules/cache-loader/dist/cjs.js??ref--0-0!/workspace/project/xian-explorer/node_modules/vue-loader/lib/index.js??vue-loader-options!/workspace/project/xian-explorer/node_modules/@tendermint/ui/src/components/TmFormGroup/TmFormGroup.vue?vue&type=script&lang=js
<s> [webpack.Progress] 65% building 703/758 modules 55 active /workspace/project/xian-explorer/node_modules/cache-loader/dist/cjs.js??ref--12-0!/workspace/project/xian-explorer/node_modules/babel-loader/lib/index.js!/workspace/project/xian-explorer/node_modules/cache-loader/dist/cjs.js??ref--0-0!/workspace/project/xian-explorer/node_modules/vue-loader/lib/index.js??vue-loader-options!/workspace/project/xian-explorer/node_modules/@tendermint/ui/src/components/TmFormGroup/TmFormGroup.vue?vue&type=script&lang=js
<s> [webpack.Progress] 65% building 703/759 modules 56 active /workspace/project/xian-explorer/node_modules/vue-loader/lib/loaders/pitcher.js??ref--4!/workspace/project/xian-explorer/node_modules/vue-style-loader/index.js??ref--11-oneOf-1-0!/workspace/project/xian-explorer/node_modules/css-loader/index.js??ref--11-oneOf-1-1!/workspace/project/xian-explorer/node_modules/postcss-loader/src/index.js??ref--11-oneOf-1-2!/workspace/project/xian-explorer/node_modules/stylus-loader/index.js??ref--11-oneOf-1-3!/workspace/project/xian-explorer/node_modules/cache-loader/dist/cjs.js??ref--0-0!/workspace/project/xian-explorer/node_modules/vue-loader/lib/index.js??vue-loader-options!/workspace/project/xian-explorer/node_modules/@tendermint/ui/src/components/TmFormMsg/TmFormMsg.vue?vue&type=style&index=0&id=c3fdb954&lang=stylus
<s> [webpack.Progress] 65% building 704/759 modules 55 active /workspace/project/xian-explorer/node_modules/cache-loader/dist/cjs.js??ref--12-0!/workspace/project/xian-explorer/node_modules/babel-loader/lib/index.js!/workspace/project/xian-explorer/node_modules/cache-loader/dist/cjs.js??ref--0-0!/workspace/project/xian-explorer/node_modules/vue-loader/lib/index.js??vue-loader-options!/workspace/project/xian-explorer/node_modules/@tendermint/ui/src/components/TmFormGroup/TmFormGroup.vue?vue&type=script&lang=js
<s> [webpack.Progress] 65% building 704/760 modules 56 active /workspace/project/xian-explorer/node_modules/vue-style-loader/index.js??ref--11-oneOf-1-0!/workspace/project/xian-explorer/node_modules/css-loader/index.js??ref--11-oneOf-1-1!/workspace/project/xian-explorer/node_modules/vue-loader/lib/loaders/stylePostLoader.js!/workspace/project/xian-explorer/node_modules/postcss-loader/src/index.js??ref--11-oneOf-1-2!/workspace/project/xian-explorer/node_modules/stylus-loader/index.js??ref--11-oneOf-1-3!/workspace/project/xian-explorer/node_modules/cache-loader/dist/cjs.js??ref--0-0!/workspace/project/xian-explorer/node_modules/vue-loader/lib/index.js??vue-loader-options!/workspace/project/xian-explorer/node_modules/@tendermint/ui/src/components/TmFormMsg/TmFormMsg.vue?vue&type=style&index=0&id=c3fdb954&lang=stylus
<s> [webpack.Progress] 65% building 705/760 modules 55 active /workspace/project/xian-explorer/node_modules/cache-loader/dist/cjs.js??ref--12-0!/workspace/project/xian-explorer/node_modules/babel-loader/lib/index.js!/workspace/project/xian-explorer/node_modules/cache-loader/dist/cjs.js??ref--0-0!/workspace/project/xian-explorer/node_modules/vue-loader/lib/index.js??vue-loader-options!/workspace/project/xian-explorer/node_modules/@tendermint/ui/src/components/TmFormGroup/TmFormGroup.vue?vue&type=script&lang=js
<s> [webpack.Progress] 65% building 705/761 modules 56 active /workspace/project/xian-explorer/node_modules/css-loader/index.js??ref--11-oneOf-1-1!/workspace/project/xian-explorer/node_modules/vue-loader/lib/loaders/stylePostLoader.js!/workspace/project/xian-explorer/node_modules/postcss-loader/src/index.js??ref--11-oneOf-1-2!/workspace/project/xian-explorer/node_modules/stylus-loader/index.js??ref--11-oneOf-1-3!/workspace/project/xian-explorer/node_modules/cache-loader/dist/cjs.js??ref--0-0!/workspace/project/xian-explorer/node_modules/vue-loader/lib/index.js??vue-loader-options!/workspace/project/xian-explorer/node_modules/@tendermint/ui/src/components/TmFormMsg/TmFormMsg.vue?vue&type=style&index=0&id=c3fdb954&lang=stylus
<s> [webpack.Progress] 65% building 706/761 modules 55 active /workspace/project/xian-explorer/node_modules/css-loader/index.js??ref--11-oneOf-1-1!/workspace/project/xian-explorer/node_modules/vue-loader/lib/loaders/stylePostLoader.js!/workspace/project/xian-explorer/node_modules/postcss-loader/src/index.js??ref--11-oneOf-1-2!/workspace/project/xian-explorer/node_modules/stylus-loader/index.js??ref--11-oneOf-1-3!/workspace/project/xian-explorer/node_modules/cache-loader/dist/cjs.js??ref--0-0!/workspace/project/xian-explorer/node_modules/vue-loader/lib/index.js??vue-loader-options!/workspace/project/xian-explorer/node_modules/@tendermint/ui/src/components/TmFormMsg/TmFormMsg.vue?vue&type=style&index=0&id=c3fdb954&lang=stylus
<s> [webpack.Progress] 65% building 706/762 modules 56 active /workspace/project/xian-explorer/node_modules/vue-loader/lib/loaders/pitcher.js??ref--4!/workspace/project/xian-explorer/node_modules/cache-loader/dist/cjs.js??ref--12-0!/workspace/project/xian-explorer/node_modules/babel-loader/lib/index.js!/workspace/project/xian-explorer/node_modules/cache-loader/dist/cjs.js??ref--0-0!/workspace/project/xian-explorer/node_modules/vue-loader/lib/index.js??vue-loader-options!/workspace/project/xian-explorer/node_modules/@tendermint/ui/src/components/TmFormMsg/TmFormMsg.vue?vue&type=script&lang=js
<s> [webpack.Progress] 65% building 707/762 modules 55 active /workspace/project/xian-explorer/node_modules/css-loader/index.js??ref--11-oneOf-1-1!/workspace/project/xian-explorer/node_modules/vue-loader/lib/loaders/stylePostLoader.js!/workspace/project/xian-explorer/node_modules/postcss-loader/src/index.js??ref--11-oneOf-1-2!/workspace/project/xian-explorer/node_modules/stylus-loader/index.js??ref--11-oneOf-1-3!/workspace/project/xian-explorer/node_modules/cache-loader/dist/cjs.js??ref--0-0!/workspace/project/xian-explorer/node_modules/vue-loader/lib/index.js??vue-loader-options!/workspace/project/xian-explorer/node_modules/@tendermint/ui/src/components/TmFormMsg/TmFormMsg.vue?vue&type=style&index=0&id=c3fdb954&lang=stylus
<s> [webpack.Progress] 65% building 707/763 modules 56 active /workspace/project/xian-explorer/node_modules/cache-loader/dist/cjs.js??ref--12-0!/workspace/project/xian-explorer/node_modules/babel-loader/lib/index.js!/workspace/project/xian-explorer/node_modules/cache-loader/dist/cjs.js??ref--0-0!/workspace/project/xian-explorer/node_modules/vue-loader/lib/index.js??vue-loader-options!/workspace/project/xian-explorer/node_modules/@tendermint/ui/src/components/TmFormMsg/TmFormMsg.vue?vue&type=script&lang=js
<s> [webpack.Progress] 65% building 708/763 modules 55 active /workspace/project/xian-explorer/node_modules/cache-loader/dist/cjs.js??ref--12-0!/workspace/project/xian-explorer/node_modules/babel-loader/lib/index.js!/workspace/project/xian-explorer/node_modules/cache-loader/dist/cjs.js??ref--0-0!/workspace/project/xian-explorer/node_modules/vue-loader/lib/index.js??vue-loader-options!/workspace/project/xian-explorer/node_modules/@tendermint/ui/src/components/TmFormMsg/TmFormMsg.vue?vue&type=script&lang=js
<s> [webpack.Progress] 65% building 709/763 modules 54 active /workspace/project/xian-explorer/node_modules/cache-loader/dist/cjs.js??ref--12-0!/workspace/project/xian-explorer/node_modules/babel-loader/lib/index.js!/workspace/project/xian-explorer/node_modules/cache-loader/dist/cjs.js??ref--0-0!/workspace/project/xian-explorer/node_modules/vue-loader/lib/index.js??vue-loader-options!/workspace/project/xian-explorer/node_modules/@tendermint/ui/src/components/TmFormMsg/TmFormMsg.vue?vue&type=script&lang=js
<s> [webpack.Progress] 65% building 709/764 modules 55 active /workspace/project/xian-explorer/node_modules/vue-loader/lib/loaders/pitcher.js??ref--4!/workspace/project/xian-explorer/node_modules/vue-style-loader/index.js??ref--11-oneOf-1-0!/workspace/project/xian-explorer/node_modules/css-loader/index.js??ref--11-oneOf-1-1!/workspace/project/xian-explorer/node_modules/postcss-loader/src/index.js??ref--11-oneOf-1-2!/workspace/project/xian-explorer/node_modules/stylus-loader/index.js??ref--11-oneOf-1-3!/workspace/project/xian-explorer/node_modules/cache-loader/dist/cjs.js??ref--0-0!/workspace/project/xian-explorer/node_modules/vue-loader/lib/index.js??vue-loader-options!/workspace/project/xian-explorer/node_modules/@tendermint/ui/src/components/TmFieldGroup/TmFieldGroup.vue?vue&type=style&index=0&id=00408668&lang=stylus
<s> [webpack.Progress] 65% building 710/764 modules 54 active /workspace/project/xian-explorer/node_modules/cache-loader/dist/cjs.js??ref--12-0!/workspace/project/xian-explorer/node_modules/babel-loader/lib/index.js!/workspace/project/xian-explorer/node_modules/cache-loader/dist/cjs.js??ref--0-0!/workspace/project/xian-explorer/node_modules/vue-loader/lib/index.js??vue-loader-options!/workspace/project/xian-explorer/node_modules/@tendermint/ui/src/components/TmFormMsg/TmFormMsg.vue?vue&type=script&lang=js
<s> [webpack.Progress] 65% building 710/765 modules 55 active /workspace/project/xian-explorer/node_modules/vue-style-loader/index.js??ref--11-oneOf-1-0!/workspace/project/xian-explorer/node_modules/css-loader/index.js??ref--11-oneOf-1-1!/workspace/project/xian-explorer/node_modules/vue-loader/lib/loaders/stylePostLoader.js!/workspace/project/xian-explorer/node_modules/postcss-loader/src/index.js??ref--11-oneOf-1-2!/workspace/project/xian-explorer/node_modules/stylus-loader/index.js??ref--11-oneOf-1-3!/workspace/project/xian-explorer/node_modules/cache-loader/dist/cjs.js??ref--0-0!/workspace/project/xian-explorer/node_modules/vue-loader/lib/index.js??vue-loader-options!/workspace/project/xian-explorer/node_modules/@tendermint/ui/src/components/TmFieldGroup/TmFieldGroup.vue?vue&type=style&index=0&id=00408668&lang=stylus
<s> [webpack.Progress] 65% building 711/765 modules 54 active /workspace/project/xian-explorer/node_modules/cache-loader/dist/cjs.js??ref--12-0!/workspace/project/xian-explorer/node_modules/babel-loader/lib/index.js!/workspace/project/xian-explorer/node_modules/cache-loader/dist/cjs.js??ref--0-0!/workspace/project/xian-explorer/node_modules/vue-loader/lib/index.js??vue-loader-options!/workspace/project/xian-explorer/node_modules/@tendermint/ui/src/components/TmFormMsg/TmFormMsg.vue?vue&type=script&lang=js
<s> [webpack.Progress] 65% building 711/766 modules 55 active /workspace/project/xian-explorer/node_modules/css-loader/index.js??ref--11-oneOf-1-1!/workspace/project/xian-explorer/node_modules/vue-loader/lib/loaders/stylePostLoader.js!/workspace/project/xian-explorer/node_modules/postcss-loader/src/index.js??ref--11-oneOf-1-2!/workspace/project/xian-explorer/node_modules/stylus-loader/index.js??ref--11-oneOf-1-3!/workspace/project/xian-explorer/node_modules/cache-loader/dist/cjs.js??ref--0-0!/workspace/project/xian-explorer/node_modules/vue-loader/lib/index.js??vue-loader-options!/workspace/project/xian-explorer/node_modules/@tendermint/ui/src/components/TmFieldGroup/TmFieldGroup.vue?vue&type=style&index=0&id=00408668&lang=stylus
<s> [webpack.Progress] 65% building 712/766 modules 54 active /workspace/project/xian-explorer/node_modules/css-loader/index.js??ref--11-oneOf-1-1!/workspace/project/xian-explorer/node_modules/vue-loader/lib/loaders/stylePostLoader.js!/workspace/project/xian-explorer/node_modules/postcss-loader/src/index.js??ref--11-oneOf-1-2!/workspace/project/xian-explorer/node_modules/stylus-loader/index.js??ref--11-oneOf-1-3!/workspace/project/xian-explorer/node_modules/cache-loader/dist/cjs.js??ref--0-0!/workspace/project/xian-explorer/node_modules/vue-loader/lib/index.js??vue-loader-options!/workspace/project/xian-explorer/node_modules/@tendermint/ui/src/components/TmFieldGroup/TmFieldGroup.vue?vue&type=style&index=0&id=00408668&lang=stylus
<s> [webpack.Progress] 65% building 712/767 modules 55 active /workspace/project/xian-explorer/node_modules/vue-loader/lib/loaders/pitcher.js??ref--4!/workspace/project/xian-explorer/node_modules/cache-loader/dist/cjs.js??ref--12-0!/workspace/project/xian-explorer/node_modules/babel-loader/lib/index.js!/workspace/project/xian-explorer/node_modules/cache-loader/dist/cjs.js??ref--0-0!/workspace/project/xian-explorer/node_modules/vue-loader/lib/index.js??vue-loader-options!/workspace/project/xian-explorer/node_modules/@tendermint/ui/src/components/TmFieldGroup/TmFieldGroup.vue?vue&type=script&lang=js
<s> [webpack.Progress] 65% building 713/767 modules 54 active /workspace/project/xian-explorer/node_modules/css-loader/index.js??ref--11-oneOf-1-1!/workspace/project/xian-explorer/node_modules/vue-loader/lib/loaders/stylePostLoader.js!/workspace/project/xian-explorer/node_modules/postcss-loader/src/index.js??ref--11-oneOf-1-2!/workspace/project/xian-explorer/node_modules/stylus-loader/index.js??ref--11-oneOf-1-3!/workspace/project/xian-explorer/node_modules/cache-loader/dist/cjs.js??ref--0-0!/workspace/project/xian-explorer/node_modules/vue-loader/lib/index.js??vue-loader-options!/workspace/project/xian-explorer/node_modules/@tendermint/ui/src/components/TmFieldGroup/TmFieldGroup.vue?vue&type=style&index=0&id=00408668&lang=stylus
<s> [webpack.Progress] 65% building 713/768 modules 55 active /workspace/project/xian-explorer/node_modules/cache-loader/dist/cjs.js??ref--12-0!/workspace/project/xian-explorer/node_modules/babel-loader/lib/index.js!/workspace/project/xian-explorer/node_modules/cache-loader/dist/cjs.js??ref--0-0!/workspace/project/xian-explorer/node_modules/vue-loader/lib/index.js??vue-loader-options!/workspace/project/xian-explorer/node_modules/@tendermint/ui/src/components/TmFieldGroup/TmFieldGroup.vue?vue&type=script&lang=js
<s> [webpack.Progress] 65% building 714/768 modules 54 active /workspace/project/xian-explorer/node_modules/cache-loader/dist/cjs.js??ref--12-0!/workspace/project/xian-explorer/node_modules/babel-loader/lib/index.js!/workspace/project/xian-explorer/node_modules/cache-loader/dist/cjs.js??ref--0-0!/workspace/project/xian-explorer/node_modules/vue-loader/lib/index.js??vue-loader-options!/workspace/project/xian-explorer/node_modules/@tendermint/ui/src/components/TmFieldGroup/TmFieldGroup.vue?vue&type=script&lang=js
<s> [webpack.Progress] 65% building 715/768 modules 53 active /workspace/project/xian-explorer/node_modules/cache-loader/dist/cjs.js??ref--12-0!/workspace/project/xian-explorer/node_modules/babel-loader/lib/index.js!/workspace/project/xian-explorer/node_modules/cache-loader/dist/cjs.js??ref--0-0!/workspace/project/xian-explorer/node_modules/vue-loader/lib/index.js??vue-loader-options!/workspace/project/xian-explorer/node_modules/@tendermint/ui/src/components/TmFieldGroup/TmFieldGroup.vue?vue&type=script&lang=js
<s> [webpack.Progress] 65% building 715/769 modules 54 active /workspace/project/xian-explorer/node_modules/vue-loader/lib/loaders/pitcher.js??ref--4!/workspace/project/xian-explorer/node_modules/vue-style-loader/index.js??ref--11-oneOf-1-0!/workspace/project/xian-explorer/node_modules/css-loader/index.js??ref--11-oneOf-1-1!/workspace/project/xian-explorer/node_modules/postcss-loader/src/index.js??ref--11-oneOf-1-2!/workspace/project/xian-explorer/node_modules/stylus-loader/index.js??ref--11-oneOf-1-3!/workspace/project/xian-explorer/node_modules/cache-loader/dist/cjs.js??ref--0-0!/workspace/project/xian-explorer/node_modules/vue-loader/lib/index.js??vue-loader-options!/workspace/project/xian-explorer/node_modules/@tendermint/ui/src/components/TmField/TmField.vue?vue&type=style&index=0&id=73391b60&lang=stylus
<s> [webpack.Progress] 65% building 716/769 modules 53 active /workspace/project/xian-explorer/node_modules/cache-loader/dist/cjs.js??ref--12-0!/workspace/project/xian-explorer/node_modules/babel-loader/lib/index.js!/workspace/project/xian-explorer/node_modules/cache-loader/dist/cjs.js??ref--0-0!/workspace/project/xian-explorer/node_modules/vue-loader/lib/index.js??vue-loader-options!/workspace/project/xian-explorer/node_modules/@tendermint/ui/src/components/TmFieldGroup/TmFieldGroup.vue?vue&type=script&lang=js
<s> [webpack.Progress] 65% building 716/770 modules 54 active /workspace/project/xian-explorer/node_modules/vue-style-loader/index.js??ref--11-oneOf-1-0!/workspace/project/xian-explorer/node_modules/css-loader/index.js??ref--11-oneOf-1-1!/workspace/project/xian-explorer/node_modules/vue-loader/lib/loaders/stylePostLoader.js!/workspace/project/xian-explorer/node_modules/postcss-loader/src/index.js??ref--11-oneOf-1-2!/workspace/project/xian-explorer/node_modules/stylus-loader/index.js??ref--11-oneOf-1-3!/workspace/project/xian-explorer/node_modules/cache-loader/dist/cjs.js??ref--0-0!/workspace/project/xian-explorer/node_modules/vue-loader/lib/index.js??vue-loader-options!/workspace/project/xian-explorer/node_modules/@tendermint/ui/src/components/TmField/TmField.vue?vue&type=style&index=0&id=73391b60&lang=stylus
<s> [webpack.Progress] 65% building 717/770 modules 53 active /workspace/project/xian-explorer/node_modules/cache-loader/dist/cjs.js??ref--12-0!/workspace/project/xian-explorer/node_modules/babel-loader/lib/index.js!/workspace/project/xian-explorer/node_modules/cache-loader/dist/cjs.js??ref--0-0!/workspace/project/xian-explorer/node_modules/vue-loader/lib/index.js??vue-loader-options!/workspace/project/xian-explorer/node_modules/@tendermint/ui/src/components/TmFieldGroup/TmFieldGroup.vue?vue&type=script&lang=js
<s> [webpack.Progress] 65% building 717/771 modules 54 active /workspace/project/xian-explorer/node_modules/css-loader/index.js??ref--11-oneOf-1-1!/workspace/project/xian-explorer/node_modules/vue-loader/lib/loaders/stylePostLoader.js!/workspace/project/xian-explorer/node_modules/postcss-loader/src/index.js??ref--11-oneOf-1-2!/workspace/project/xian-explorer/node_modules/stylus-loader/index.js??ref--11-oneOf-1-3!/workspace/project/xian-explorer/node_modules/cache-loader/dist/cjs.js??ref--0-0!/workspace/project/xian-explorer/node_modules/vue-loader/lib/index.js??vue-loader-options!/workspace/project/xian-explorer/node_modules/@tendermint/ui/src/components/TmField/TmField.vue?vue&type=style&index=0&id=73391b60&lang=stylus
<s> [webpack.Progress] 65% building 717/772 modules 55 active /workspace/project/xian-explorer/node_modules/vue-loader/lib/loaders/pitcher.js??ref--4!/workspace/project/xian-explorer/node_modules/cache-loader/dist/cjs.js??ref--12-0!/workspace/project/xian-explorer/node_modules/babel-loader/lib/index.js!/workspace/project/xian-explorer/node_modules/cache-loader/dist/cjs.js??ref--0-0!/workspace/project/xian-explorer/node_modules/vue-loader/lib/index.js??vue-loader-options!/workspace/project/xian-explorer/node_modules/@tendermint/ui/src/components/TmField/TmField.vue?vue&type=script&lang=js
<s> [webpack.Progress] 65% building 718/772 modules 54 active /workspace/project/xian-explorer/node_modules/css-loader/index.js??ref--11-oneOf-1-1!/workspace/project/xian-explorer/node_modules/vue-loader/lib/loaders/stylePostLoader.js!/workspace/project/xian-explorer/node_modules/postcss-loader/src/index.js??ref--11-oneOf-1-2!/workspace/project/xian-explorer/node_modules/stylus-loader/index.js??ref--11-oneOf-1-3!/workspace/project/xian-explorer/node_modules/cache-loader/dist/cjs.js??ref--0-0!/workspace/project/xian-explorer/node_modules/vue-loader/lib/index.js??vue-loader-options!/workspace/project/xian-explorer/node_modules/@tendermint/ui/src/components/TmField/TmField.vue?vue&type=style&index=0&id=73391b60&lang=stylus
<s> [webpack.Progress] 65% building 718/773 modules 55 active /workspace/project/xian-explorer/node_modules/cache-loader/dist/cjs.js??ref--12-0!/workspace/project/xian-explorer/node_modules/babel-loader/lib/index.js!/workspace/project/xian-explorer/node_modules/cache-loader/dist/cjs.js??ref--0-0!/workspace/project/xian-explorer/node_modules/vue-loader/lib/index.js??vue-loader-options!/workspace/project/xian-explorer/node_modules/@tendermint/ui/src/components/TmField/TmField.vue?vue&type=script&lang=js
<s> [webpack.Progress] 65% building 719/773 modules 54 active /workspace/project/xian-explorer/node_modules/cache-loader/dist/cjs.js??ref--12-0!/workspace/project/xian-explorer/node_modules/babel-loader/lib/index.js!/workspace/project/xian-explorer/node_modules/cache-loader/dist/cjs.js??ref--0-0!/workspace/project/xian-explorer/node_modules/vue-loader/lib/index.js??vue-loader-options!/workspace/project/xian-explorer/node_modules/@tendermint/ui/src/components/TmField/TmField.vue?vue&type=script&lang=js
<s> [webpack.Progress] 65% building 720/773 modules 53 active /workspace/project/xian-explorer/node_modules/cache-loader/dist/cjs.js??ref--12-0!/workspace/project/xian-explorer/node_modules/babel-loader/lib/index.js!/workspace/project/xian-explorer/node_modules/cache-loader/dist/cjs.js??ref--0-0!/workspace/project/xian-explorer/node_modules/vue-loader/lib/index.js??vue-loader-options!/workspace/project/xian-explorer/node_modules/@tendermint/ui/src/components/TmField/TmField.vue?vue&type=script&lang=js
<s> [webpack.Progress] 65% building 720/774 modules 54 active /workspace/project/xian-explorer/node_modules/vue-loader/lib/loaders/pitcher.js??ref--4!/workspace/project/xian-explorer/node_modules/cache-loader/dist/cjs.js??ref--12-0!/workspace/project/xian-explorer/node_modules/babel-loader/lib/index.js!/workspace/project/xian-explorer/node_modules/cache-loader/dist/cjs.js??ref--0-0!/workspace/project/xian-explorer/node_modules/vue-loader/lib/index.js??vue-loader-options!/workspace/project/xian-explorer/node_modules/@tendermint/ui/src/components/TmDataLoading/TmDataLoading.vue?vue&type=script&lang=js
<s> [webpack.Progress] 65% building 721/774 modules 53 active /workspace/project/xian-explorer/node_modules/cache-loader/dist/cjs.js??ref--12-0!/workspace/project/xian-explorer/node_modules/babel-loader/lib/index.js!/workspace/project/xian-explorer/node_modules/cache-loader/dist/cjs.js??ref--0-0!/workspace/project/xian-explorer/node_modules/vue-loader/lib/index.js??vue-loader-options!/workspace/project/xian-explorer/node_modules/@tendermint/ui/src/components/TmField/TmField.vue?vue&type=script&lang=js
<s> [webpack.Progress] 65% building 721/775 modules 54 active /workspace/project/xian-explorer/node_modules/cache-loader/dist/cjs.js??ref--12-0!/workspace/project/xian-explorer/node_modules/babel-loader/lib/index.js!/workspace/project/xian-explorer/node_modules/cache-loader/dist/cjs.js??ref--0-0!/workspace/project/xian-explorer/node_modules/vue-loader/lib/index.js??vue-loader-options!/workspace/project/xian-explorer/node_modules/@tendermint/ui/src/components/TmDataLoading/TmDataLoading.vue?vue&type=script&lang=js
<s> [webpack.Progress] 65% building 721/776 modules 55 active /workspace/project/xian-explorer/node_modules/string_decoder/lib/string_decoder.js
<s> [webpack.Progress] 65% building 722/776 modules 54 active /workspace/project/xian-explorer/node_modules/string_decoder/lib/string_decoder.js
<s> [webpack.Progress] 65% building 722/777 modules 55 active /workspace/project/xian-explorer/node_modules/vue-loader/lib/loaders/pitcher.js??ref--4!/workspace/project/xian-explorer/node_modules/cache-loader/dist/cjs.js??ref--12-0!/workspace/project/xian-explorer/node_modules/babel-loader/lib/index.js!/workspace/project/xian-explorer/node_modules/cache-loader/dist/cjs.js??ref--0-0!/workspace/project/xian-explorer/node_modules/vue-loader/lib/index.js??vue-loader-options!/workspace/project/xian-explorer/node_modules/@tendermint/ui/src/components/TmDataEmpty/TmDataEmpty.vue?vue&type=script&lang=js
<s> [webpack.Progress] 65% building 723/777 modules 54 active /workspace/project/xian-explorer/node_modules/string_decoder/lib/string_decoder.js
<s> [webpack.Progress] 65% building 723/778 modules 55 active /workspace/project/xian-explorer/node_modules/cache-loader/dist/cjs.js??ref--12-0!/workspace/project/xian-explorer/node_modules/babel-loader/lib/index.js!/workspace/project/xian-explorer/node_modules/cache-loader/dist/cjs.js??ref--0-0!/workspace/project/xian-explorer/node_modules/vue-loader/lib/index.js??vue-loader-options!/workspace/project/xian-explorer/node_modules/@tendermint/ui/src/components/TmDataEmpty/TmDataEmpty.vue?vue&type=script&lang=js
<s> [webpack.Progress] 65% building 724/778 modules 54 active /workspace/project/xian-explorer/node_modules/cache-loader/dist/cjs.js??ref--12-0!/workspace/project/xian-explorer/node_modules/babel-loader/lib/index.js!/workspace/project/xian-explorer/node_modules/cache-loader/dist/cjs.js??ref--0-0!/workspace/project/xian-explorer/node_modules/vue-loader/lib/index.js??vue-loader-options!/workspace/project/xian-explorer/node_modules/@tendermint/ui/src/components/TmDataEmpty/TmDataEmpty.vue?vue&type=script&lang=js
<s> [webpack.Progress] 65% building 725/778 modules 53 active /workspace/project/xian-explorer/node_modules/cache-loader/dist/cjs.js??ref--12-0!/workspace/project/xian-explorer/node_modules/babel-loader/lib/index.js!/workspace/project/xian-explorer/node_modules/cache-loader/dist/cjs.js??ref--0-0!/workspace/project/xian-explorer/node_modules/vue-loader/lib/index.js??vue-loader-options!/workspace/project/xian-explorer/node_modules/@tendermint/ui/src/components/TmDataEmpty/TmDataEmpty.vue?vue&type=script&lang=js
<s> [webpack.Progress] 65% building 725/779 modules 54 active /workspace/project/xian-explorer/node_modules/vue-loader/lib/loaders/pitcher.js??ref--4!/workspace/project/xian-explorer/node_modules/cache-loader/dist/cjs.js??ref--12-0!/workspace/project/xian-explorer/node_modules/babel-loader/lib/index.js!/workspace/project/xian-explorer/node_modules/cache-loader/dist/cjs.js??ref--0-0!/workspace/project/xian-explorer/node_modules/vue-loader/lib/index.js??vue-loader-options!/workspace/project/xian-explorer/node_modules/@tendermint/ui/src/components/TmCountdown/TmCountdown.vue?vue&type=script&lang=js
<s> [webpack.Progress] 65% building 726/779 modules 53 active /workspace/project/xian-explorer/node_modules/cache-loader/dist/cjs.js??ref--12-0!/workspace/project/xian-explorer/node_modules/babel-loader/lib/index.js!/workspace/project/xian-explorer/node_modules/cache-loader/dist/cjs.js??ref--0-0!/workspace/project/xian-explorer/node_modules/vue-loader/lib/index.js??vue-loader-options!/workspace/project/xian-explorer/node_modules/@tendermint/ui/src/components/TmDataEmpty/TmDataEmpty.vue?vue&type=script&lang=js
<s> [webpack.Progress] 65% building 726/780 modules 54 active /workspace/project/xian-explorer/node_modules/cache-loader/dist/cjs.js??ref--12-0!/workspace/project/xian-explorer/node_modules/babel-loader/lib/index.js!/workspace/project/xian-explorer/node_modules/cache-loader/dist/cjs.js??ref--0-0!/workspace/project/xian-explorer/node_modules/vue-loader/lib/index.js??vue-loader-options!/workspace/project/xian-explorer/node_modules/@tendermint/ui/src/components/TmCountdown/TmCountdown.vue?vue&type=script&lang=js
<s> [webpack.Progress] 65% building 727/780 modules 53 active /workspace/project/xian-explorer/node_modules/cache-loader/dist/cjs.js??ref--12-0!/workspace/project/xian-explorer/node_modules/babel-loader/lib/index.js!/workspace/project/xian-explorer/node_modules/cache-loader/dist/cjs.js??ref--0-0!/workspace/project/xian-explorer/node_modules/vue-loader/lib/index.js??vue-loader-options!/workspace/project/xian-explorer/node_modules/@tendermint/ui/src/components/TmCountdown/TmCountdown.vue?vue&type=script&lang=js
<s> [webpack.Progress] 65% building 727/781 modules 54 active /workspace/project/xian-explorer/node_modules/vue-loader/lib/loaders/pitcher.js??ref--4!/workspace/project/xian-explorer/node_modules/vue-style-loader/index.js??ref--11-oneOf-1-0!/workspace/project/xian-explorer/node_modules/css-loader/index.js??ref--11-oneOf-1-1!/workspace/project/xian-explorer/node_modules/postcss-loader/src/index.js??ref--11-oneOf-1-2!/workspace/project/xian-explorer/node_modules/stylus-loader/index.js??ref--11-oneOf-1-3!/workspace/project/xian-explorer/node_modules/cache-loader/dist/cjs.js??ref--0-0!/workspace/project/xian-explorer/node_modules/vue-loader/lib/index.js??vue-loader-options!/workspace/project/xian-explorer/node_modules/@tendermint/ui/src/components/TmDataMsg/TmDataMsg.vue?vue&type=style&index=0&id=02a0d78a&lang=stylus
<s> [webpack.Progress] 65% building 728/781 modules 53 active /workspace/project/xian-explorer/node_modules/cache-loader/dist/cjs.js??ref--12-0!/workspace/project/xian-explorer/node_modules/babel-loader/lib/index.js!/workspace/project/xian-explorer/node_modules/cache-loader/dist/cjs.js??ref--0-0!/workspace/project/xian-explorer/node_modules/vue-loader/lib/index.js??vue-loader-options!/workspace/project/xian-explorer/node_modules/@tendermint/ui/src/components/TmCountdown/TmCountdown.vue?vue&type=script&lang=js
<s> [webpack.Progress] 65% building 728/782 modules 54 active /workspace/project/xian-explorer/node_modules/vue-style-loader/index.js??ref--11-oneOf-1-0!/workspace/project/xian-explorer/node_modules/css-loader/index.js??ref--11-oneOf-1-1!/workspace/project/xian-explorer/node_modules/vue-loader/lib/loaders/stylePostLoader.js!/workspace/project/xian-explorer/node_modules/postcss-loader/src/index.js??ref--11-oneOf-1-2!/workspace/project/xian-explorer/node_modules/stylus-loader/index.js??ref--11-oneOf-1-3!/workspace/project/xian-explorer/node_modules/cache-loader/dist/cjs.js??ref--0-0!/workspace/project/xian-explorer/node_modules/vue-loader/lib/index.js??vue-loader-options!/workspace/project/xian-explorer/node_modules/@tendermint/ui/src/components/TmDataMsg/TmDataMsg.vue?vue&type=style&index=0&id=02a0d78a&lang=stylus
<s> [webpack.Progress] 65% building 729/782 modules 53 active /workspace/project/xian-explorer/node_modules/cache-loader/dist/cjs.js??ref--12-0!/workspace/project/xian-explorer/node_modules/babel-loader/lib/index.js!/workspace/project/xian-explorer/node_modules/cache-loader/dist/cjs.js??ref--0-0!/workspace/project/xian-explorer/node_modules/vue-loader/lib/index.js??vue-loader-options!/workspace/project/xian-explorer/node_modules/@tendermint/ui/src/components/TmCountdown/TmCountdown.vue?vue&type=script&lang=js
<s> [webpack.Progress] 65% building 729/783 modules 54 active /workspace/project/xian-explorer/node_modules/css-loader/index.js??ref--11-oneOf-1-1!/workspace/project/xian-explorer/node_modules/vue-loader/lib/loaders/stylePostLoader.js!/workspace/project/xian-explorer/node_modules/postcss-loader/src/index.js??ref--11-oneOf-1-2!/workspace/project/xian-explorer/node_modules/stylus-loader/index.js??ref--11-oneOf-1-3!/workspace/project/xian-explorer/node_modules/cache-loader/dist/cjs.js??ref--0-0!/workspace/project/xian-explorer/node_modules/vue-loader/lib/index.js??vue-loader-options!/workspace/project/xian-explorer/node_modules/@tendermint/ui/src/components/TmDataMsg/TmDataMsg.vue?vue&type=style&index=0&id=02a0d78a&lang=stylus
<s> [webpack.Progress] 65% building 729/784 modules 55 active /workspace/project/xian-explorer/node_modules/vue-loader/lib/loaders/pitcher.js??ref--4!/workspace/project/xian-explorer/node_modules/cache-loader/dist/cjs.js??ref--12-0!/workspace/project/xian-explorer/node_modules/babel-loader/lib/index.js!/workspace/project/xian-explorer/node_modules/cache-loader/dist/cjs.js??ref--0-0!/workspace/project/xian-explorer/node_modules/vue-loader/lib/index.js??vue-loader-options!/workspace/project/xian-explorer/node_modules/@tendermint/ui/src/components/TmDataMsg/TmDataMsg.vue?vue&type=script&lang=js
<s> [webpack.Progress] 65% building 730/784 modules 54 active /workspace/project/xian-explorer/node_modules/css-loader/index.js??ref--11-oneOf-1-1!/workspace/project/xian-explorer/node_modules/vue-loader/lib/loaders/stylePostLoader.js!/workspace/project/xian-explorer/node_modules/postcss-loader/src/index.js??ref--11-oneOf-1-2!/workspace/project/xian-explorer/node_modules/stylus-loader/index.js??ref--11-oneOf-1-3!/workspace/project/xian-explorer/node_modules/cache-loader/dist/cjs.js??ref--0-0!/workspace/project/xian-explorer/node_modules/vue-loader/lib/index.js??vue-loader-options!/workspace/project/xian-explorer/node_modules/@tendermint/ui/src/components/TmDataMsg/TmDataMsg.vue?vue&type=style&index=0&id=02a0d78a&lang=stylus
<s> [webpack.Progress] 65% building 730/785 modules 55 active /workspace/project/xian-explorer/node_modules/cache-loader/dist/cjs.js??ref--12-0!/workspace/project/xian-explorer/node_modules/babel-loader/lib/index.js!/workspace/project/xian-explorer/node_modules/cache-loader/dist/cjs.js??ref--0-0!/workspace/project/xian-explorer/node_modules/vue-loader/lib/index.js??vue-loader-options!/workspace/project/xian-explorer/node_modules/@tendermint/ui/src/components/TmDataMsg/TmDataMsg.vue?vue&type=script&lang=js
<s> [webpack.Progress] 65% building 731/785 modules 54 active /workspace/project/xian-explorer/node_modules/cache-loader/dist/cjs.js??ref--12-0!/workspace/project/xian-explorer/node_modules/babel-loader/lib/index.js!/workspace/project/xian-explorer/node_modules/cache-loader/dist/cjs.js??ref--0-0!/workspace/project/xian-explorer/node_modules/vue-loader/lib/index.js??vue-loader-options!/workspace/project/xian-explorer/node_modules/@tendermint/ui/src/components/TmDataMsg/TmDataMsg.vue?vue&type=script&lang=js
<s> [webpack.Progress] 65% building 732/785 modules 53 active /workspace/project/xian-explorer/node_modules/cache-loader/dist/cjs.js??ref--12-0!/workspace/project/xian-explorer/node_modules/babel-loader/lib/index.js!/workspace/project/xian-explorer/node_modules/cache-loader/dist/cjs.js??ref--0-0!/workspace/project/xian-explorer/node_modules/vue-loader/lib/index.js??vue-loader-options!/workspace/project/xian-explorer/node_modules/@tendermint/ui/src/components/TmDataMsg/TmDataMsg.vue?vue&type=script&lang=js
<s> [webpack.Progress] 65% building 732/786 modules 54 active /workspace/project/xian-explorer/node_modules/vue-loader/lib/loaders/pitcher.js??ref--4!/workspace/project/xian-explorer/node_modules/vue-style-loader/index.js??ref--11-oneOf-1-0!/workspace/project/xian-explorer/node_modules/css-loader/index.js??ref--11-oneOf-1-1!/workspace/project/xian-explorer/node_modules/postcss-loader/src/index.js??ref--11-oneOf-1-2!/workspace/project/xian-explorer/node_modules/stylus-loader/index.js??ref--11-oneOf-1-3!/workspace/project/xian-explorer/node_modules/cache-loader/dist/cjs.js??ref--0-0!/workspace/project/xian-explorer/node_modules/vue-loader/lib/index.js??vue-loader-options!/workspace/project/xian-explorer/node_modules/@tendermint/ui/src/components/TmCookieConsent/TmCookieConsent.vue?vue&type=style&index=0&id=5ccd06f0&lang=stylus
<s> [webpack.Progress] 65% building 733/786 modules 53 active /workspace/project/xian-explorer/node_modules/cache-loader/dist/cjs.js??ref--12-0!/workspace/project/xian-explorer/node_modules/babel-loader/lib/index.js!/workspace/project/xian-explorer/node_modules/cache-loader/dist/cjs.js??ref--0-0!/workspace/project/xian-explorer/node_modules/vue-loader/lib/index.js??vue-loader-options!/workspace/project/xian-explorer/node_modules/@tendermint/ui/src/components/TmDataMsg/TmDataMsg.vue?vue&type=script&lang=js
<s> [webpack.Progress] 65% building 733/787 modules 54 active /workspace/project/xian-explorer/node_modules/vue-style-loader/index.js??ref--11-oneOf-1-0!/workspace/project/xian-explorer/node_modules/css-loader/index.js??ref--11-oneOf-1-1!/workspace/project/xian-explorer/node_modules/vue-loader/lib/loaders/stylePostLoader.js!/workspace/project/xian-explorer/node_modules/postcss-loader/src/index.js??ref--11-oneOf-1-2!/workspace/project/xian-explorer/node_modules/stylus-loader/index.js??ref--11-oneOf-1-3!/workspace/project/xian-explorer/node_modules/cache-loader/dist/cjs.js??ref--0-0!/workspace/project/xian-explorer/node_modules/vue-loader/lib/index.js??vue-loader-options!/workspace/project/xian-explorer/node_modules/@tendermint/ui/src/components/TmCookieConsent/TmCookieConsent.vue?vue&type=style&index=0&id=5ccd06f0&lang=stylus
<s> [webpack.Progress] 65% building 734/787 modules 53 active /workspace/project/xian-explorer/node_modules/cache-loader/dist/cjs.js??ref--12-0!/workspace/project/xian-explorer/node_modules/babel-loader/lib/index.js!/workspace/project/xian-explorer/node_modules/cache-loader/dist/cjs.js??ref--0-0!/workspace/project/xian-explorer/node_modules/vue-loader/lib/index.js??vue-loader-options!/workspace/project/xian-explorer/node_modules/@tendermint/ui/src/components/TmDataMsg/TmDataMsg.vue?vue&type=script&lang=js
<s> [webpack.Progress] 65% building 734/788 modules 54 active /workspace/project/xian-explorer/node_modules/css-loader/index.js??ref--11-oneOf-1-1!/workspace/project/xian-explorer/node_modules/vue-loader/lib/loaders/stylePostLoader.js!/workspace/project/xian-explorer/node_modules/postcss-loader/src/index.js??ref--11-oneOf-1-2!/workspace/project/xian-explorer/node_modules/stylus-loader/index.js??ref--11-oneOf-1-3!/workspace/project/xian-explorer/node_modules/cache-loader/dist/cjs.js??ref--0-0!/workspace/project/xian-explorer/node_modules/vue-loader/lib/index.js??vue-loader-options!/workspace/project/xian-explorer/node_modules/@tendermint/ui/src/components/TmCookieConsent/TmCookieConsent.vue?vue&type=style&index=0&id=5ccd06f0&lang=stylus
<s> [webpack.Progress] 65% building 734/789 modules 55 active /workspace/project/xian-explorer/node_modules/vue-loader/lib/loaders/pitcher.js??ref--4!/workspace/project/xian-explorer/node_modules/cache-loader/dist/cjs.js??ref--12-0!/workspace/project/xian-explorer/node_modules/babel-loader/lib/index.js!/workspace/project/xian-explorer/node_modules/cache-loader/dist/cjs.js??ref--0-0!/workspace/project/xian-explorer/node_modules/vue-loader/lib/index.js??vue-loader-options!/workspace/project/xian-explorer/node_modules/@tendermint/ui/src/components/TmCookieConsent/TmCookieConsent.vue?vue&type=script&lang=js
<s> [webpack.Progress] 65% building 735/789 modules 54 active /workspace/project/xian-explorer/node_modules/css-loader/index.js??ref--11-oneOf-1-1!/workspace/project/xian-explorer/node_modules/vue-loader/lib/loaders/stylePostLoader.js!/workspace/project/xian-explorer/node_modules/postcss-loader/src/index.js??ref--11-oneOf-1-2!/workspace/project/xian-explorer/node_modules/stylus-loader/index.js??ref--11-oneOf-1-3!/workspace/project/xian-explorer/node_modules/cache-loader/dist/cjs.js??ref--0-0!/workspace/project/xian-explorer/node_modules/vue-loader/lib/index.js??vue-loader-options!/workspace/project/xian-explorer/node_modules/@tendermint/ui/src/components/TmCookieConsent/TmCookieConsent.vue?vue&type=style&index=0&id=5ccd06f0&lang=stylus
<s> [webpack.Progress] 65% building 735/790 modules 55 active /workspace/project/xian-explorer/node_modules/cache-loader/dist/cjs.js??ref--12-0!/workspace/project/xian-explorer/node_modules/babel-loader/lib/index.js!/workspace/project/xian-explorer/node_modules/cache-loader/dist/cjs.js??ref--0-0!/workspace/project/xian-explorer/node_modules/vue-loader/lib/index.js??vue-loader-options!/workspace/project/xian-explorer/node_modules/@tendermint/ui/src/components/TmCookieConsent/TmCookieConsent.vue?vue&type=script&lang=js
<s> [webpack.Progress] 65% building 735/791 modules 56 active /workspace/project/xian-explorer/node_modules/has-symbols/shams.js
<s> [webpack.Progress] 65% building 735/792 modules 57 active /workspace/project/xian-explorer/node_modules/sha.js/sha.js
<s> [webpack.Progress] 65% building 736/792 modules 56 active /workspace/project/xian-explorer/node_modules/sha.js/sha.js
<s> [webpack.Progress] 65% building 736/793 modules 57 active /workspace/project/xian-explorer/node_modules/sha.js/sha512.js
<s> [webpack.Progress] 65% building 737/793 modules 56 active /workspace/project/xian-explorer/node_modules/sha.js/sha512.js
<s> [webpack.Progress] 65% building 737/794 modules 57 active /workspace/project/xian-explorer/node_modules/vue-loader/lib/loaders/pitcher.js??ref--4!/workspace/project/xian-explorer/node_modules/vue-style-loader/index.js??ref--11-oneOf-1-0!/workspace/project/xian-explorer/node_modules/css-loader/index.js??ref--11-oneOf-1-1!/workspace/project/xian-explorer/node_modules/postcss-loader/src/index.js??ref--11-oneOf-1-2!/workspace/project/xian-explorer/node_modules/stylus-loader/index.js??ref--11-oneOf-1-3!/workspace/project/xian-explorer/node_modules/cache-loader/dist/cjs.js??ref--0-0!/workspace/project/xian-explorer/node_modules/vue-loader/lib/index.js??vue-loader-options!/workspace/project/xian-explorer/node_modules/@tendermint/ui/src/components/TmBtn/TmBtn.vue?vue&type=style&index=0&id=258e7c14&lang=stylus
<s> [webpack.Progress] 65% building 738/794 modules 56 active /workspace/project/xian-explorer/node_modules/sha.js/sha512.js
<s> [webpack.Progress] 65% building 738/795 modules 57 active /workspace/project/xian-explorer/node_modules/vue-style-loader/index.js??ref--11-oneOf-1-0!/workspace/project/xian-explorer/node_modules/css-loader/index.js??ref--11-oneOf-1-1!/workspace/project/xian-explorer/node_modules/vue-loader/lib/loaders/stylePostLoader.js!/workspace/project/xian-explorer/node_modules/postcss-loader/src/index.js??ref--11-oneOf-1-2!/workspace/project/xian-explorer/node_modules/stylus-loader/index.js??ref--11-oneOf-1-3!/workspace/project/xian-explorer/node_modules/cache-loader/dist/cjs.js??ref--0-0!/workspace/project/xian-explorer/node_modules/vue-loader/lib/index.js??vue-loader-options!/workspace/project/xian-explorer/node_modules/@tendermint/ui/src/components/TmBtn/TmBtn.vue?vue&type=style&index=0&id=258e7c14&lang=stylus
<s> [webpack.Progress] 65% building 739/795 modules 56 active /workspace/project/xian-explorer/node_modules/sha.js/sha512.js
<s> [webpack.Progress] 65% building 739/796 modules 57 active /workspace/project/xian-explorer/node_modules/css-loader/index.js??ref--11-oneOf-1-1!/workspace/project/xian-explorer/node_modules/vue-loader/lib/loaders/stylePostLoader.js!/workspace/project/xian-explorer/node_modules/postcss-loader/src/index.js??ref--11-oneOf-1-2!/workspace/project/xian-explorer/node_modules/stylus-loader/index.js??ref--11-oneOf-1-3!/workspace/project/xian-explorer/node_modules/cache-loader/dist/cjs.js??ref--0-0!/workspace/project/xian-explorer/node_modules/vue-loader/lib/index.js??vue-loader-options!/workspace/project/xian-explorer/node_modules/@tendermint/ui/src/components/TmBtn/TmBtn.vue?vue&type=style&index=0&id=258e7c14&lang=stylus
<s> [webpack.Progress] 65% building 739/797 modules 58 active /workspace/project/xian-explorer/node_modules/sha.js/sha384.js
<s> [webpack.Progress] 65% building 740/797 modules 57 active /workspace/project/xian-explorer/node_modules/sha.js/sha384.js
<s> [webpack.Progress] 65% building 740/798 modules 58 active /workspace/project/xian-explorer/node_modules/sha.js/sha256.js
<s> [webpack.Progress] 65% building 740/799 modules 59 active /workspace/project/xian-explorer/node_modules/sha.js/sha224.js
<s> [webpack.Progress] 65% building 741/799 modules 58 active /workspace/project/xian-explorer/node_modules/sha.js/sha224.js
<s> [webpack.Progress] 65% building 741/800 modules 59 active /workspace/project/xian-explorer/node_modules/sha.js/sha1.js
<s> [webpack.Progress] 65% building 742/800 modules 58 active /workspace/project/xian-explorer/node_modules/sha.js/sha1.js
<s> [webpack.Progress] 65% building 743/800 modules 57 active /workspace/project/xian-explorer/node_modules/sha.js/sha1.js
<s> [webpack.Progress] 65% building 744/800 modules 56 active /workspace/project/xian-explorer/node_modules/sha.js/sha1.js
<s> [webpack.Progress] 65% building 744/801 modules 57 active /workspace/project/xian-explorer/node_modules/md5.js/index.js
<s> [webpack.Progress] 65% building 745/801 modules 56 active /workspace/project/xian-explorer/node_modules/md5.js/index.js
<s> [webpack.Progress] 65% building 746/801 modules 55 active /workspace/project/xian-explorer/node_modules/md5.js/index.js
<s> [webpack.Progress] 65% building 746/802 modules 56 active /workspace/project/xian-explorer/node_modules/vue-loader/lib/loaders/pitcher.js??ref--4!/workspace/project/xian-explorer/node_modules/cache-loader/dist/cjs.js??ref--12-0!/workspace/project/xian-explorer/node_modules/babel-loader/lib/index.js!/workspace/project/xian-explorer/node_modules/cache-loader/dist/cjs.js??ref--0-0!/workspace/project/xian-explorer/node_modules/vue-loader/lib/index.js??vue-loader-options!/workspace/project/xian-explorer/node_modules/@tendermint/ui/src/components/TmBtn/TmBtn.vue?vue&type=script&lang=js
<s> [webpack.Progress] 65% building 747/802 modules 55 active /workspace/project/xian-explorer/node_modules/md5.js/index.js
<s> [webpack.Progress] 65% building 747/803 modules 56 active /workspace/project/xian-explorer/node_modules/cache-loader/dist/cjs.js??ref--12-0!/workspace/project/xian-explorer/node_modules/babel-loader/lib/index.js!/workspace/project/xian-explorer/node_modules/cache-loader/dist/cjs.js??ref--0-0!/workspace/project/xian-explorer/node_modules/vue-loader/lib/index.js??vue-loader-options!/workspace/project/xian-explorer/node_modules/@tendermint/ui/src/components/TmBtn/TmBtn.vue?vue&type=script&lang=js
<s> [webpack.Progress] 65% building 748/803 modules 55 active /workspace/project/xian-explorer/node_modules/cache-loader/dist/cjs.js??ref--12-0!/workspace/project/xian-explorer/node_modules/babel-loader/lib/index.js!/workspace/project/xian-explorer/node_modules/cache-loader/dist/cjs.js??ref--0-0!/workspace/project/xian-explorer/node_modules/vue-loader/lib/index.js??vue-loader-options!/workspace/project/xian-explorer/node_modules/@tendermint/ui/src/components/TmBtn/TmBtn.vue?vue&type=script&lang=js
<s> [webpack.Progress] 65% building 749/803 modules 54 active /workspace/project/xian-explorer/node_modules/cache-loader/dist/cjs.js??ref--12-0!/workspace/project/xian-explorer/node_modules/babel-loader/lib/index.js!/workspace/project/xian-explorer/node_modules/cache-loader/dist/cjs.js??ref--0-0!/workspace/project/xian-explorer/node_modules/vue-loader/lib/index.js??vue-loader-options!/workspace/project/xian-explorer/node_modules/@tendermint/ui/src/components/TmBtn/TmBtn.vue?vue&type=script&lang=js
<s> [webpack.Progress] 66% building 750/803 modules 53 active /workspace/project/xian-explorer/node_modules/cache-loader/dist/cjs.js??ref--12-0!/workspace/project/xian-explorer/node_modules/babel-loader/lib/index.js!/workspace/project/xian-explorer/node_modules/cache-loader/dist/cjs.js??ref--0-0!/workspace/project/xian-explorer/node_modules/vue-loader/lib/index.js??vue-loader-options!/workspace/project/xian-explorer/node_modules/@tendermint/ui/src/components/TmBtn/TmBtn.vue?vue&type=script&lang=js
<s> [webpack.Progress] 66% building 751/803 modules 52 active /workspace/project/xian-explorer/node_modules/cache-loader/dist/cjs.js??ref--12-0!/workspace/project/xian-explorer/node_modules/babel-loader/lib/index.js!/workspace/project/xian-explorer/node_modules/cache-loader/dist/cjs.js??ref--0-0!/workspace/project/xian-explorer/node_modules/vue-loader/lib/index.js??vue-loader-options!/workspace/project/xian-explorer/node_modules/@tendermint/ui/src/components/TmBtn/TmBtn.vue?vue&type=script&lang=js
<s> [webpack.Progress] 66% building 751/804 modules 53 active /workspace/project/xian-explorer/node_modules/function-bind/implementation.js
<s> [webpack.Progress] 65% building 751/805 modules 54 active /workspace/project/xian-explorer/node_modules/tiny-emitter/index.js
<s> [webpack.Progress] 66% building 752/805 modules 53 active /workspace/project/xian-explorer/node_modules/tiny-emitter/index.js
<s> [webpack.Progress] 66% building 753/805 modules 52 active /workspace/project/xian-explorer/node_modules/tiny-emitter/index.js
<s> [webpack.Progress] 66% building 754/805 modules 51 active /workspace/project/xian-explorer/node_modules/tiny-emitter/index.js
<s> [webpack.Progress] 66% building 754/806 modules 52 active /workspace/project/xian-explorer/node_modules/good-listener/src/listen.js
<s> [webpack.Progress] 66% building 755/806 modules 51 active /workspace/project/xian-explorer/node_modules/good-listener/src/listen.js
<s> [webpack.Progress] 66% building 756/806 modules 50 active /workspace/project/xian-explorer/node_modules/good-listener/src/listen.js
<s> [webpack.Progress] 66% building 756/807 modules 51 active /workspace/project/xian-explorer/node_modules/vue-loader/lib/loaders/pitcher.js??ref--4!/workspace/project/xian-explorer/node_modules/cache-loader/dist/cjs.js??ref--12-0!/workspace/project/xian-explorer/node_modules/babel-loader/lib/index.js!/workspace/project/xian-explorer/node_modules/cache-loader/dist/cjs.js??ref--0-0!/workspace/project/xian-explorer/node_modules/vue-loader/lib/index.js??vue-loader-options!/workspace/project/xian-explorer/node_modules/@tendermint/ui/src/components/TmBlocks/TmBlocks.vue?vue&type=script&lang=js
<s> [webpack.Progress] 66% building 757/807 modules 50 active /workspace/project/xian-explorer/node_modules/good-listener/src/listen.js
<s> [webpack.Progress] 66% building 757/808 modules 51 active /workspace/project/xian-explorer/node_modules/cache-loader/dist/cjs.js??ref--12-0!/workspace/project/xian-explorer/node_modules/babel-loader/lib/index.js!/workspace/project/xian-explorer/node_modules/cache-loader/dist/cjs.js??ref--0-0!/workspace/project/xian-explorer/node_modules/vue-loader/lib/index.js??vue-loader-options!/workspace/project/xian-explorer/node_modules/@tendermint/ui/src/components/TmBlocks/TmBlocks.vue?vue&type=script&lang=js
<s> [webpack.Progress] 66% building 758/808 modules 50 active /workspace/project/xian-explorer/node_modules/cache-loader/dist/cjs.js??ref--12-0!/workspace/project/xian-explorer/node_modules/babel-loader/lib/index.js!/workspace/project/xian-explorer/node_modules/cache-loader/dist/cjs.js??ref--0-0!/workspace/project/xian-explorer/node_modules/vue-loader/lib/index.js??vue-loader-options!/workspace/project/xian-explorer/node_modules/@tendermint/ui/src/components/TmBlocks/TmBlocks.vue?vue&type=script&lang=js
<s> [webpack.Progress] 66% building 759/808 modules 49 active /workspace/project/xian-explorer/node_modules/cache-loader/dist/cjs.js??ref--12-0!/workspace/project/xian-explorer/node_modules/babel-loader/lib/index.js!/workspace/project/xian-explorer/node_modules/cache-loader/dist/cjs.js??ref--0-0!/workspace/project/xian-explorer/node_modules/vue-loader/lib/index.js??vue-loader-options!/workspace/project/xian-explorer/node_modules/@tendermint/ui/src/components/TmBlocks/TmBlocks.vue?vue&type=script&lang=js
<s> [webpack.Progress] 66% building 760/808 modules 48 active /workspace/project/xian-explorer/node_modules/cache-loader/dist/cjs.js??ref--12-0!/workspace/project/xian-explorer/node_modules/babel-loader/lib/index.js!/workspace/project/xian-explorer/node_modules/cache-loader/dist/cjs.js??ref--0-0!/workspace/project/xian-explorer/node_modules/vue-loader/lib/index.js??vue-loader-options!/workspace/project/xian-explorer/node_modules/@tendermint/ui/src/components/TmBlocks/TmBlocks.vue?vue&type=script&lang=js
<s> [webpack.Progress] 66% building 761/808 modules 47 active /workspace/project/xian-explorer/node_modules/cache-loader/dist/cjs.js??ref--12-0!/workspace/project/xian-explorer/node_modules/babel-loader/lib/index.js!/workspace/project/xian-explorer/node_modules/cache-loader/dist/cjs.js??ref--0-0!/workspace/project/xian-explorer/node_modules/vue-loader/lib/index.js??vue-loader-options!/workspace/project/xian-explorer/node_modules/@tendermint/ui/src/components/TmBlocks/TmBlocks.vue?vue&type=script&lang=js
<s> [webpack.Progress] 66% building 761/809 modules 48 active /workspace/project/xian-explorer/node_modules/vue-loader/lib/loaders/pitcher.js??ref--4!/workspace/project/xian-explorer/node_modules/vue-style-loader/index.js??ref--11-oneOf-1-0!/workspace/project/xian-explorer/node_modules/css-loader/index.js??ref--11-oneOf-1-1!/workspace/project/xian-explorer/node_modules/postcss-loader/src/index.js??ref--11-oneOf-1-2!/workspace/project/xian-explorer/node_modules/stylus-loader/index.js??ref--11-oneOf-1-3!/workspace/project/xian-explorer/node_modules/cache-loader/dist/cjs.js??ref--0-0!/workspace/project/xian-explorer/node_modules/vue-loader/lib/index.js??vue-loader-options!/workspace/project/xian-explorer/node_modules/@tendermint/ui/src/components/TmBarDiscrete/TmBarDiscrete.vue?vue&type=style&index=0&id=e43c4098&lang=stylus
<s> [webpack.Progress] 66% building 762/809 modules 47 active /workspace/project/xian-explorer/node_modules/cache-loader/dist/cjs.js??ref--12-0!/workspace/project/xian-explorer/node_modules/babel-loader/lib/index.js!/workspace/project/xian-explorer/node_modules/cache-loader/dist/cjs.js??ref--0-0!/workspace/project/xian-explorer/node_modules/vue-loader/lib/index.js??vue-loader-options!/workspace/project/xian-explorer/node_modules/@tendermint/ui/src/components/TmBlocks/TmBlocks.vue?vue&type=script&lang=js
<s> [webpack.Progress] 66% building 762/810 modules 48 active /workspace/project/xian-explorer/node_modules/vue-style-loader/index.js??ref--11-oneOf-1-0!/workspace/project/xian-explorer/node_modules/css-loader/index.js??ref--11-oneOf-1-1!/workspace/project/xian-explorer/node_modules/vue-loader/lib/loaders/stylePostLoader.js!/workspace/project/xian-explorer/node_modules/postcss-loader/src/index.js??ref--11-oneOf-1-2!/workspace/project/xian-explorer/node_modules/stylus-loader/index.js??ref--11-oneOf-1-3!/workspace/project/xian-explorer/node_modules/cache-loader/dist/cjs.js??ref--0-0!/workspace/project/xian-explorer/node_modules/vue-loader/lib/index.js??vue-loader-options!/workspace/project/xian-explorer/node_modules/@tendermint/ui/src/components/TmBarDiscrete/TmBarDiscrete.vue?vue&type=style&index=0&id=e43c4098&lang=stylus
<s> [webpack.Progress] 66% building 763/810 modules 47 active /workspace/project/xian-explorer/node_modules/cache-loader/dist/cjs.js??ref--12-0!/workspace/project/xian-explorer/node_modules/babel-loader/lib/index.js!/workspace/project/xian-explorer/node_modules/cache-loader/dist/cjs.js??ref--0-0!/workspace/project/xian-explorer/node_modules/vue-loader/lib/index.js??vue-loader-options!/workspace/project/xian-explorer/node_modules/@tendermint/ui/src/components/TmBlocks/TmBlocks.vue?vue&type=script&lang=js
<s> [webpack.Progress] 66% building 763/811 modules 48 active /workspace/project/xian-explorer/node_modules/css-loader/index.js??ref--11-oneOf-1-1!/workspace/project/xian-explorer/node_modules/vue-loader/lib/loaders/stylePostLoader.js!/workspace/project/xian-explorer/node_modules/postcss-loader/src/index.js??ref--11-oneOf-1-2!/workspace/project/xian-explorer/node_modules/stylus-loader/index.js??ref--11-oneOf-1-3!/workspace/project/xian-explorer/node_modules/cache-loader/dist/cjs.js??ref--0-0!/workspace/project/xian-explorer/node_modules/vue-loader/lib/index.js??vue-loader-options!/workspace/project/xian-explorer/node_modules/@tendermint/ui/src/components/TmBarDiscrete/TmBarDiscrete.vue?vue&type=style&index=0&id=e43c4098&lang=stylus
<s> [webpack.Progress] 66% building 764/811 modules 47 active /workspace/project/xian-explorer/node_modules/css-loader/index.js??ref--11-oneOf-1-1!/workspace/project/xian-explorer/node_modules/vue-loader/lib/loaders/stylePostLoader.js!/workspace/project/xian-explorer/node_modules/postcss-loader/src/index.js??ref--11-oneOf-1-2!/workspace/project/xian-explorer/node_modules/stylus-loader/index.js??ref--11-oneOf-1-3!/workspace/project/xian-explorer/node_modules/cache-loader/dist/cjs.js??ref--0-0!/workspace/project/xian-explorer/node_modules/vue-loader/lib/index.js??vue-loader-options!/workspace/project/xian-explorer/node_modules/@tendermint/ui/src/components/TmBarDiscrete/TmBarDiscrete.vue?vue&type=style&index=0&id=e43c4098&lang=stylus
<s> [webpack.Progress] 66% building 764/812 modules 48 active /workspace/project/xian-explorer/node_modules/vue-loader/lib/loaders/pitcher.js??ref--4!/workspace/project/xian-explorer/node_modules/cache-loader/dist/cjs.js??ref--12-0!/workspace/project/xian-explorer/node_modules/babel-loader/lib/index.js!/workspace/project/xian-explorer/node_modules/cache-loader/dist/cjs.js??ref--0-0!/workspace/project/xian-explorer/node_modules/vue-loader/lib/index.js??vue-loader-options!/workspace/project/xian-explorer/node_modules/@tendermint/ui/src/components/TmBarDiscrete/TmBarDiscrete.vue?vue&type=script&lang=js
<s> [webpack.Progress] 66% building 765/812 modules 47 active /workspace/project/xian-explorer/node_modules/css-loader/index.js??ref--11-oneOf-1-1!/workspace/project/xian-explorer/node_modules/vue-loader/lib/loaders/stylePostLoader.js!/workspace/project/xian-explorer/node_modules/postcss-loader/src/index.js??ref--11-oneOf-1-2!/workspace/project/xian-explorer/node_modules/stylus-loader/index.js??ref--11-oneOf-1-3!/workspace/project/xian-explorer/node_modules/cache-loader/dist/cjs.js??ref--0-0!/workspace/project/xian-explorer/node_modules/vue-loader/lib/index.js??vue-loader-options!/workspace/project/xian-explorer/node_modules/@tendermint/ui/src/components/TmBarDiscrete/TmBarDiscrete.vue?vue&type=style&index=0&id=e43c4098&lang=stylus
<s> [webpack.Progress] 66% building 765/813 modules 48 active /workspace/project/xian-explorer/node_modules/cache-loader/dist/cjs.js??ref--12-0!/workspace/project/xian-explorer/node_modules/babel-loader/lib/index.js!/workspace/project/xian-explorer/node_modules/cache-loader/dist/cjs.js??ref--0-0!/workspace/project/xian-explorer/node_modules/vue-loader/lib/index.js??vue-loader-options!/workspace/project/xian-explorer/node_modules/@tendermint/ui/src/components/TmBarDiscrete/TmBarDiscrete.vue?vue&type=script&lang=js
<s> [webpack.Progress] 66% building 766/813 modules 47 active /workspace/project/xian-explorer/node_modules/cache-loader/dist/cjs.js??ref--12-0!/workspace/project/xian-explorer/node_modules/babel-loader/lib/index.js!/workspace/project/xian-explorer/node_modules/cache-loader/dist/cjs.js??ref--0-0!/workspace/project/xian-explorer/node_modules/vue-loader/lib/index.js??vue-loader-options!/workspace/project/xian-explorer/node_modules/@tendermint/ui/src/components/TmBarDiscrete/TmBarDiscrete.vue?vue&type=script&lang=js
<s> [webpack.Progress] 66% building 767/813 modules 46 active /workspace/project/xian-explorer/node_modules/cache-loader/dist/cjs.js??ref--12-0!/workspace/project/xian-explorer/node_modules/babel-loader/lib/index.js!/workspace/project/xian-explorer/node_modules/cache-loader/dist/cjs.js??ref--0-0!/workspace/project/xian-explorer/node_modules/vue-loader/lib/index.js??vue-loader-options!/workspace/project/xian-explorer/node_modules/@tendermint/ui/src/components/TmBarDiscrete/TmBarDiscrete.vue?vue&type=script&lang=js
<s> [webpack.Progress] 66% building 767/814 modules 47 active /workspace/project/xian-explorer/node_modules/vue-loader/lib/loaders/pitcher.js??ref--4!/workspace/project/xian-explorer/node_modules/cache-loader/dist/cjs.js??ref--12-0!/workspace/project/xian-explorer/node_modules/babel-loader/lib/index.js!/workspace/project/xian-explorer/node_modules/cache-loader/dist/cjs.js??ref--0-0!/workspace/project/xian-explorer/node_modules/vue-loader/lib/index.js??vue-loader-options!/workspace/project/xian-explorer/node_modules/@tendermint/ui/src/components/TmBlock/TmBlock.vue?vue&type=script&lang=js
<s> [webpack.Progress] 66% building 768/814 modules 46 active /workspace/project/xian-explorer/node_modules/cache-loader/dist/cjs.js??ref--12-0!/workspace/project/xian-explorer/node_modules/babel-loader/lib/index.js!/workspace/project/xian-explorer/node_modules/cache-loader/dist/cjs.js??ref--0-0!/workspace/project/xian-explorer/node_modules/vue-loader/lib/index.js??vue-loader-options!/workspace/project/xian-explorer/node_modules/@tendermint/ui/src/components/TmBarDiscrete/TmBarDiscrete.vue?vue&type=script&lang=js
<s> [webpack.Progress] 66% building 768/815 modules 47 active /workspace/project/xian-explorer/node_modules/cache-loader/dist/cjs.js??ref--12-0!/workspace/project/xian-explorer/node_modules/babel-loader/lib/index.js!/workspace/project/xian-explorer/node_modules/cache-loader/dist/cjs.js??ref--0-0!/workspace/project/xian-explorer/node_modules/vue-loader/lib/index.js??vue-loader-options!/workspace/project/xian-explorer/node_modules/@tendermint/ui/src/components/TmBlock/TmBlock.vue?vue&type=script&lang=js
<s> [webpack.Progress] 66% building 769/815 modules 46 active /workspace/project/xian-explorer/node_modules/cache-loader/dist/cjs.js??ref--12-0!/workspace/project/xian-explorer/node_modules/babel-loader/lib/index.js!/workspace/project/xian-explorer/node_modules/cache-loader/dist/cjs.js??ref--0-0!/workspace/project/xian-explorer/node_modules/vue-loader/lib/index.js??vue-loader-options!/workspace/project/xian-explorer/node_modules/@tendermint/ui/src/components/TmBlock/TmBlock.vue?vue&type=script&lang=js
<s> [webpack.Progress] 66% building 770/815 modules 45 active /workspace/project/xian-explorer/node_modules/cache-loader/dist/cjs.js??ref--12-0!/workspace/project/xian-explorer/node_modules/babel-loader/lib/index.js!/workspace/project/xian-explorer/node_modules/cache-loader/dist/cjs.js??ref--0-0!/workspace/project/xian-explorer/node_modules/vue-loader/lib/index.js??vue-loader-options!/workspace/project/xian-explorer/node_modules/@tendermint/ui/src/components/TmBlock/TmBlock.vue?vue&type=script&lang=js
<s> [webpack.Progress] 66% building 771/815 modules 44 active /workspace/project/xian-explorer/node_modules/cache-loader/dist/cjs.js??ref--12-0!/workspace/project/xian-explorer/node_modules/babel-loader/lib/index.js!/workspace/project/xian-explorer/node_modules/cache-loader/dist/cjs.js??ref--0-0!/workspace/project/xian-explorer/node_modules/vue-loader/lib/index.js??vue-loader-options!/workspace/project/xian-explorer/node_modules/@tendermint/ui/src/components/TmBlock/TmBlock.vue?vue&type=script&lang=js
<s> [webpack.Progress] 66% building 772/815 modules 43 active /workspace/project/xian-explorer/node_modules/cache-loader/dist/cjs.js??ref--12-0!/workspace/project/xian-explorer/node_modules/babel-loader/lib/index.js!/workspace/project/xian-explorer/node_modules/cache-loader/dist/cjs.js??ref--0-0!/workspace/project/xian-explorer/node_modules/vue-loader/lib/index.js??vue-loader-options!/workspace/project/xian-explorer/node_modules/@tendermint/ui/src/components/TmBlock/TmBlock.vue?vue&type=script&lang=js
<s> [webpack.Progress] 66% building 773/815 modules 42 active /workspace/project/xian-explorer/node_modules/cache-loader/dist/cjs.js??ref--12-0!/workspace/project/xian-explorer/node_modules/babel-loader/lib/index.js!/workspace/project/xian-explorer/node_modules/cache-loader/dist/cjs.js??ref--0-0!/workspace/project/xian-explorer/node_modules/vue-loader/lib/index.js??vue-loader-options!/workspace/project/xian-explorer/node_modules/@tendermint/ui/src/components/TmBlock/TmBlock.vue?vue&type=script&lang=js
<s> [webpack.Progress] 66% building 774/815 modules 41 active /workspace/project/xian-explorer/node_modules/cache-loader/dist/cjs.js??ref--12-0!/workspace/project/xian-explorer/node_modules/babel-loader/lib/index.js!/workspace/project/xian-explorer/node_modules/cache-loader/dist/cjs.js??ref--0-0!/workspace/project/xian-explorer/node_modules/vue-loader/lib/index.js??vue-loader-options!/workspace/project/xian-explorer/node_modules/@tendermint/ui/src/components/TmBlock/TmBlock.vue?vue&type=script&lang=js
<s> [webpack.Progress] 66% building 774/816 modules 42 active /workspace/project/xian-explorer/node_modules/cache-loader/dist/cjs.js??ref--0-0!/workspace/project/xian-explorer/node_modules/vue-loader/lib/index.js??vue-loader-options!/workspace/project/xian-explorer/node_modules/@tendermint/ui/src/components/TmNotifications/TmNotification.vue
<s> [webpack.Progress] 66% building 775/816 modules 41 active /workspace/project/xian-explorer/node_modules/cache-loader/dist/cjs.js??ref--0-0!/workspace/project/xian-explorer/node_modules/vue-loader/lib/index.js??vue-loader-options!/workspace/project/xian-explorer/node_modules/@tendermint/ui/src/components/TmNotifications/TmNotification.vue
<s> [webpack.Progress] 67% building 776/816 modules 40 active /workspace/project/xian-explorer/node_modules/cache-loader/dist/cjs.js??ref--0-0!/workspace/project/xian-explorer/node_modules/vue-loader/lib/index.js??vue-loader-options!/workspace/project/xian-explorer/node_modules/@tendermint/ui/src/components/TmNotifications/TmNotification.vue
<s> [webpack.Progress] 67% building 777/816 modules 39 active /workspace/project/xian-explorer/node_modules/cache-loader/dist/cjs.js??ref--0-0!/workspace/project/xian-explorer/node_modules/vue-loader/lib/index.js??vue-loader-options!/workspace/project/xian-explorer/node_modules/@tendermint/ui/src/components/TmNotifications/TmNotification.vue
<s> [webpack.Progress] 67% building 778/816 modules 38 active /workspace/project/xian-explorer/node_modules/cache-loader/dist/cjs.js??ref--0-0!/workspace/project/xian-explorer/node_modules/vue-loader/lib/index.js??vue-loader-options!/workspace/project/xian-explorer/node_modules/@tendermint/ui/src/components/TmNotifications/TmNotification.vue
<s> [webpack.Progress] 67% building 779/816 modules 37 active /workspace/project/xian-explorer/node_modules/cache-loader/dist/cjs.js??ref--0-0!/workspace/project/xian-explorer/node_modules/vue-loader/lib/index.js??vue-loader-options!/workspace/project/xian-explorer/node_modules/@tendermint/ui/src/components/TmNotifications/TmNotification.vue
<s> [webpack.Progress] 67% building 780/816 modules 36 active /workspace/project/xian-explorer/node_modules/cache-loader/dist/cjs.js??ref--0-0!/workspace/project/xian-explorer/node_modules/vue-loader/lib/index.js??vue-loader-options!/workspace/project/xian-explorer/node_modules/@tendermint/ui/src/components/TmNotifications/TmNotification.vue
<s> [webpack.Progress] 67% building 781/816 modules 35 active /workspace/project/xian-explorer/node_modules/cache-loader/dist/cjs.js??ref--0-0!/workspace/project/xian-explorer/node_modules/vue-loader/lib/index.js??vue-loader-options!/workspace/project/xian-explorer/node_modules/@tendermint/ui/src/components/TmNotifications/TmNotification.vue
<s> [webpack.Progress] 67% building 782/816 modules 34 active /workspace/project/xian-explorer/node_modules/cache-loader/dist/cjs.js??ref--0-0!/workspace/project/xian-explorer/node_modules/vue-loader/lib/index.js??vue-loader-options!/workspace/project/xian-explorer/node_modules/@tendermint/ui/src/components/TmNotifications/TmNotification.vue
<s> [webpack.Progress] 67% building 783/816 modules 33 active /workspace/project/xian-explorer/node_modules/cache-loader/dist/cjs.js??ref--0-0!/workspace/project/xian-explorer/node_modules/vue-loader/lib/index.js??vue-loader-options!/workspace/project/xian-explorer/node_modules/@tendermint/ui/src/components/TmNotifications/TmNotification.vue
<s> [webpack.Progress] 67% building 784/816 modules 32 active /workspace/project/xian-explorer/node_modules/cache-loader/dist/cjs.js??ref--0-0!/workspace/project/xian-explorer/node_modules/vue-loader/lib/index.js??vue-loader-options!/workspace/project/xian-explorer/node_modules/@tendermint/ui/src/components/TmNotifications/TmNotification.vue
<s> [webpack.Progress] 67% building 784/817 modules 33 active /workspace/project/xian-explorer/node_modules/moment/locale/me.js
<s> [webpack.Progress] 67% building 785/817 modules 32 active /workspace/project/xian-explorer/node_modules/moment/locale/me.js
<s> [webpack.Progress] 67% building 785/818 modules 33 active /workspace/project/xian-explorer/node_modules/core-js/library/modules/_to-absolute-index.js
<s> [webpack.Progress] 67% building 786/818 modules 32 active /workspace/project/xian-explorer/node_modules/core-js/library/modules/_to-absolute-index.js
<s> [webpack.Progress] 67% building 786/819 modules 33 active /workspace/project/xian-explorer/node_modules/@tendermint/ui/src/components/TmField/countries.json
<s> [webpack.Progress] 67% building 787/819 modules 32 active /workspace/project/xian-explorer/node_modules/@tendermint/ui/src/components/TmField/countries.json
<s> [webpack.Progress] 67% building 788/819 modules 31 active /workspace/project/xian-explorer/node_modules/@tendermint/ui/src/components/TmField/countries.json
<s> [webpack.Progress] 67% building 789/819 modules 30 active /workspace/project/xian-explorer/node_modules/@tendermint/ui/src/components/TmField/countries.json
<s> [webpack.Progress] 67% building 790/819 modules 29 active /workspace/project/xian-explorer/node_modules/@tendermint/ui/src/components/TmField/countries.json
<s> [webpack.Progress] 67% building 791/819 modules 28 active /workspace/project/xian-explorer/node_modules/@tendermint/ui/src/components/TmField/countries.json
<s> [webpack.Progress] 67% building 791/820 modules 29 active /workspace/project/xian-explorer/node_modules/vue-loader/lib/loaders/pitcher.js??ref--4!/workspace/project/xian-explorer/node_modules/cache-loader/dist/cjs.js??ref--12-0!/workspace/project/xian-explorer/node_modules/babel-loader/lib/index.js!/workspace/project/xian-explorer/node_modules/vue-loader/lib/loaders/templateLoader.js??ref--6!/workspace/project/xian-explorer/node_modules/pug-plain-loader/index.js!/workspace/project/xian-explorer/node_modules/cache-loader/dist/cjs.js??ref--0-0!/workspace/project/xian-explorer/node_modules/vue-loader/lib/index.js??vue-loader-options!/workspace/project/xian-explorer/node_modules/@tendermint/ui/src/components/TmNotifications/TmNotification.vue?vue&type=template&id=5f9b35d7&lang=pug
<s> [webpack.Progress] 67% building 792/820 modules 28 active /workspace/project/xian-explorer/node_modules/@tendermint/ui/src/components/TmField/countries.json
<s> [webpack.Progress] 67% building 792/821 modules 29 active /workspace/project/xian-explorer/node_modules/cache-loader/dist/cjs.js?{"cacheDirectory":"node_modules/.cache/vue-loader","cacheIdentifier":"1fe9d2cf-vue-loader-template"}!/workspace/project/xian-explorer/node_modules/cache-loader/dist/cjs.js??ref--12-0!/workspace/project/xian-explorer/node_modules/babel-loader/lib/index.js!/workspace/project/xian-explorer/node_modules/vue-loader/lib/loaders/templateLoader.js??ref--6!/workspace/project/xian-explorer/node_modules/pug-plain-loader/index.js!/workspace/project/xian-explorer/node_modules/cache-loader/dist/cjs.js??ref--0-0!/workspace/project/xian-explorer/node_modules/vue-loader/lib/index.js??vue-loader-options!/workspace/project/xian-explorer/node_modules/@tendermint/ui/src/components/TmNotifications/TmNotification.vue?vue&type=template&id=5f9b35d7&lang=pug
<s> [webpack.Progress] 67% building 792/822 modules 30 active /workspace/project/xian-explorer/node_modules/readable-stream/passthrough.js
<s> [webpack.Progress] 67% building 792/823 modules 31 active /workspace/project/xian-explorer/node_modules/readable-stream/transform.js
<s> [webpack.Progress] 67% building 792/824 modules 32 active /workspace/project/xian-explorer/node_modules/readable-stream/duplex-browser.js
<s> [webpack.Progress] 67% building 792/825 modules 33 active /workspace/project/xian-explorer/node_modules/readable-stream/writable-browser.js
<s> [webpack.Progress] 67% building 792/826 modules 34 active /workspace/project/xian-explorer/node_modules/readable-stream/readable-browser.js
<s> [webpack.Progress] 67% building 793/826 modules 33 active /workspace/project/xian-explorer/node_modules/readable-stream/readable-browser.js
<s> [webpack.Progress] 67% building 793/827 modules 34 active /workspace/project/xian-explorer/node_modules/vue-loader/lib/loaders/pitcher.js??ref--4!/workspace/project/xian-explorer/node_modules/vue-style-loader/index.js??ref--11-oneOf-1-0!/workspace/project/xian-explorer/node_modules/css-loader/index.js??ref--11-oneOf-1-1!/workspace/project/xian-explorer/node_modules/postcss-loader/src/index.js??ref--11-oneOf-1-2!/workspace/project/xian-explorer/node_modules/stylus-loader/index.js??ref--11-oneOf-1-3!/workspace/project/xian-explorer/node_modules/cache-loader/dist/cjs.js??ref--0-0!/workspace/project/xian-explorer/node_modules/vue-loader/lib/index.js??vue-loader-options!/workspace/project/xian-explorer/node_modules/@tendermint/ui/src/components/TmNotifications/TmNotification.vue?vue&type=style&index=0&id=5f9b35d7&lang=stylus
<s> [webpack.Progress] 67% building 794/827 modules 33 active /workspace/project/xian-explorer/node_modules/readable-stream/readable-browser.js
<s> [webpack.Progress] 67% building 794/828 modules 34 active /workspace/project/xian-explorer/node_modules/vue-style-loader/index.js??ref--11-oneOf-1-0!/workspace/project/xian-explorer/node_modules/css-loader/index.js??ref--11-oneOf-1-1!/workspace/project/xian-explorer/node_modules/vue-loader/lib/loaders/stylePostLoader.js!/workspace/project/xian-explorer/node_modules/postcss-loader/src/index.js??ref--11-oneOf-1-2!/workspace/project/xian-explorer/node_modules/stylus-loader/index.js??ref--11-oneOf-1-3!/workspace/project/xian-explorer/node_modules/cache-loader/dist/cjs.js??ref--0-0!/workspace/project/xian-explorer/node_modules/vue-loader/lib/index.js??vue-loader-options!/workspace/project/xian-explorer/node_modules/@tendermint/ui/src/components/TmNotifications/TmNotification.vue?vue&type=style&index=0&id=5f9b35d7&lang=stylus
<s> [webpack.Progress] 67% building 795/828 modules 33 active /workspace/project/xian-explorer/node_modules/readable-stream/readable-browser.js
<s> [webpack.Progress] 67% building 795/829 modules 34 active /workspace/project/xian-explorer/node_modules/css-loader/index.js??ref--11-oneOf-1-1!/workspace/project/xian-explorer/node_modules/vue-loader/lib/loaders/stylePostLoader.js!/workspace/project/xian-explorer/node_modules/postcss-loader/src/index.js??ref--11-oneOf-1-2!/workspace/project/xian-explorer/node_modules/stylus-loader/index.js??ref--11-oneOf-1-3!/workspace/project/xian-explorer/node_modules/cache-loader/dist/cjs.js??ref--0-0!/workspace/project/xian-explorer/node_modules/vue-loader/lib/index.js??vue-loader-options!/workspace/project/xian-explorer/node_modules/@tendermint/ui/src/components/TmNotifications/TmNotification.vue?vue&type=style&index=0&id=5f9b35d7&lang=stylus
<s> [webpack.Progress] 67% building 796/829 modules 33 active /workspace/project/xian-explorer/node_modules/css-loader/index.js??ref--11-oneOf-1-1!/workspace/project/xian-explorer/node_modules/vue-loader/lib/loaders/stylePostLoader.js!/workspace/project/xian-explorer/node_modules/postcss-loader/src/index.js??ref--11-oneOf-1-2!/workspace/project/xian-explorer/node_modules/stylus-loader/index.js??ref--11-oneOf-1-3!/workspace/project/xian-explorer/node_modules/cache-loader/dist/cjs.js??ref--0-0!/workspace/project/xian-explorer/node_modules/vue-loader/lib/index.js??vue-loader-options!/workspace/project/xian-explorer/node_modules/@tendermint/ui/src/components/TmNotifications/TmNotification.vue?vue&type=style&index=0&id=5f9b35d7&lang=stylus
<s> [webpack.Progress] 67% building 796/830 modules 34 active /workspace/project/xian-explorer/node_modules/vue-loader/lib/loaders/pitcher.js??ref--4!/workspace/project/xian-explorer/node_modules/cache-loader/dist/cjs.js??ref--12-0!/workspace/project/xian-explorer/node_modules/babel-loader/lib/index.js!/workspace/project/xian-explorer/node_modules/cache-loader/dist/cjs.js??ref--0-0!/workspace/project/xian-explorer/node_modules/vue-loader/lib/index.js??vue-loader-options!/workspace/project/xian-explorer/node_modules/@tendermint/ui/src/components/TmNotifications/TmNotification.vue?vue&type=script&lang=js
<s> [webpack.Progress] 67% building 797/830 modules 33 active /workspace/project/xian-explorer/node_modules/css-loader/index.js??ref--11-oneOf-1-1!/workspace/project/xian-explorer/node_modules/vue-loader/lib/loaders/stylePostLoader.js!/workspace/project/xian-explorer/node_modules/postcss-loader/src/index.js??ref--11-oneOf-1-2!/workspace/project/xian-explorer/node_modules/stylus-loader/index.js??ref--11-oneOf-1-3!/workspace/project/xian-explorer/node_modules/cache-loader/dist/cjs.js??ref--0-0!/workspace/project/xian-explorer/node_modules/vue-loader/lib/index.js??vue-loader-options!/workspace/project/xian-explorer/node_modules/@tendermint/ui/src/components/TmNotifications/TmNotification.vue?vue&type=style&index=0&id=5f9b35d7&lang=stylus
<s> [webpack.Progress] 67% building 797/831 modules 34 active /workspace/project/xian-explorer/node_modules/cache-loader/dist/cjs.js??ref--12-0!/workspace/project/xian-explorer/node_modules/babel-loader/lib/index.js!/workspace/project/xian-explorer/node_modules/cache-loader/dist/cjs.js??ref--0-0!/workspace/project/xian-explorer/node_modules/vue-loader/lib/index.js??vue-loader-options!/workspace/project/xian-explorer/node_modules/@tendermint/ui/src/components/TmNotifications/TmNotification.vue?vue&type=script&lang=js
<s> [webpack.Progress] 67% building 798/831 modules 33 active /workspace/project/xian-explorer/node_modules/cache-loader/dist/cjs.js??ref--12-0!/workspace/project/xian-explorer/node_modules/babel-loader/lib/index.js!/workspace/project/xian-explorer/node_modules/cache-loader/dist/cjs.js??ref--0-0!/workspace/project/xian-explorer/node_modules/vue-loader/lib/index.js??vue-loader-options!/workspace/project/xian-explorer/node_modules/@tendermint/ui/src/components/TmNotifications/TmNotification.vue?vue&type=script&lang=js
<s> [webpack.Progress] 67% building 798/832 modules 34 active /workspace/project/xian-explorer/node_modules/safe-buffer/index.js
<s> [webpack.Progress] 67% building 799/832 modules 33 active /workspace/project/xian-explorer/node_modules/safe-buffer/index.js
<s> [webpack.Progress] 67% building 799/833 modules 34 active /workspace/project/xian-explorer/node_modules/sha.js/hash.js
<s> [webpack.Progress] 67% building 799/834 modules 35 active /workspace/project/xian-explorer/node_modules/gopd/index.js
<s> [webpack.Progress] 67% building 799/835 modules 36 active /workspace/project/xian-explorer/node_modules/moment/locale/lv.js
<s> [webpack.Progress] 67% building 799/836 modules 37 active /workspace/project/xian-explorer/node_modules/moment/locale/lt.js
<s> [webpack.Progress] 67% building 799/837 modules 38 active /workspace/project/xian-explorer/node_modules/moment/locale/lo.js
<s> [webpack.Progress] 67% building 799/838 modules 39 active /workspace/project/xian-explorer/node_modules/has-property-descriptors/index.js
<s> [webpack.Progress] 67% building 800/838 modules 38 active /workspace/project/xian-explorer/node_modules/has-property-descriptors/index.js
<s> [webpack.Progress] 67% building 801/838 modules 37 active /workspace/project/xian-explorer/node_modules/has-property-descriptors/index.js
<s> [webpack.Progress] 67% building 802/838 modules 36 active /workspace/project/xian-explorer/node_modules/has-property-descriptors/index.js
<s> [webpack.Progress] 67% building 803/838 modules 35 active /workspace/project/xian-explorer/node_modules/has-property-descriptors/index.js
<s> [webpack.Progress] 67% building 804/838 modules 34 active /workspace/project/xian-explorer/node_modules/has-property-descriptors/index.js
<s> [webpack.Progress] 67% building 804/839 modules 35 active /workspace/project/xian-explorer/node_modules/define-data-property/index.js
<s> [webpack.Progress] 67% building 805/839 modules 34 active /workspace/project/xian-explorer/node_modules/define-data-property/index.js
<s> [webpack.Progress] 67% building 805/840 modules 35 active /workspace/project/xian-explorer/node_modules/select/src/select.js
<s> [webpack.Progress] 67% building 805/841 modules 36 active /workspace/project/xian-explorer/node_modules/moment/locale/lb.js
<s> [webpack.Progress] 67% building 805/842 modules 37 active /workspace/project/xian-explorer/node_modules/moment/locale/ky.js
<s> [webpack.Progress] 67% building 805/843 modules 38 active /workspace/project/xian-explorer/node_modules/moment/locale/ku.js
<s> [webpack.Progress] 67% building 805/844 modules 39 active /workspace/project/xian-explorer/node_modules/good-listener/src/is.js
<s> [webpack.Progress] 67% building 806/844 modules 38 active /workspace/project/xian-explorer/node_modules/good-listener/src/is.js
<s> [webpack.Progress] 67% building 806/845 modules 39 active /workspace/project/xian-explorer/node_modules/hash-base/index.js
<s> [webpack.Progress] 67% building 807/845 modules 38 active /workspace/project/xian-explorer/node_modules/hash-base/index.js
<s> [webpack.Progress] 67% building 807/846 modules 39 active /workspace/project/xian-explorer/node_modules/moment/locale/ku-kmr.js
<s> [webpack.Progress] 67% building 807/847 modules 40 active /workspace/project/xian-explorer/node_modules/moment/locale/ko.js
<s> [webpack.Progress] 67% building 807/848 modules 41 active /workspace/project/xian-explorer/node_modules/moment/locale/kn.js
<s> [webpack.Progress] 67% building 807/849 modules 42 active /workspace/project/xian-explorer/node_modules/moment/locale/km.js
<s> [webpack.Progress] 66% building 807/850 modules 43 active /workspace/project/xian-explorer/node_modules/moment/locale/kk.js
<s> [webpack.Progress] 66% building 807/851 modules 44 active /workspace/project/xian-explorer/node_modules/moment/locale/ka.js
<s> [webpack.Progress] 66% building 807/852 modules 45 active /workspace/project/xian-explorer/node_modules/moment/locale/jv.js
<s> [webpack.Progress] 66% building 807/853 modules 46 active /workspace/project/xian-explorer/node_modules/moment/locale/ja.js
<s> [webpack.Progress] 66% building 807/854 modules 47 active /workspace/project/xian-explorer/node_modules/moment/locale/it.js
<s> [webpack.Progress] 66% building 807/855 modules 48 active /workspace/project/xian-explorer/node_modules/moment/locale/it-ch.js
<s> [webpack.Progress] 66% building 807/856 modules 49 active /workspace/project/xian-explorer/node_modules/moment/locale/is.js
<s> [webpack.Progress] 66% building 807/857 modules 50 active /workspace/project/xian-explorer/node_modules/moment/locale/id.js
<s> [webpack.Progress] 66% building 807/858 modules 51 active /workspace/project/xian-explorer/node_modules/moment/locale/hy-am.js
<s> [webpack.Progress] 66% building 808/858 modules 50 active /workspace/project/xian-explorer/node_modules/moment/locale/hy-am.js
<s> [webpack.Progress] 66% building 809/858 modules 49 active /workspace/project/xian-explorer/node_modules/moment/locale/hy-am.js
<s> [webpack.Progress] 66% building 810/858 modules 48 active /workspace/project/xian-explorer/node_modules/moment/locale/hy-am.js
<s> [webpack.Progress] 66% building 811/858 modules 47 active /workspace/project/xian-explorer/node_modules/moment/locale/hy-am.js
<s> [webpack.Progress] 66% building 812/858 modules 46 active /workspace/project/xian-explorer/node_modules/moment/locale/hy-am.js
<s> [webpack.Progress] 66% building 812/859 modules 47 active /workspace/project/xian-explorer/node_modules/moment/locale/hu.js
<s> [webpack.Progress] 66% building 813/859 modules 46 active /workspace/project/xian-explorer/node_modules/moment/locale/hu.js
<s> [webpack.Progress] 66% building 814/859 modules 45 active /workspace/project/xian-explorer/node_modules/moment/locale/hu.js
<s> [webpack.Progress] 66% building 814/860 modules 46 active /workspace/project/xian-explorer/node_modules/moment/locale/hr.js
<s> [webpack.Progress] 66% building 815/860 modules 45 active /workspace/project/xian-explorer/node_modules/moment/locale/hr.js
<s> [webpack.Progress] 66% building 816/860 modules 44 active /workspace/project/xian-explorer/node_modules/moment/locale/hr.js
<s> [webpack.Progress] 67% building 817/860 modules 43 active /workspace/project/xian-explorer/node_modules/moment/locale/hr.js
<s> [webpack.Progress] 67% building 818/860 modules 42 active /workspace/project/xian-explorer/node_modules/moment/locale/hr.js
<s> [webpack.Progress] 67% building 818/861 modules 43 active /workspace/project/xian-explorer/node_modules/moment/locale/hi.js
<s> [webpack.Progress] 66% building 818/862 modules 44 active /workspace/project/xian-explorer/node_modules/readable-stream/lib/_stream_duplex.js
<s> [webpack.Progress] 66% building 818/863 modules 45 active /workspace/project/xian-explorer/node_modules/readable-stream/lib/_stream_writable.js
<s> [webpack.Progress] 66% building 818/864 modules 46 active /workspace/project/xian-explorer/node_modules/readable-stream/lib/_stream_readable.js
<s> [webpack.Progress] 66% building 818/865 modules 47 active /workspace/project/xian-explorer/node_modules/readable-stream/lib/_stream_passthrough.js
<s> [webpack.Progress] 66% building 818/866 modules 48 active /workspace/project/xian-explorer/node_modules/readable-stream/lib/_stream_transform.js
<s> [webpack.Progress] 66% building 818/867 modules 49 active /workspace/project/xian-explorer/node_modules/moment/locale/he.js
<s> [webpack.Progress] 66% building 818/868 modules 50 active /workspace/project/xian-explorer/node_modules/core-js/modules/es6.math.trunc.js
<s> [webpack.Progress] 66% building 818/869 modules 51 active /workspace/project/xian-explorer/node_modules/moment/locale/gu.js
<s> [webpack.Progress] 66% building 818/870 modules 52 active /workspace/project/xian-explorer/node_modules/moment/locale/gom-latn.js
<s> [webpack.Progress] 66% building 818/871 modules 53 active /workspace/project/xian-explorer/node_modules/moment/locale/gom-deva.js
<s> [webpack.Progress] 66% building 819/871 modules 52 active /workspace/project/xian-explorer/node_modules/moment/locale/gom-deva.js
<s> [webpack.Progress] 66% building 819/872 modules 53 active /workspace/project/xian-explorer/node_modules/moment/locale/gl.js
<s> [webpack.Progress] 66% building 819/873 modules 54 active /workspace/project/xian-explorer/node_modules/moment/locale/gd.js
<s> [webpack.Progress] 66% building 819/874 modules 55 active /workspace/project/xian-explorer/node_modules/moment/locale/ga.js
<s> [webpack.Progress] 66% building 819/875 modules 56 active /workspace/project/xian-explorer/node_modules/moment/locale/fy.js
<s> [webpack.Progress] 66% building 819/876 modules 57 active /workspace/project/xian-explorer/node_modules/moment/locale/fr.js
<s> [webpack.Progress] 66% building 819/877 modules 58 active /workspace/project/xian-explorer/node_modules/moment/locale/fr-ch.js
<s> [webpack.Progress] 65% building 819/878 modules 59 active /workspace/project/xian-explorer/node_modules/moment/locale/fr-ca.js
<s> [webpack.Progress] 66% building 820/878 modules 58 active /workspace/project/xian-explorer/node_modules/moment/locale/fr-ca.js
<s> [webpack.Progress] 66% building 821/878 modules 57 active /workspace/project/xian-explorer/node_modules/moment/locale/fr-ca.js
<s> [webpack.Progress] 66% building 822/878 modules 56 active /workspace/project/xian-explorer/node_modules/moment/locale/fr-ca.js
<s> [webpack.Progress] 66% building 823/878 modules 55 active /workspace/project/xian-explorer/node_modules/moment/locale/fr-ca.js
<s> [webpack.Progress] 66% building 824/878 modules 54 active /workspace/project/xian-explorer/node_modules/moment/locale/fr-ca.js
<s> [webpack.Progress] 66% building 825/878 modules 53 active /workspace/project/xian-explorer/node_modules/moment/locale/fr-ca.js
<s> [webpack.Progress] 66% building 826/878 modules 52 active /workspace/project/xian-explorer/node_modules/moment/locale/fr-ca.js
<s> [webpack.Progress] 66% building 827/878 modules 51 active /workspace/project/xian-explorer/node_modules/moment/locale/fr-ca.js
<s> [webpack.Progress] 66% building 828/878 modules 50 active /workspace/project/xian-explorer/node_modules/moment/locale/fr-ca.js
<s> [webpack.Progress] 66% building 829/878 modules 49 active /workspace/project/xian-explorer/node_modules/moment/locale/fr-ca.js
<s> [webpack.Progress] 66% building 830/878 modules 48 active /workspace/project/xian-explorer/node_modules/moment/locale/fr-ca.js
<s> [webpack.Progress] 66% building 831/878 modules 47 active /workspace/project/xian-explorer/node_modules/moment/locale/fr-ca.js
<s> [webpack.Progress] 66% building 832/878 modules 46 active /workspace/project/xian-explorer/node_modules/moment/locale/fr-ca.js
<s> [webpack.Progress] 66% building 832/879 modules 47 active /workspace/project/xian-explorer/node_modules/moment/locale/fo.js
<s> [webpack.Progress] 66% building 832/880 modules 48 active /workspace/project/xian-explorer/node_modules/moment/locale/fil.js
<s> [webpack.Progress] 66% building 833/880 modules 47 active /workspace/project/xian-explorer/node_modules/moment/locale/fil.js
<s> [webpack.Progress] 66% building 833/881 modules 48 active /workspace/project/xian-explorer/node_modules/moment/locale/fi.js
<s> [webpack.Progress] 66% building 833/882 modules 49 active /workspace/project/xian-explorer/node_modules/moment/locale/fa.js
<s> [webpack.Progress] 66% building 833/883 modules 50 active /workspace/project/xian-explorer/node_modules/moment/locale/eu.js
<s> [webpack.Progress] 66% building 833/884 modules 51 active /workspace/project/xian-explorer/node_modules/moment/locale/et.js
<s> [webpack.Progress] 66% building 833/885 modules 52 active /workspace/project/xian-explorer/node_modules/moment/locale/es.js
<s> [webpack.Progress] 66% building 833/886 modules 53 active /workspace/project/xian-explorer/node_modules/moment/locale/es-us.js
<s> [webpack.Progress] 66% building 834/886 modules 52 active /workspace/project/xian-explorer/node_modules/moment/locale/es-us.js
<s> [webpack.Progress] 66% building 834/887 modules 53 active /workspace/project/xian-explorer/node_modules/moment/locale/es-mx.js
<s> [webpack.Progress] 66% building 835/887 modules 52 active /workspace/project/xian-explorer/node_modules/moment/locale/es-mx.js
<s> [webpack.Progress] 66% building 836/887 modules 51 active /workspace/project/xian-explorer/node_modules/moment/locale/es-mx.js
<s> [webpack.Progress] 66% building 837/887 modules 50 active /workspace/project/xian-explorer/node_modules/moment/locale/es-mx.js
<s> [webpack.Progress] 66% building 838/887 modules 49 active /workspace/project/xian-explorer/node_modules/moment/locale/es-mx.js
<s> [webpack.Progress] 66% building 839/887 modules 48 active /workspace/project/xian-explorer/node_modules/moment/locale/es-mx.js
<s> [webpack.Progress] 66% building 840/887 modules 47 active /workspace/project/xian-explorer/node_modules/moment/locale/es-mx.js
<s> [webpack.Progress] 66% building 840/888 modules 48 active /workspace/project/xian-explorer/node_modules/moment/locale/es-do.js
<s> [webpack.Progress] 66% building 840/889 modules 49 active /workspace/project/xian-explorer/node_modules/moment/locale/eo.js
<s> [webpack.Progress] 66% building 840/890 modules 50 active /workspace/project/xian-explorer/node_modules/moment/locale/en-sg.js
<s> [webpack.Progress] 66% building 840/891 modules 51 active /workspace/project/xian-explorer/node_modules/moment/locale/en-nz.js
<s> [webpack.Progress] 66% building 840/892 modules 52 active /workspace/project/xian-explorer/node_modules/moment/locale/en-in.js
<s> [webpack.Progress] 66% building 840/893 modules 53 active /workspace/project/xian-explorer/node_modules/moment/locale/en-il.js
<s> [webpack.Progress] 66% building 841/893 modules 52 active /workspace/project/xian-explorer/node_modules/moment/locale/en-il.js
<s> [webpack.Progress] 66% building 842/893 modules 51 active /workspace/project/xian-explorer/node_modules/moment/locale/en-il.js
<s> [webpack.Progress] 66% building 842/894 modules 52 active /workspace/project/xian-explorer/node_modules/js-base64/base64.js
<s> [webpack.Progress] 66% building 843/894 modules 51 active /workspace/project/xian-explorer/node_modules/js-base64/base64.js
<s> [webpack.Progress] 66% building 844/894 modules 50 active /workspace/project/xian-explorer/node_modules/js-base64/base64.js
<s> [webpack.Progress] 66% building 844/895 modules 51 active /workspace/project/xian-explorer/node_modules/moment/locale/en-ie.js
<s> [webpack.Progress] 66% building 845/895 modules 50 active /workspace/project/xian-explorer/node_modules/moment/locale/en-ie.js
<s> [webpack.Progress] 66% building 845/896 modules 51 active /workspace/project/xian-explorer/node_modules/moment/locale/en-gb.js
<s> [webpack.Progress] 66% building 845/897 modules 52 active /workspace/project/xian-explorer/node_modules/@tendermint/ui/node_modules/markdown-it/index.js
<s> [webpack.Progress] 66% building 845/898 modules 53 active /workspace/project/xian-explorer/node_modules/moment/locale/en-ca.js
<s> [webpack.Progress] 66% building 846/898 modules 52 active /workspace/project/xian-explorer/node_modules/moment/locale/en-ca.js
<s> [webpack.Progress] 66% building 847/898 modules 51 active /workspace/project/xian-explorer/node_modules/moment/locale/en-ca.js
<s> [webpack.Progress] 66% building 848/898 modules 50 active /workspace/project/xian-explorer/node_modules/moment/locale/en-ca.js
<s> [webpack.Progress] 66% building 848/899 modules 51 active ignored /workspace/project/xian-explorer/node_modules/readable-stream/lib util
<s> [webpack.Progress] 66% building 849/899 modules 50 active /workspace/project/xian-explorer/node_modules/moment/locale/en-ca.js
<s> [webpack.Progress] 66% building 850/899 modules 49 active /workspace/project/xian-explorer/node_modules/moment/locale/en-ca.js
<s> [webpack.Progress] 66% building 850/900 modules 50 active /workspace/project/xian-explorer/node_modules/moment/locale/en-au.js
<s> [webpack.Progress] 66% building 850/901 modules 51 active /workspace/project/xian-explorer/node_modules/moment/locale/el.js
<s> [webpack.Progress] 66% building 851/901 modules 50 active /workspace/project/xian-explorer/node_modules/moment/locale/el.js
<s> [webpack.Progress] 66% building 852/901 modules 49 active /workspace/project/xian-explorer/node_modules/moment/locale/el.js
<s> [webpack.Progress] 66% building 853/901 modules 48 active /workspace/project/xian-explorer/node_modules/moment/locale/el.js
<s> [webpack.Progress] 66% building 854/901 modules 47 active /workspace/project/xian-explorer/node_modules/moment/locale/el.js
<s> [webpack.Progress] 66% building 855/901 modules 46 active /workspace/project/xian-explorer/node_modules/moment/locale/el.js
<s> [webpack.Progress] 66% building 855/902 modules 47 active /workspace/project/xian-explorer/node_modules/markdown-it-anchor/dist/markdownItAnchor.mjs
<s> [webpack.Progress] 66% building 856/902 modules 46 active /workspace/project/xian-explorer/node_modules/markdown-it-anchor/dist/markdownItAnchor.mjs
<s> [webpack.Progress] 67% building 857/902 modules 45 active /workspace/project/xian-explorer/node_modules/markdown-it-anchor/dist/markdownItAnchor.mjs
<s> [webpack.Progress] 67% building 858/902 modules 44 active /workspace/project/xian-explorer/node_modules/markdown-it-anchor/dist/markdownItAnchor.mjs
<s> [webpack.Progress] 67% building 859/902 modules 43 active /workspace/project/xian-explorer/node_modules/markdown-it-anchor/dist/markdownItAnchor.mjs
<s> [webpack.Progress] 67% building 860/902 modules 42 active /workspace/project/xian-explorer/node_modules/markdown-it-anchor/dist/markdownItAnchor.mjs
<s> [webpack.Progress] 67% building 861/902 modules 41 active /workspace/project/xian-explorer/node_modules/markdown-it-anchor/dist/markdownItAnchor.mjs
<s> [webpack.Progress] 67% building 862/902 modules 40 active /workspace/project/xian-explorer/node_modules/markdown-it-anchor/dist/markdownItAnchor.mjs
<s> [webpack.Progress] 67% building 863/902 modules 39 active /workspace/project/xian-explorer/node_modules/markdown-it-anchor/dist/markdownItAnchor.mjs
<s> [webpack.Progress] 67% building 864/902 modules 38 active /workspace/project/xian-explorer/node_modules/markdown-it-anchor/dist/markdownItAnchor.mjs
<s> [webpack.Progress] 67% building 865/902 modules 37 active /workspace/project/xian-explorer/node_modules/markdown-it-anchor/dist/markdownItAnchor.mjs
<s> [webpack.Progress] 67% building 866/902 modules 36 active /workspace/project/xian-explorer/node_modules/markdown-it-anchor/dist/markdownItAnchor.mjs
<s> [webpack.Progress] 67% building 867/902 modules 35 active /workspace/project/xian-explorer/node_modules/markdown-it-anchor/dist/markdownItAnchor.mjs
<s> [webpack.Progress] 67% building 868/902 modules 34 active /workspace/project/xian-explorer/node_modules/markdown-it-anchor/dist/markdownItAnchor.mjs
<s> [webpack.Progress] 67% building 869/902 modules 33 active /workspace/project/xian-explorer/node_modules/markdown-it-anchor/dist/markdownItAnchor.mjs
<s> [webpack.Progress] 67% building 870/902 modules 32 active /workspace/project/xian-explorer/node_modules/markdown-it-anchor/dist/markdownItAnchor.mjs
<s> [webpack.Progress] 67% building 870/903 modules 33 active /workspace/project/xian-explorer/node_modules/moment/locale/dv.js
<s> [webpack.Progress] 67% building 871/903 modules 32 active /workspace/project/xian-explorer/node_modules/moment/locale/dv.js
<s> [webpack.Progress] 67% building 871/904 modules 33 active /workspace/project/xian-explorer/node_modules/file-loader/dist/cjs.js??ref--2-0!/workspace/project/xian-explorer/src/assets/images/xian-white.svg
<s> [webpack.Progress] 67% building 872/904 modules 32 active /workspace/project/xian-explorer/node_modules/file-loader/dist/cjs.js??ref--2-0!/workspace/project/xian-explorer/src/assets/images/xian-white.svg
<s> [webpack.Progress] 67% building 873/904 modules 31 active /workspace/project/xian-explorer/node_modules/file-loader/dist/cjs.js??ref--2-0!/workspace/project/xian-explorer/src/assets/images/xian-white.svg
<s> [webpack.Progress] 67% building 873/905 modules 32 active /workspace/project/xian-explorer/node_modules/perfect-scrollbar/dist/perfect-scrollbar.esm.js
<s> [webpack.Progress] 67% building 874/905 modules 31 active /workspace/project/xian-explorer/node_modules/perfect-scrollbar/dist/perfect-scrollbar.esm.js
<s> [webpack.Progress] 68% building 875/905 modules 30 active /workspace/project/xian-explorer/node_modules/perfect-scrollbar/dist/perfect-scrollbar.esm.js
<s> [webpack.Progress] 67% building 875/906 modules 31 active /workspace/project/xian-explorer/node_modules/moment/locale/de.js
<s> [webpack.Progress] 67% building 875/907 modules 32 active /workspace/project/xian-explorer/node_modules/moment/locale/de-ch.js
<s> [webpack.Progress] 67% building 875/908 modules 33 active /workspace/project/xian-explorer/node_modules/moment/locale/de-at.js
<s> [webpack.Progress] 67% building 875/909 modules 34 active /workspace/project/xian-explorer/node_modules/moment/locale/da.js
<s> [webpack.Progress] 67% building 875/910 modules 35 active /workspace/project/xian-explorer/node_modules/moment/locale/cy.js
<s> [webpack.Progress] 67% building 875/911 modules 36 active /workspace/project/xian-explorer/node_modules/moment/locale/cv.js
<s> [webpack.Progress] 67% building 875/912 modules 37 active /workspace/project/xian-explorer/node_modules/moment/locale/cs.js
<s> [webpack.Progress] 67% building 876/912 modules 36 active /workspace/project/xian-explorer/node_modules/moment/locale/cs.js
<s> [webpack.Progress] 67% building 876/913 modules 37 active /workspace/project/xian-explorer/node_modules/moment/locale/ca.js
<s> [webpack.Progress] 67% building 877/913 modules 36 active /workspace/project/xian-explorer/node_modules/moment/locale/ca.js
<s> [webpack.Progress] 67% building 877/914 modules 37 active /workspace/project/xian-explorer/node_modules/cookieconsent/build/cookieconsent.min.js
<s> [webpack.Progress] 67% building 878/914 modules 36 active /workspace/project/xian-explorer/node_modules/cookieconsent/build/cookieconsent.min.js
<s> [webpack.Progress] 67% building 878/915 modules 37 active /workspace/project/xian-explorer/node_modules/moment/locale/bs.js
<s> [webpack.Progress] 67% building 879/915 modules 36 active /workspace/project/xian-explorer/node_modules/moment/locale/bs.js
<s> [webpack.Progress] 67% building 879/916 modules 37 active /workspace/project/xian-explorer/node_modules/string_decoder/node_modules/safe-buffer/index.js
<s> [webpack.Progress] 67% building 879/917 modules 38 active /workspace/project/xian-explorer/node_modules/moment/locale/br.js
<s> [webpack.Progress] 67% building 879/918 modules 39 active /workspace/project/xian-explorer/node_modules/moment/locale/bo.js
<s> [webpack.Progress] 67% building 879/919 modules 40 active /workspace/project/xian-explorer/node_modules/moment/locale/bn.js
<s> [webpack.Progress] 67% building 879/920 modules 41 active /workspace/project/xian-explorer/node_modules/moment/locale/bn-bd.js
<s> [webpack.Progress] 67% building 880/920 modules 40 active /workspace/project/xian-explorer/node_modules/moment/locale/bn-bd.js
<s> [webpack.Progress] 67% building 880/921 modules 41 active /workspace/project/xian-explorer/node_modules/moment/locale/bm.js
<s> [webpack.Progress] 67% building 880/922 modules 42 active /workspace/project/xian-explorer/node_modules/moment/locale/bg.js
<s> [webpack.Progress] 67% building 881/922 modules 41 active /workspace/project/xian-explorer/node_modules/moment/locale/bg.js
<s> [webpack.Progress] 67% building 882/922 modules 40 active /workspace/project/xian-explorer/node_modules/moment/locale/bg.js
<s> [webpack.Progress] 67% building 882/923 modules 41 active /workspace/project/xian-explorer/node_modules/moment/locale/be.js
<s> [webpack.Progress] 67% building 882/924 modules 42 active /workspace/project/xian-explorer/node_modules/moment/locale/az.js
<s> [webpack.Progress] 67% building 882/925 modules 43 active /workspace/project/xian-explorer/node_modules/moment/locale/ar.js
<s> [webpack.Progress] 67% building 882/926 modules 44 active /workspace/project/xian-explorer/node_modules/moment/locale/ar-tn.js
<s> [webpack.Progress] 67% building 882/927 modules 45 active /workspace/project/xian-explorer/node_modules/moment/locale/ar-sa.js
<s> [webpack.Progress] 67% building 883/927 modules 44 active /workspace/project/xian-explorer/node_modules/moment/locale/ar-sa.js
<s> [webpack.Progress] 67% building 884/927 modules 43 active /workspace/project/xian-explorer/node_modules/moment/locale/ar-sa.js
<s> [webpack.Progress] 67% building 884/928 modules 44 active /workspace/project/xian-explorer/node_modules/moment/locale/ar-ps.js
<s> [webpack.Progress] 67% building 884/929 modules 45 active /workspace/project/xian-explorer/node_modules/process/browser.js
<s> [webpack.Progress] 67% building 885/929 modules 44 active /workspace/project/xian-explorer/node_modules/process/browser.js
<s> [webpack.Progress] 67% building 885/930 modules 45 active /workspace/project/xian-explorer/node_modules/moment/locale/ar-ma.js
<s> [webpack.Progress] 67% building 885/931 modules 46 active /workspace/project/xian-explorer/node_modules/delegate/src/delegate.js
<s> [webpack.Progress] 67% building 886/931 modules 45 active /workspace/project/xian-explorer/node_modules/delegate/src/delegate.js
<s> [webpack.Progress] 67% building 887/931 modules 44 active /workspace/project/xian-explorer/node_modules/delegate/src/delegate.js
<s> [webpack.Progress] 67% building 888/931 modules 43 active /workspace/project/xian-explorer/node_modules/delegate/src/delegate.js
<s> [webpack.Progress] 67% building 889/931 modules 42 active /workspace/project/xian-explorer/node_modules/delegate/src/delegate.js
<s> [webpack.Progress] 67% building 889/932 modules 43 active /workspace/project/xian-explorer/node_modules/moment/locale/ar-ly.js
<s> [webpack.Progress] 67% building 890/932 modules 42 active /workspace/project/xian-explorer/node_modules/moment/locale/ar-ly.js
<s> [webpack.Progress] 67% building 891/932 modules 41 active /workspace/project/xian-explorer/node_modules/moment/locale/ar-ly.js
<s> [webpack.Progress] 67% building 892/932 modules 40 active /workspace/project/xian-explorer/node_modules/moment/locale/ar-ly.js
<s> [webpack.Progress] 67% building 892/933 modules 41 active /workspace/project/xian-explorer/node_modules/moment/locale/ar-kw.js
<s> [webpack.Progress] 67% building 893/933 modules 40 active /workspace/project/xian-explorer/node_modules/moment/locale/ar-kw.js
<s> [webpack.Progress] 67% building 894/933 modules 39 active /workspace/project/xian-explorer/node_modules/moment/locale/ar-kw.js
<s> [webpack.Progress] 67% building 895/933 modules 38 active /workspace/project/xian-explorer/node_modules/moment/locale/ar-kw.js
<s> [webpack.Progress] 67% building 896/933 modules 37 active /workspace/project/xian-explorer/node_modules/moment/locale/ar-kw.js
<s> [webpack.Progress] 67% building 897/933 modules 36 active /workspace/project/xian-explorer/node_modules/moment/locale/ar-kw.js
<s> [webpack.Progress] 67% building 897/934 modules 37 active /workspace/project/xian-explorer/node_modules/moment/locale/ar-dz.js
<s> [webpack.Progress] 67% building 898/934 modules 36 active /workspace/project/xian-explorer/node_modules/moment/locale/ar-dz.js
<s> [webpack.Progress] 67% building 899/934 modules 35 active /workspace/project/xian-explorer/node_modules/moment/locale/ar-dz.js
<s> [webpack.Progress] 67% building 900/934 modules 34 active /workspace/project/xian-explorer/node_modules/moment/locale/ar-dz.js
<s> [webpack.Progress] 67% building 901/934 modules 33 active /workspace/project/xian-explorer/node_modules/moment/locale/ar-dz.js
<s> [webpack.Progress] 67% building 902/934 modules 32 active /workspace/project/xian-explorer/node_modules/moment/locale/ar-dz.js
<s> [webpack.Progress] 68% building 903/934 modules 31 active /workspace/project/xian-explorer/node_modules/moment/locale/ar-dz.js
<s> [webpack.Progress] 68% building 904/934 modules 30 active /workspace/project/xian-explorer/node_modules/moment/locale/ar-dz.js
<s> [webpack.Progress] 68% building 905/934 modules 29 active /workspace/project/xian-explorer/node_modules/moment/locale/ar-dz.js
<s> [webpack.Progress] 68% building 906/934 modules 28 active /workspace/project/xian-explorer/node_modules/moment/locale/ar-dz.js
<s> [webpack.Progress] 68% building 906/935 modules 29 active /workspace/project/xian-explorer/node_modules/readable-stream/lib/internal/streams/destroy.js
<s> [webpack.Progress] 68% building 906/936 modules 30 active /workspace/project/xian-explorer/node_modules/readable-stream/lib/internal/streams/BufferList.js
<s> [webpack.Progress] 68% building 906/937 modules 31 active /workspace/project/xian-explorer/node_modules/readable-stream/lib/internal/streams/stream-browser.js
<s> [webpack.Progress] 68% building 907/937 modules 30 active /workspace/project/xian-explorer/node_modules/readable-stream/lib/internal/streams/stream-browser.js
<s> [webpack.Progress] 68% building 908/937 modules 29 active /workspace/project/xian-explorer/node_modules/readable-stream/lib/internal/streams/stream-browser.js
<s> [webpack.Progress] 68% building 909/937 modules 28 active /workspace/project/xian-explorer/node_modules/readable-stream/lib/internal/streams/stream-browser.js
<s> [webpack.Progress] 68% building 910/937 modules 27 active /workspace/project/xian-explorer/node_modules/readable-stream/lib/internal/streams/stream-browser.js
<s> [webpack.Progress] 68% building 911/937 modules 26 active /workspace/project/xian-explorer/node_modules/readable-stream/lib/internal/streams/stream-browser.js
<s> [webpack.Progress] 68% building 912/937 modules 25 active /workspace/project/xian-explorer/node_modules/readable-stream/lib/internal/streams/stream-browser.js
<s> [webpack.Progress] 68% building 913/937 modules 24 active /workspace/project/xian-explorer/node_modules/readable-stream/lib/internal/streams/stream-browser.js
<s> [webpack.Progress] 68% building 913/938 modules 25 active /workspace/project/xian-explorer/node_modules/cache-loader/dist/cjs.js??ref--0-0!/workspace/project/xian-explorer/node_modules/vue-loader/lib/index.js??vue-loader-options!/workspace/project/xian-explorer/node_modules/@tendermint/ui/src/components/TmToolBar/TmToolBar.vue
<s> [webpack.Progress] 68% building 914/938 modules 24 active /workspace/project/xian-explorer/node_modules/cache-loader/dist/cjs.js??ref--0-0!/workspace/project/xian-explorer/node_modules/vue-loader/lib/index.js??vue-loader-options!/workspace/project/xian-explorer/node_modules/@tendermint/ui/src/components/TmToolBar/TmToolBar.vue
<s> [webpack.Progress] 68% building 914/939 modules 25 active /workspace/project/xian-explorer/node_modules/core-js/library/modules/_set-species.js
<s> [webpack.Progress] 68% building 914/940 modules 26 active /workspace/project/xian-explorer/node_modules/core-js/library/modules/_redefine-all.js
<s> [webpack.Progress] 68% building 914/941 modules 27 active /workspace/project/xian-explorer/node_modules/core-js/library/modules/_promise-resolve.js
<s> [webpack.Progress] 68% building 914/942 modules 28 active /workspace/project/xian-explorer/node_modules/core-js/library/modules/_user-agent.js
<s> [webpack.Progress] 68% building 914/943 modules 29 active /workspace/project/xian-explorer/node_modules/@tendermint/ui/node_modules/markdown-it/lib/index.js
<s> [webpack.Progress] 68% building 914/944 modules 30 active /workspace/project/xian-explorer/node_modules/core-js/library/modules/_perform.js
<s> [webpack.Progress] 68% building 914/945 modules 31 active /workspace/project/xian-explorer/node_modules/core-js/library/modules/_new-promise-capability.js
<s> [webpack.Progress] 67% building 914/946 modules 32 active /workspace/project/xian-explorer/node_modules/core-js/library/modules/_microtask.js
<s> [webpack.Progress] 68% building 915/946 modules 31 active /workspace/project/xian-explorer/node_modules/core-js/library/modules/_microtask.js
<s> [webpack.Progress] 68% building 916/946 modules 30 active /workspace/project/xian-explorer/node_modules/core-js/library/modules/_microtask.js
<s> [webpack.Progress] 68% building 916/947 modules 31 active ignored /workspace/project/xian-explorer/node_modules/readable-stream/lib/internal/streams util
<s> [webpack.Progress] 68% building 917/947 modules 30 active /workspace/project/xian-explorer/node_modules/core-js/library/modules/_microtask.js
<s> [webpack.Progress] 68% building 918/947 modules 29 active /workspace/project/xian-explorer/node_modules/core-js/library/modules/_microtask.js
<s> [webpack.Progress] 68% building 918/948 modules 30 active /workspace/project/xian-explorer/node_modules/core-js/library/modules/_task.js
<s> [webpack.Progress] 68% building 918/949 modules 31 active /workspace/project/xian-explorer/node_modules/core-js/library/modules/_species-constructor.js
<s> [webpack.Progress] 67% building 918/950 modules 32 active /workspace/project/xian-explorer/node_modules/core-js/library/modules/_for-of.js
<s> [webpack.Progress] 67% building 918/951 modules 33 active /workspace/project/xian-explorer/node_modules/core-js/library/modules/_an-instance.js
<s> [webpack.Progress] 67% building 918/952 modules 34 active /workspace/project/xian-explorer/node_modules/axios/lib/defaults.js
<s> [webpack.Progress] 67% building 919/952 modules 33 active /workspace/project/xian-explorer/node_modules/axios/lib/defaults.js
<s> [webpack.Progress] 67% building 919/953 modules 34 active /workspace/project/xian-explorer/node_modules/vue-loader/lib/loaders/pitcher.js??ref--4!/workspace/project/xian-explorer/node_modules/cache-loader/dist/cjs.js??ref--12-0!/workspace/project/xian-explorer/node_modules/babel-loader/lib/index.js!/workspace/project/xian-explorer/node_modules/vue-loader/lib/loaders/templateLoader.js??ref--6!/workspace/project/xian-explorer/node_modules/pug-plain-loader/index.js!/workspace/project/xian-explorer/node_modules/cache-loader/dist/cjs.js??ref--0-0!/workspace/project/xian-explorer/node_modules/vue-loader/lib/index.js??vue-loader-options!/workspace/project/xian-explorer/node_modules/@tendermint/ui/src/components/TmToolBar/TmToolBar.vue?vue&type=template&id=457f7e52&lang=pug
<s> [webpack.Progress] 67% building 920/953 modules 33 active /workspace/project/xian-explorer/node_modules/axios/lib/defaults.js
<s> [webpack.Progress] 67% building 920/954 modules 34 active /workspace/project/xian-explorer/node_modules/vue-loader/lib/loaders/pitcher.js??ref--4!/workspace/project/xian-explorer/node_modules/cache-loader/dist/cjs.js??ref--12-0!/workspace/project/xian-explorer/node_modules/babel-loader/lib/index.js!/workspace/project/xian-explorer/node_modules/cache-loader/dist/cjs.js??ref--0-0!/workspace/project/xian-explorer/node_modules/vue-loader/lib/index.js??vue-loader-options!/workspace/project/xian-explorer/node_modules/@tendermint/ui/src/components/TmToolBar/TmToolBar.vue?vue&type=script&lang=js
<s> [webpack.Progress] 67% building 921/954 modules 33 active /workspace/project/xian-explorer/node_modules/axios/lib/defaults.js
<s> [webpack.Progress] 67% building 921/955 modules 34 active /workspace/project/xian-explorer/node_modules/vue-loader/lib/loaders/pitcher.js??ref--4!/workspace/project/xian-explorer/node_modules/vue-style-loader/index.js??ref--11-oneOf-1-0!/workspace/project/xian-explorer/node_modules/css-loader/index.js??ref--11-oneOf-1-1!/workspace/project/xian-explorer/node_modules/postcss-loader/src/index.js??ref--11-oneOf-1-2!/workspace/project/xian-explorer/node_modules/stylus-loader/index.js??ref--11-oneOf-1-3!/workspace/project/xian-explorer/node_modules/cache-loader/dist/cjs.js??ref--0-0!/workspace/project/xian-explorer/node_modules/vue-loader/lib/index.js??vue-loader-options!/workspace/project/xian-explorer/node_modules/@tendermint/ui/src/components/TmToolBar/TmToolBar.vue?vue&type=style&index=0&id=457f7e52&lang=stylus
<s> [webpack.Progress] 67% building 922/955 modules 33 active /workspace/project/xian-explorer/node_modules/axios/lib/defaults.js
<s> [webpack.Progress] 67% building 922/956 modules 34 active /workspace/project/xian-explorer/node_modules/cache-loader/dist/cjs.js??ref--12-0!/workspace/project/xian-explorer/node_modules/babel-loader/lib/index.js!/workspace/project/xian-explorer/node_modules/cache-loader/dist/cjs.js??ref--0-0!/workspace/project/xian-explorer/node_modules/vue-loader/lib/index.js??vue-loader-options!/workspace/project/xian-explorer/node_modules/@tendermint/ui/src/components/TmToolBar/TmToolBar.vue?vue&type=script&lang=js
<s> [webpack.Progress] 67% building 922/957 modules 35 active /workspace/project/xian-explorer/node_modules/cache-loader/dist/cjs.js?{"cacheDirectory":"node_modules/.cache/vue-loader","cacheIdentifier":"1fe9d2cf-vue-loader-template"}!/workspace/project/xian-explorer/node_modules/cache-loader/dist/cjs.js??ref--12-0!/workspace/project/xian-explorer/node_modules/babel-loader/lib/index.js!/workspace/project/xian-explorer/node_modules/vue-loader/lib/loaders/templateLoader.js??ref--6!/workspace/project/xian-explorer/node_modules/pug-plain-loader/index.js!/workspace/project/xian-explorer/node_modules/cache-loader/dist/cjs.js??ref--0-0!/workspace/project/xian-explorer/node_modules/vue-loader/lib/index.js??vue-loader-options!/workspace/project/xian-explorer/node_modules/@tendermint/ui/src/components/TmToolBar/TmToolBar.vue?vue&type=template&id=457f7e52&lang=pug
<s> [webpack.Progress] 67% building 922/958 modules 36 active /workspace/project/xian-explorer/node_modules/vue-style-loader/index.js??ref--11-oneOf-1-0!/workspace/project/xian-explorer/node_modules/css-loader/index.js??ref--11-oneOf-1-1!/workspace/project/xian-explorer/node_modules/vue-loader/lib/loaders/stylePostLoader.js!/workspace/project/xian-explorer/node_modules/postcss-loader/src/index.js??ref--11-oneOf-1-2!/workspace/project/xian-explorer/node_modules/stylus-loader/index.js??ref--11-oneOf-1-3!/workspace/project/xian-explorer/node_modules/cache-loader/dist/cjs.js??ref--0-0!/workspace/project/xian-explorer/node_modules/vue-loader/lib/index.js??vue-loader-options!/workspace/project/xian-explorer/node_modules/@tendermint/ui/src/components/TmToolBar/TmToolBar.vue?vue&type=style&index=0&id=457f7e52&lang=stylus
<s> [webpack.Progress] 67% building 923/958 modules 35 active /workspace/project/xian-explorer/node_modules/cache-loader/dist/cjs.js?{"cacheDirectory":"node_modules/.cache/vue-loader","cacheIdentifier":"1fe9d2cf-vue-loader-template"}!/workspace/project/xian-explorer/node_modules/cache-loader/dist/cjs.js??ref--12-0!/workspace/project/xian-explorer/node_modules/babel-loader/lib/index.js!/workspace/project/xian-explorer/node_modules/vue-loader/lib/loaders/templateLoader.js??ref--6!/workspace/project/xian-explorer/node_modules/pug-plain-loader/index.js!/workspace/project/xian-explorer/node_modules/cache-loader/dist/cjs.js??ref--0-0!/workspace/project/xian-explorer/node_modules/vue-loader/lib/index.js??vue-loader-options!/workspace/project/xian-explorer/node_modules/@tendermint/ui/src/components/TmToolBar/TmToolBar.vue?vue&type=template&id=457f7e52&lang=pug
<s> [webpack.Progress] 67% building 923/959 modules 36 active /workspace/project/xian-explorer/node_modules/css-loader/index.js??ref--11-oneOf-1-1!/workspace/project/xian-explorer/node_modules/vue-loader/lib/loaders/stylePostLoader.js!/workspace/project/xian-explorer/node_modules/postcss-loader/src/index.js??ref--11-oneOf-1-2!/workspace/project/xian-explorer/node_modules/stylus-loader/index.js??ref--11-oneOf-1-3!/workspace/project/xian-explorer/node_modules/cache-loader/dist/cjs.js??ref--0-0!/workspace/project/xian-explorer/node_modules/vue-loader/lib/index.js??vue-loader-options!/workspace/project/xian-explorer/node_modules/@tendermint/ui/src/components/TmToolBar/TmToolBar.vue?vue&type=style&index=0&id=457f7e52&lang=stylus
<s> [webpack.Progress] 67% building 923/960 modules 37 active /workspace/project/xian-explorer/node_modules/axios/lib/cancel/isCancel.js
<s> [webpack.Progress] 67% building 923/961 modules 38 active /workspace/project/xian-explorer/node_modules/axios/lib/cancel/CancelToken.js
<s> [webpack.Progress] 67% building 923/962 modules 39 active /workspace/project/xian-explorer/node_modules/axios/lib/cancel/Cancel.js
<s> [webpack.Progress] 67% building 923/963 modules 40 active /workspace/project/xian-explorer/node_modules/axios/lib/core/Axios.js
<s> [webpack.Progress] 67% building 924/963 modules 39 active /workspace/project/xian-explorer/node_modules/axios/lib/core/Axios.js
<s> [webpack.Progress] 67% building 925/963 modules 38 active /workspace/project/xian-explorer/node_modules/axios/lib/core/Axios.js
<s> [webpack.Progress] 67% building 926/963 modules 37 active /workspace/project/xian-explorer/node_modules/axios/lib/core/Axios.js
<s> [webpack.Progress] 67% building 927/963 modules 36 active /workspace/project/xian-explorer/node_modules/axios/lib/core/Axios.js
<s> [webpack.Progress] 67% building 928/963 modules 35 active /workspace/project/xian-explorer/node_modules/axios/lib/core/Axios.js
<s> [webpack.Progress] 67% building 929/963 modules 34 active /workspace/project/xian-explorer/node_modules/axios/lib/core/Axios.js
<s> [webpack.Progress] 67% building 930/963 modules 33 active /workspace/project/xian-explorer/node_modules/axios/lib/core/Axios.js
<s> [webpack.Progress] 68% building 931/963 modules 32 active /workspace/project/xian-explorer/node_modules/axios/lib/core/Axios.js
<s> [webpack.Progress] 67% building 931/964 modules 33 active /workspace/project/xian-explorer/node_modules/delegate/src/closest.js
<s> [webpack.Progress] 68% building 932/964 modules 32 active /workspace/project/xian-explorer/node_modules/delegate/src/closest.js
<s> [webpack.Progress] 68% building 933/964 modules 31 active /workspace/project/xian-explorer/node_modules/delegate/src/closest.js
<s> [webpack.Progress] 68% building 934/964 modules 30 active /workspace/project/xian-explorer/node_modules/delegate/src/closest.js
<s> [webpack.Progress] 68% building 935/964 modules 29 active /workspace/project/xian-explorer/node_modules/delegate/src/closest.js
<s> [webpack.Progress] 68% building 936/964 modules 28 active /workspace/project/xian-explorer/node_modules/delegate/src/closest.js
<s> [webpack.Progress] 68% building 937/964 modules 27 active /workspace/project/xian-explorer/node_modules/delegate/src/closest.js
<s> [webpack.Progress] 68% building 938/964 modules 26 active /workspace/project/xian-explorer/node_modules/delegate/src/closest.js
<s> [webpack.Progress] 68% building 938/965 modules 27 active /workspace/project/xian-explorer/node_modules/hash-base/node_modules/readable-stream/readable-browser.js
<s> [webpack.Progress] 68% building 938/966 modules 28 active /workspace/project/xian-explorer/node_modules/process-nextick-args/index.js
<s> [webpack.Progress] 68% building 939/966 modules 27 active /workspace/project/xian-explorer/node_modules/process-nextick-args/index.js
<s> [webpack.Progress] 68% building 940/966 modules 26 active /workspace/project/xian-explorer/node_modules/process-nextick-args/index.js
<s> [webpack.Progress] 68% building 941/966 modules 25 active /workspace/project/xian-explorer/node_modules/process-nextick-args/index.js
<s> [webpack.Progress] 68% building 942/966 modules 24 active /workspace/project/xian-explorer/node_modules/process-nextick-args/index.js
<s> [webpack.Progress] 68% building 942/967 modules 25 active /workspace/project/xian-explorer/node_modules/util-deprecate/browser.js
<s> [webpack.Progress] 68% building 943/967 modules 24 active /workspace/project/xian-explorer/node_modules/util-deprecate/browser.js
<s> [webpack.Progress] 68% building 943/968 modules 25 active /workspace/project/xian-explorer/node_modules/core-util-is/lib/util.js
<s> [webpack.Progress] 68% building 943/969 modules 26 active /workspace/project/xian-explorer/node_modules/readable-stream/node_modules/safe-buffer/index.js
<s> [webpack.Progress] 68% building 944/969 modules 25 active /workspace/project/xian-explorer/node_modules/readable-stream/node_modules/safe-buffer/index.js
<s> [webpack.Progress] 68% building 945/969 modules 24 active /workspace/project/xian-explorer/node_modules/readable-stream/node_modules/safe-buffer/index.js
<s> [webpack.Progress] 68% building 945/970 modules 25 active /workspace/project/xian-explorer/node_modules/@tendermint/ui/node_modules/markdown-it/lib/renderer.js
<s> [webpack.Progress] 68% building 945/971 modules 26 active /workspace/project/xian-explorer/node_modules/@tendermint/ui/node_modules/markdown-it/lib/parser_core.js
<s> [webpack.Progress] 68% building 945/972 modules 27 active /workspace/project/xian-explorer/node_modules/@tendermint/ui/node_modules/markdown-it/lib/parser_block.js
<s> [webpack.Progress] 68% building 945/973 modules 28 active /workspace/project/xian-explorer/node_modules/@tendermint/ui/node_modules/markdown-it/lib/parser_inline.js
<s> [webpack.Progress] 68% building 945/974 modules 29 active /workspace/project/xian-explorer/node_modules/core-js/library/modules/_invoke.js
<s> [webpack.Progress] 68% building 946/974 modules 28 active /workspace/project/xian-explorer/node_modules/core-js/library/modules/_invoke.js
<s> [webpack.Progress] 68% building 946/975 modules 29 active /workspace/project/xian-explorer/node_modules/axios/lib/helpers/normalizeHeaderName.js
<s> [webpack.Progress] 68% building 946/976 modules 30 active /workspace/project/xian-explorer/node_modules/@tendermint/ui/node_modules/markdown-it/lib/common/utils.js
<s> [webpack.Progress] 68% building 946/977 modules 31 active /workspace/project/xian-explorer/node_modules/@tendermint/ui/node_modules/markdown-it/lib/presets/default.js
<s> [webpack.Progress] 68% building 946/978 modules 32 active /workspace/project/xian-explorer/node_modules/@tendermint/ui/node_modules/markdown-it/lib/presets/zero.js
<s> [webpack.Progress] 67% building 946/979 modules 33 active /workspace/project/xian-explorer/node_modules/@tendermint/ui/node_modules/markdown-it/lib/presets/commonmark.js
<s> [webpack.Progress] 68% building 947/979 modules 32 active /workspace/project/xian-explorer/node_modules/@tendermint/ui/node_modules/markdown-it/lib/presets/commonmark.js
<s> [webpack.Progress] 68% building 948/979 modules 31 active /workspace/project/xian-explorer/node_modules/@tendermint/ui/node_modules/markdown-it/lib/presets/commonmark.js
<s> [webpack.Progress] 68% building 948/980 modules 32 active /workspace/project/xian-explorer/node_modules/axios/lib/adapters/xhr.js
<s> [webpack.Progress] 67% building 948/981 modules 33 active /workspace/project/xian-explorer/node_modules/axios/lib/core/InterceptorManager.js
<s> [webpack.Progress] 67% building 948/982 modules 34 active /workspace/project/xian-explorer/node_modules/axios/lib/core/dispatchRequest.js
<s> [webpack.Progress] 67% building 949/982 modules 33 active /workspace/project/xian-explorer/node_modules/axios/lib/core/dispatchRequest.js
<s> [webpack.Progress] 68% building 950/982 modules 32 active /workspace/project/xian-explorer/node_modules/axios/lib/core/dispatchRequest.js
<s> [webpack.Progress] 68% building 951/982 modules 31 active /workspace/project/xian-explorer/node_modules/axios/lib/core/dispatchRequest.js
<s> [webpack.Progress] 68% building 952/982 modules 30 active /workspace/project/xian-explorer/node_modules/axios/lib/core/dispatchRequest.js
<s> [webpack.Progress] 68% building 953/982 modules 29 active /workspace/project/xian-explorer/node_modules/axios/lib/core/dispatchRequest.js
<s> [webpack.Progress] 68% building 953/983 modules 30 active /workspace/project/xian-explorer/node_modules/hash-base/node_modules/readable-stream/lib/_stream_readable.js
<s> [webpack.Progress] 68% building 953/984 modules 31 active /workspace/project/xian-explorer/node_modules/hash-base/node_modules/readable-stream/lib/_stream_writable.js
<s> [webpack.Progress] 68% building 953/985 modules 32 active /workspace/project/xian-explorer/node_modules/hash-base/node_modules/readable-stream/lib/_stream_duplex.js
<s> [webpack.Progress] 67% building 953/986 modules 33 active /workspace/project/xian-explorer/node_modules/hash-base/node_modules/readable-stream/lib/_stream_transform.js
<s> [webpack.Progress] 67% building 953/987 modules 34 active /workspace/project/xian-explorer/node_modules/hash-base/node_modules/readable-stream/lib/_stream_passthrough.js
<s> [webpack.Progress] 67% building 954/987 modules 33 active /workspace/project/xian-explorer/node_modules/hash-base/node_modules/readable-stream/lib/_stream_passthrough.js
<s> [webpack.Progress] 67% building 954/988 modules 34 active /workspace/project/xian-explorer/node_modules/@tendermint/ui/src/components/TmToolBar/index.js
<s> [webpack.Progress] 67% building 955/988 modules 33 active /workspace/project/xian-explorer/node_modules/@tendermint/ui/src/components/TmToolBar/index.js
<s> [webpack.Progress] 68% building 956/988 modules 32 active /workspace/project/xian-explorer/node_modules/@tendermint/ui/src/components/TmToolBar/index.js
<s> [webpack.Progress] 68% building 957/988 modules 31 active /workspace/project/xian-explorer/node_modules/@tendermint/ui/src/components/TmToolBar/index.js
<s> [webpack.Progress] 68% building 958/988 modules 30 active /workspace/project/xian-explorer/node_modules/@tendermint/ui/src/components/TmToolBar/index.js
<s> [webpack.Progress] 68% building 959/988 modules 29 active /workspace/project/xian-explorer/node_modules/@tendermint/ui/src/components/TmToolBar/index.js
<s> [webpack.Progress] 68% building 960/988 modules 28 active /workspace/project/xian-explorer/node_modules/@tendermint/ui/src/components/TmToolBar/index.js
<s> [webpack.Progress] 68% building 961/988 modules 27 active /workspace/project/xian-explorer/node_modules/@tendermint/ui/src/components/TmToolBar/index.js
<s> [webpack.Progress] 68% building 961/989 modules 28 active /workspace/project/xian-explorer/node_modules/hash-base/node_modules/readable-stream/lib/internal/streams/end-of-stream.js
<s> [webpack.Progress] 68% building 961/990 modules 29 active /workspace/project/xian-explorer/node_modules/hash-base/node_modules/readable-stream/lib/internal/streams/pipeline.js
<s> [webpack.Progress] 68% building 962/990 modules 28 active /workspace/project/xian-explorer/node_modules/hash-base/node_modules/readable-stream/lib/internal/streams/pipeline.js
<s> [webpack.Progress] 68% building 962/991 modules 29 active ignored /workspace/project/xian-explorer/node_modules/hash-base/node_modules/readable-stream/lib util
<s> [webpack.Progress] 68% building 963/991 modules 28 active /workspace/project/xian-explorer/node_modules/hash-base/node_modules/readable-stream/lib/internal/streams/pipeline.js
<s> [webpack.Progress] 68% building 964/991 modules 27 active /workspace/project/xian-explorer/node_modules/hash-base/node_modules/readable-stream/lib/internal/streams/pipeline.js
<s> [webpack.Progress] 68% building 965/991 modules 26 active /workspace/project/xian-explorer/node_modules/hash-base/node_modules/readable-stream/lib/internal/streams/pipeline.js
<s> [webpack.Progress] 68% building 966/991 modules 25 active /workspace/project/xian-explorer/node_modules/hash-base/node_modules/readable-stream/lib/internal/streams/pipeline.js
<s> [webpack.Progress] 68% building 967/991 modules 24 active /workspace/project/xian-explorer/node_modules/hash-base/node_modules/readable-stream/lib/internal/streams/pipeline.js
<s> [webpack.Progress] 68% building 968/991 modules 23 active /workspace/project/xian-explorer/node_modules/hash-base/node_modules/readable-stream/lib/internal/streams/pipeline.js
<s> [webpack.Progress] 68% building 969/991 modules 22 active /workspace/project/xian-explorer/node_modules/hash-base/node_modules/readable-stream/lib/internal/streams/pipeline.js
<s> [webpack.Progress] 68% building 970/991 modules 21 active /workspace/project/xian-explorer/node_modules/css-loader/index.js??ref--11-oneOf-1-1!/workspace/project/xian-explorer/node_modules/vue-loader/lib/loaders/stylePostLoader.js!/workspace/project/xian-explorer/node_modules/postcss-loader/src/index.js??ref--11-oneOf-1-2!/workspace/project/xian-explorer/node_modules/stylus-loader/index.js??ref--11-oneOf-1-3!/workspace/project/xian-explorer/node_modules/cache-loader/dist/cjs.js??ref--0-0!/workspace/project/xian-explorer/node_modules/vue-loader/lib/index.js??vue-loader-options!/workspace/project/xian-explorer/node_modules/@tendermint/ui/src/components/TmToolBar/TmToolBar.vue?vue&type=style&index=0&id=457f7e52&lang=stylus
<s> [webpack.Progress] 68% building 970/992 modules 22 active /workspace/project/xian-explorer/node_modules/@tendermint/ui/node_modules/markdown-it/lib/ruler.js
<s> [webpack.Progress] 68% building 970/993 modules 23 active /workspace/project/xian-explorer/node_modules/hash-base/node_modules/readable-stream/errors-browser.js
<s> [webpack.Progress] 68% building 971/993 modules 22 active /workspace/project/xian-explorer/node_modules/hash-base/node_modules/readable-stream/errors-browser.js
<s> [webpack.Progress] 68% building 972/993 modules 21 active /workspace/project/xian-explorer/node_modules/hash-base/node_modules/readable-stream/errors-browser.js
<s> [webpack.Progress] 68% building 973/993 modules 20 active /workspace/project/xian-explorer/node_modules/hash-base/node_modules/readable-stream/errors-browser.js
<s> [webpack.Progress] 68% building 974/993 modules 19 active /workspace/project/xian-explorer/node_modules/hash-base/node_modules/readable-stream/errors-browser.js
<s> [webpack.Progress] 68% building 975/993 modules 18 active /workspace/project/xian-explorer/node_modules/hash-base/node_modules/readable-stream/errors-browser.js
<s> [webpack.Progress] 68% building 976/993 modules 17 active /workspace/project/xian-explorer/node_modules/hash-base/node_modules/readable-stream/errors-browser.js
<s> [webpack.Progress] 69% building 977/993 modules 16 active /workspace/project/xian-explorer/node_modules/hash-base/node_modules/readable-stream/errors-browser.js
<s> [webpack.Progress] 69% building 978/993 modules 15 active /workspace/project/xian-explorer/node_modules/hash-base/node_modules/readable-stream/errors-browser.js
<s> [webpack.Progress] 69% building 979/993 modules 14 active /workspace/project/xian-explorer/node_modules/hash-base/node_modules/readable-stream/errors-browser.js
<s> [webpack.Progress] 69% building 980/993 modules 13 active /workspace/project/xian-explorer/node_modules/hash-base/node_modules/readable-stream/errors-browser.js
<s> [webpack.Progress] 69% building 981/993 modules 12 active /workspace/project/xian-explorer/node_modules/hash-base/node_modules/readable-stream/errors-browser.js
<s> [webpack.Progress] 69% building 982/993 modules 11 active /workspace/project/xian-explorer/node_modules/hash-base/node_modules/readable-stream/errors-browser.js
<s> [webpack.Progress] 69% building 983/993 modules 10 active /workspace/project/xian-explorer/node_modules/hash-base/node_modules/readable-stream/errors-browser.js
<s> [webpack.Progress] 69% building 984/993 modules 9 active /workspace/project/xian-explorer/node_modules/hash-base/node_modules/readable-stream/errors-browser.js
<s> [webpack.Progress] 69% building 985/993 modules 8 active /workspace/project/xian-explorer/node_modules/hash-base/node_modules/readable-stream/errors-browser.js
<s> [webpack.Progress] 69% building 986/993 modules 7 active /workspace/project/xian-explorer/node_modules/hash-base/node_modules/readable-stream/errors-browser.js
<s> [webpack.Progress] 69% building 987/993 modules 6 active /workspace/project/xian-explorer/node_modules/hash-base/node_modules/readable-stream/errors-browser.js
<s> [webpack.Progress] 69% building 988/993 modules 5 active /workspace/project/xian-explorer/node_modules/hash-base/node_modules/readable-stream/errors-browser.js
<s> [webpack.Progress] 69% building 988/994 modules 6 active /workspace/project/xian-explorer/node_modules/@tendermint/ui/node_modules/markdown-it/lib/common/entities.js
<s> [webpack.Progress] 69% building 988/995 modules 7 active /workspace/project/xian-explorer/node_modules/@tendermint/ui/node_modules/markdown-it/lib/rules_core/normalize.js
<s> [webpack.Progress] 69% building 988/996 modules 8 active /workspace/project/xian-explorer/node_modules/@tendermint/ui/node_modules/markdown-it/lib/rules_core/block.js
<s> [webpack.Progress] 69% building 988/997 modules 9 active /workspace/project/xian-explorer/node_modules/@tendermint/ui/node_modules/markdown-it/lib/rules_core/inline.js
<s> [webpack.Progress] 69% building 988/998 modules 10 active /workspace/project/xian-explorer/node_modules/@tendermint/ui/node_modules/markdown-it/lib/rules_core/linkify.js
<s> [webpack.Progress] 69% building 988/999 modules 11 active /workspace/project/xian-explorer/node_modules/@tendermint/ui/node_modules/markdown-it/lib/rules_core/replacements.js
<s> [webpack.Progress] 69% building 988/1000 modules 12 active /workspace/project/xian-explorer/node_modules/@tendermint/ui/node_modules/markdown-it/lib/rules_core/smartquotes.js
<s> [webpack.Progress] 69% building 988/1001 modules 13 active /workspace/project/xian-explorer/node_modules/@tendermint/ui/node_modules/markdown-it/lib/rules_core/state_core.js
<s> [webpack.Progress] 69% building 988/1002 modules 14 active /workspace/project/xian-explorer/node_modules/@tendermint/ui/node_modules/markdown-it/lib/rules_block/table.js
<s> [webpack.Progress] 69% building 988/1003 modules 15 active /workspace/project/xian-explorer/node_modules/@tendermint/ui/node_modules/markdown-it/lib/rules_block/code.js
<s> [webpack.Progress] 69% building 988/1004 modules 16 active /workspace/project/xian-explorer/node_modules/@tendermint/ui/node_modules/markdown-it/lib/rules_block/fence.js
<s> [webpack.Progress] 68% building 988/1005 modules 17 active /workspace/project/xian-explorer/node_modules/@tendermint/ui/node_modules/markdown-it/lib/rules_block/blockquote.js
<s> [webpack.Progress] 68% building 988/1006 modules 18 active /workspace/project/xian-explorer/node_modules/@tendermint/ui/node_modules/markdown-it/lib/rules_block/hr.js
<s> [webpack.Progress] 68% building 988/1007 modules 19 active /workspace/project/xian-explorer/node_modules/@tendermint/ui/node_modules/markdown-it/lib/rules_block/list.js
<s> [webpack.Progress] 68% building 988/1008 modules 20 active /workspace/project/xian-explorer/node_modules/@tendermint/ui/node_modules/markdown-it/lib/rules_block/reference.js
<s> [webpack.Progress] 68% building 988/1009 modules 21 active /workspace/project/xian-explorer/node_modules/@tendermint/ui/node_modules/markdown-it/lib/rules_block/heading.js
<s> [webpack.Progress] 68% building 988/1010 modules 22 active /workspace/project/xian-explorer/node_modules/@tendermint/ui/node_modules/markdown-it/lib/rules_block/lheading.js
<s> [webpack.Progress] 68% building 988/1011 modules 23 active /workspace/project/xian-explorer/node_modules/@tendermint/ui/node_modules/markdown-it/lib/rules_block/html_block.js
<s> [webpack.Progress] 68% building 988/1012 modules 24 active /workspace/project/xian-explorer/node_modules/@tendermint/ui/node_modules/markdown-it/lib/rules_block/paragraph.js
<s> [webpack.Progress] 68% building 988/1013 modules 25 active /workspace/project/xian-explorer/node_modules/@tendermint/ui/node_modules/markdown-it/lib/rules_block/state_block.js
<s> [webpack.Progress] 68% building 988/1014 modules 26 active /workspace/project/xian-explorer/node_modules/@tendermint/ui/node_modules/markdown-it/lib/rules_inline/text.js
<s> [webpack.Progress] 68% building 988/1015 modules 27 active /workspace/project/xian-explorer/node_modules/@tendermint/ui/node_modules/markdown-it/lib/rules_inline/newline.js
<s> [webpack.Progress] 68% building 988/1016 modules 28 active /workspace/project/xian-explorer/node_modules/@tendermint/ui/node_modules/markdown-it/lib/rules_inline/escape.js
<s> [webpack.Progress] 68% building 988/1017 modules 29 active /workspace/project/xian-explorer/node_modules/@tendermint/ui/node_modules/markdown-it/lib/rules_inline/backticks.js
<s> [webpack.Progress] 68% building 988/1018 modules 30 active /workspace/project/xian-explorer/node_modules/@tendermint/ui/node_modules/markdown-it/lib/rules_inline/strikethrough.js
<s> [webpack.Progress] 68% building 988/1019 modules 31 active /workspace/project/xian-explorer/node_modules/@tendermint/ui/node_modules/markdown-it/lib/rules_inline/emphasis.js
<s> [webpack.Progress] 68% building 988/1020 modules 32 active /workspace/project/xian-explorer/node_modules/@tendermint/ui/node_modules/markdown-it/lib/rules_inline/link.js
<s> [webpack.Progress] 68% building 988/1021 modules 33 active /workspace/project/xian-explorer/node_modules/@tendermint/ui/node_modules/markdown-it/lib/rules_inline/image.js
<s> [webpack.Progress] 68% building 988/1022 modules 34 active /workspace/project/xian-explorer/node_modules/@tendermint/ui/node_modules/markdown-it/lib/rules_inline/autolink.js
<s> [webpack.Progress] 67% building 988/1023 modules 35 active /workspace/project/xian-explorer/node_modules/@tendermint/ui/node_modules/markdown-it/lib/rules_inline/html_inline.js
<s> [webpack.Progress] 67% building 988/1024 modules 36 active /workspace/project/xian-explorer/node_modules/@tendermint/ui/node_modules/markdown-it/lib/rules_inline/entity.js
<s> [webpack.Progress] 67% building 988/1025 modules 37 active /workspace/project/xian-explorer/node_modules/@tendermint/ui/node_modules/markdown-it/lib/rules_inline/balance_pairs.js
<s> [webpack.Progress] 67% building 988/1026 modules 38 active /workspace/project/xian-explorer/node_modules/@tendermint/ui/node_modules/markdown-it/lib/rules_inline/text_collapse.js
<s> [webpack.Progress] 67% building 988/1027 modules 39 active /workspace/project/xian-explorer/node_modules/@tendermint/ui/node_modules/markdown-it/lib/rules_inline/state_inline.js
<s> [webpack.Progress] 67% building 988/1028 modules 40 active /workspace/project/xian-explorer/node_modules/axios/lib/core/transformData.js
<s> [webpack.Progress] 67% building 988/1029 modules 41 active /workspace/project/xian-explorer/node_modules/axios/lib/helpers/isAbsoluteURL.js
<s> [webpack.Progress] 67% building 988/1030 modules 42 active /workspace/project/xian-explorer/node_modules/axios/lib/helpers/combineURLs.js
<s> [webpack.Progress] 67% building 988/1031 modules 43 active /workspace/project/xian-explorer/node_modules/axios/lib/core/settle.js
<s> [webpack.Progress] 67% building 988/1032 modules 44 active /workspace/project/xian-explorer/node_modules/axios/lib/helpers/buildURL.js
<s> [webpack.Progress] 67% building 988/1033 modules 45 active /workspace/project/xian-explorer/node_modules/axios/lib/helpers/parseHeaders.js
<s> [webpack.Progress] 67% building 988/1034 modules 46 active /workspace/project/xian-explorer/node_modules/axios/lib/helpers/isURLSameOrigin.js
<s> [webpack.Progress] 67% building 988/1035 modules 47 active /workspace/project/xian-explorer/node_modules/axios/lib/core/createError.js
<s> [webpack.Progress] 67% building 988/1036 modules 48 active /workspace/project/xian-explorer/node_modules/axios/lib/helpers/cookies.js
<s> [webpack.Progress] 67% building 989/1036 modules 47 active /workspace/project/xian-explorer/node_modules/axios/lib/helpers/cookies.js
<s> [webpack.Progress] 67% building 989/1037 modules 48 active /workspace/project/xian-explorer/node_modules/hash-base/node_modules/readable-stream/lib/internal/streams/buffer_list.js
<s> [webpack.Progress] 67% building 989/1038 modules 49 active /workspace/project/xian-explorer/node_modules/hash-base/node_modules/readable-stream/lib/internal/streams/destroy.js
<s> [webpack.Progress] 67% building 989/1039 modules 50 active /workspace/project/xian-explorer/node_modules/hash-base/node_modules/readable-stream/lib/internal/streams/state.js
<s> [webpack.Progress] 67% building 989/1040 modules 51 active /workspace/project/xian-explorer/node_modules/hash-base/node_modules/readable-stream/lib/internal/streams/async_iterator.js
<s> [webpack.Progress] 67% building 990/1040 modules 50 active /workspace/project/xian-explorer/node_modules/hash-base/node_modules/readable-stream/lib/internal/streams/async_iterator.js
<s> [webpack.Progress] 67% building 990/1041 modules 51 active /workspace/project/xian-explorer/node_modules/@tendermint/ui/node_modules/markdown-it/lib/helpers/index.js
<s> [webpack.Progress] 67% building 991/1041 modules 50 active /workspace/project/xian-explorer/node_modules/@tendermint/ui/node_modules/markdown-it/lib/helpers/index.js
<s> [webpack.Progress] 67% building 991/1042 modules 51 active /workspace/project/xian-explorer/node_modules/hash-base/node_modules/readable-stream/lib/internal/streams/stream-browser.js
<s> [webpack.Progress] 67% building 991/1043 modules 52 active /workspace/project/xian-explorer/node_modules/hash-base/node_modules/readable-stream/lib/internal/streams/from-browser.js
<s> [webpack.Progress] 67% building 992/1043 modules 51 active /workspace/project/xian-explorer/node_modules/hash-base/node_modules/readable-stream/lib/internal/streams/from-browser.js
<s> [webpack.Progress] 67% building 993/1043 modules 50 active /workspace/project/xian-explorer/node_modules/hash-base/node_modules/readable-stream/lib/internal/streams/from-browser.js
<s> [webpack.Progress] 67% building 994/1043 modules 49 active /workspace/project/xian-explorer/node_modules/hash-base/node_modules/readable-stream/lib/internal/streams/from-browser.js
<s> [webpack.Progress] 67% building 995/1043 modules 48 active /workspace/project/xian-explorer/node_modules/hash-base/node_modules/readable-stream/lib/internal/streams/from-browser.js
<s> [webpack.Progress] 67% building 996/1043 modules 47 active /workspace/project/xian-explorer/node_modules/hash-base/node_modules/readable-stream/lib/internal/streams/from-browser.js
<s> [webpack.Progress] 67% building 997/1043 modules 46 active /workspace/project/xian-explorer/node_modules/hash-base/node_modules/readable-stream/lib/internal/streams/from-browser.js
<s> [webpack.Progress] 67% building 998/1043 modules 45 active /workspace/project/xian-explorer/node_modules/hash-base/node_modules/readable-stream/lib/internal/streams/from-browser.js
<s> [webpack.Progress] 67% building 999/1043 modules 44 active /workspace/project/xian-explorer/node_modules/hash-base/node_modules/readable-stream/lib/internal/streams/from-browser.js
<s> [webpack.Progress] 67% building 1000/1043 modules 43 active /workspace/project/xian-explorer/node_modules/hash-base/node_modules/readable-stream/lib/internal/streams/from-browser.js
<s> [webpack.Progress] 67% building 1001/1043 modules 42 active /workspace/project/xian-explorer/node_modules/hash-base/node_modules/readable-stream/lib/internal/streams/from-browser.js
<s> [webpack.Progress] 67% building 1002/1043 modules 41 active /workspace/project/xian-explorer/node_modules/hash-base/node_modules/readable-stream/lib/internal/streams/from-browser.js
<s> [webpack.Progress] 67% building 1003/1043 modules 40 active /workspace/project/xian-explorer/node_modules/hash-base/node_modules/readable-stream/lib/internal/streams/from-browser.js
<s> [webpack.Progress] 67% building 1004/1043 modules 39 active /workspace/project/xian-explorer/node_modules/hash-base/node_modules/readable-stream/lib/internal/streams/from-browser.js
<s> [webpack.Progress] 67% building 1005/1043 modules 38 active /workspace/project/xian-explorer/node_modules/hash-base/node_modules/readable-stream/lib/internal/streams/from-browser.js
<s> [webpack.Progress] 67% building 1006/1043 modules 37 active /workspace/project/xian-explorer/node_modules/hash-base/node_modules/readable-stream/lib/internal/streams/from-browser.js
<s> [webpack.Progress] 67% building 1007/1043 modules 36 active /workspace/project/xian-explorer/node_modules/hash-base/node_modules/readable-stream/lib/internal/streams/from-browser.js
<s> [webpack.Progress] 67% building 1008/1043 modules 35 active /workspace/project/xian-explorer/node_modules/hash-base/node_modules/readable-stream/lib/internal/streams/from-browser.js
<s> [webpack.Progress] 68% building 1009/1043 modules 34 active /workspace/project/xian-explorer/node_modules/hash-base/node_modules/readable-stream/lib/internal/streams/from-browser.js
<s> [webpack.Progress] 68% building 1010/1043 modules 33 active /workspace/project/xian-explorer/node_modules/hash-base/node_modules/readable-stream/lib/internal/streams/from-browser.js
<s> [webpack.Progress] 68% building 1011/1043 modules 32 active /workspace/project/xian-explorer/node_modules/hash-base/node_modules/readable-stream/lib/internal/streams/from-browser.js
<s> [webpack.Progress] 68% building 1012/1043 modules 31 active /workspace/project/xian-explorer/node_modules/hash-base/node_modules/readable-stream/lib/internal/streams/from-browser.js
<s> [webpack.Progress] 68% building 1013/1043 modules 30 active /workspace/project/xian-explorer/node_modules/hash-base/node_modules/readable-stream/lib/internal/streams/from-browser.js
<s> [webpack.Progress] 68% building 1014/1043 modules 29 active /workspace/project/xian-explorer/node_modules/hash-base/node_modules/readable-stream/lib/internal/streams/from-browser.js
<s> [webpack.Progress] 68% building 1015/1043 modules 28 active /workspace/project/xian-explorer/node_modules/hash-base/node_modules/readable-stream/lib/internal/streams/from-browser.js
<s> [webpack.Progress] 68% building 1016/1043 modules 27 active /workspace/project/xian-explorer/node_modules/hash-base/node_modules/readable-stream/lib/internal/streams/from-browser.js
<s> [webpack.Progress] 68% building 1017/1043 modules 26 active /workspace/project/xian-explorer/node_modules/hash-base/node_modules/readable-stream/lib/internal/streams/from-browser.js
<s> [webpack.Progress] 68% building 1018/1043 modules 25 active /workspace/project/xian-explorer/node_modules/hash-base/node_modules/readable-stream/lib/internal/streams/from-browser.js
<s> [webpack.Progress] 68% building 1019/1043 modules 24 active /workspace/project/xian-explorer/node_modules/hash-base/node_modules/readable-stream/lib/internal/streams/from-browser.js
<s> [webpack.Progress] 68% building 1020/1043 modules 23 active /workspace/project/xian-explorer/node_modules/hash-base/node_modules/readable-stream/lib/internal/streams/from-browser.js
<s> [webpack.Progress] 68% building 1021/1043 modules 22 active /workspace/project/xian-explorer/node_modules/hash-base/node_modules/readable-stream/lib/internal/streams/from-browser.js
<s> [webpack.Progress] 68% building 1022/1043 modules 21 active /workspace/project/xian-explorer/node_modules/hash-base/node_modules/readable-stream/lib/internal/streams/from-browser.js
<s> [webpack.Progress] 68% building 1023/1043 modules 20 active /workspace/project/xian-explorer/node_modules/hash-base/node_modules/readable-stream/lib/internal/streams/from-browser.js
<s> [webpack.Progress] 68% building 1024/1043 modules 19 active /workspace/project/xian-explorer/node_modules/hash-base/node_modules/readable-stream/lib/internal/streams/from-browser.js
<s> [webpack.Progress] 68% building 1025/1043 modules 18 active /workspace/project/xian-explorer/node_modules/hash-base/node_modules/readable-stream/lib/internal/streams/from-browser.js
<s> [webpack.Progress] 69% building 1026/1043 modules 17 active /workspace/project/xian-explorer/node_modules/hash-base/node_modules/readable-stream/lib/internal/streams/from-browser.js
<s> [webpack.Progress] 69% building 1027/1043 modules 16 active /workspace/project/xian-explorer/node_modules/hash-base/node_modules/readable-stream/lib/internal/streams/from-browser.js
<s> [webpack.Progress] 69% building 1028/1043 modules 15 active /workspace/project/xian-explorer/node_modules/hash-base/node_modules/readable-stream/lib/internal/streams/from-browser.js
<s> [webpack.Progress] 69% building 1029/1043 modules 14 active /workspace/project/xian-explorer/node_modules/hash-base/node_modules/readable-stream/lib/internal/streams/from-browser.js
<s> [webpack.Progress] 69% building 1030/1043 modules 13 active /workspace/project/xian-explorer/node_modules/hash-base/node_modules/readable-stream/lib/internal/streams/from-browser.js
<s> [webpack.Progress] 69% building 1031/1043 modules 12 active /workspace/project/xian-explorer/node_modules/hash-base/node_modules/readable-stream/lib/internal/streams/from-browser.js
<s> [webpack.Progress] 69% building 1032/1043 modules 11 active /workspace/project/xian-explorer/node_modules/hash-base/node_modules/readable-stream/lib/internal/streams/from-browser.js
<s> [webpack.Progress] 69% building 1033/1043 modules 10 active /workspace/project/xian-explorer/node_modules/hash-base/node_modules/readable-stream/lib/internal/streams/from-browser.js
<s> [webpack.Progress] 69% building 1034/1043 modules 9 active /workspace/project/xian-explorer/node_modules/hash-base/node_modules/readable-stream/lib/internal/streams/from-browser.js
<s> [webpack.Progress] 69% building 1034/1044 modules 10 active /workspace/project/xian-explorer/node_modules/linkify-it/index.js
<s> [webpack.Progress] 69% building 1034/1045 modules 11 active /workspace/project/xian-explorer/node_modules/mdurl/index.js
<s> [webpack.Progress] 69% building 1035/1045 modules 10 active /workspace/project/xian-explorer/node_modules/mdurl/index.js
<s> [webpack.Progress] 69% building 1036/1045 modules 9 active /workspace/project/xian-explorer/node_modules/mdurl/index.js
<s> [webpack.Progress] 69% building 1037/1045 modules 8 active /workspace/project/xian-explorer/node_modules/mdurl/index.js
<s> [webpack.Progress] 69% building 1037/1046 modules 9 active ignored /workspace/project/xian-explorer/node_modules/hash-base/node_modules/readable-stream/lib/internal/streams util
<s> [webpack.Progress] 69% building 1038/1046 modules 8 active /workspace/project/xian-explorer/node_modules/mdurl/index.js
<s> [webpack.Progress] 69% building 1039/1046 modules 7 active /workspace/project/xian-explorer/node_modules/mdurl/index.js
<s> [webpack.Progress] 69% building 1040/1046 modules 6 active /workspace/project/xian-explorer/node_modules/mdurl/index.js
<s> [webpack.Progress] 69% building 1041/1046 modules 5 active /workspace/project/xian-explorer/node_modules/mdurl/index.js
<s> [webpack.Progress] 69% building 1042/1046 modules 4 active /workspace/project/xian-explorer/node_modules/mdurl/index.js
<s> [webpack.Progress] 69% building 1043/1046 modules 3 active /workspace/project/xian-explorer/node_modules/mdurl/index.js
<s> [webpack.Progress] 69% building 1044/1046 modules 2 active /workspace/project/xian-explorer/node_modules/mdurl/index.js
<s> [webpack.Progress] 69% building 1045/1046 modules 1 active /workspace/project/xian-explorer/node_modules/css-loader/index.js??ref--11-oneOf-1-1!/workspace/project/xian-explorer/node_modules/vue-loader/lib/loaders/stylePostLoader.js!/workspace/project/xian-explorer/node_modules/postcss-loader/src/index.js??ref--11-oneOf-1-2!/workspace/project/xian-explorer/node_modules/stylus-loader/index.js??ref--11-oneOf-1-3!/workspace/project/xian-explorer/src/styles/app.styl?vue&type=style&index=0&lang=stylus&external
<s> [webpack.Progress] 69% building 1045/1047 modules 2 active /workspace/project/xian-explorer/node_modules/@tendermint/ui/node_modules/markdown-it/lib/token.js
<s> [webpack.Progress] 69% building 1045/1048 modules 3 active /workspace/project/xian-explorer/node_modules/@tendermint/ui/node_modules/markdown-it/lib/common/html_blocks.js
<s> [webpack.Progress] 69% building 1045/1049 modules 4 active /workspace/project/xian-explorer/node_modules/@tendermint/ui/node_modules/markdown-it/lib/common/html_re.js
<s> [webpack.Progress] 69% building 1045/1050 modules 5 active /workspace/project/xian-explorer/node_modules/axios/lib/core/enhanceError.js
<s> [webpack.Progress] 69% building 1045/1051 modules 6 active /workspace/project/xian-explorer/node_modules/uc.micro/categories/P/regex.js
<s> [webpack.Progress] 69% building 1045/1052 modules 7 active /workspace/project/xian-explorer/node_modules/@tendermint/ui/node_modules/markdown-it/lib/helpers/parse_link_label.js
<s> [webpack.Progress] 69% building 1045/1053 modules 8 active /workspace/project/xian-explorer/node_modules/@tendermint/ui/node_modules/markdown-it/lib/helpers/parse_link_destination.js
<s> [webpack.Progress] 69% building 1045/1054 modules 9 active /workspace/project/xian-explorer/node_modules/@tendermint/ui/node_modules/markdown-it/lib/helpers/parse_link_title.js
<s> [webpack.Progress] 69% building 1046/1054 modules 8 active /workspace/project/xian-explorer/node_modules/@tendermint/ui/node_modules/markdown-it/lib/helpers/parse_link_title.js
<s> [webpack.Progress] 69% building 1047/1054 modules 7 active /workspace/project/xian-explorer/node_modules/@tendermint/ui/node_modules/markdown-it/lib/helpers/parse_link_title.js
<s> [webpack.Progress] 69% building 1048/1054 modules 6 active /workspace/project/xian-explorer/node_modules/@tendermint/ui/node_modules/markdown-it/lib/helpers/parse_link_title.js
<s> [webpack.Progress] 69% building 1049/1054 modules 5 active /workspace/project/xian-explorer/node_modules/@tendermint/ui/node_modules/markdown-it/lib/helpers/parse_link_title.js
<s> [webpack.Progress] 69% building 1050/1054 modules 4 active /workspace/project/xian-explorer/node_modules/@tendermint/ui/node_modules/markdown-it/lib/helpers/parse_link_title.js
<s> [webpack.Progress] 69% building 1050/1055 modules 5 active /workspace/project/xian-explorer/node_modules/mdurl/encode.js
<s> [webpack.Progress] 69% building 1050/1056 modules 6 active /workspace/project/xian-explorer/node_modules/mdurl/decode.js
<s> [webpack.Progress] 69% building 1050/1057 modules 7 active /workspace/project/xian-explorer/node_modules/mdurl/parse.js
<s> [webpack.Progress] 69% building 1050/1058 modules 8 active /workspace/project/xian-explorer/node_modules/mdurl/format.js
<s> [webpack.Progress] 69% building 1050/1059 modules 9 active /workspace/project/xian-explorer/node_modules/uc.micro/index.js
<s> [webpack.Progress] 69% building 1051/1059 modules 8 active /workspace/project/xian-explorer/node_modules/uc.micro/index.js
<s> [webpack.Progress] 69% building 1052/1059 modules 7 active /workspace/project/xian-explorer/node_modules/uc.micro/index.js
<s> [webpack.Progress] 69% building 1053/1059 modules 6 active /workspace/project/xian-explorer/node_modules/uc.micro/index.js
<s> [webpack.Progress] 69% building 1053/1060 modules 7 active /workspace/project/xian-explorer/node_modules/linkify-it/lib/re.js
<s> [webpack.Progress] 69% building 1054/1060 modules 6 active /workspace/project/xian-explorer/node_modules/linkify-it/lib/re.js
<s> [webpack.Progress] 69% building 1055/1060 modules 5 active /workspace/project/xian-explorer/node_modules/linkify-it/lib/re.js
<s> [webpack.Progress] 69% building 1056/1060 modules 4 active /workspace/project/xian-explorer/node_modules/linkify-it/lib/re.js
<s> [webpack.Progress] 69% building 1057/1060 modules 3 active /workspace/project/xian-explorer/node_modules/linkify-it/lib/re.js
<s> [webpack.Progress] 69% building 1058/1060 modules 2 active /workspace/project/xian-explorer/node_modules/linkify-it/lib/re.js
<s> [webpack.Progress] 69% building 1058/1061 modules 3 active /workspace/project/xian-explorer/node_modules/entities/maps/entities.json
<s> [webpack.Progress] 69% building 1059/1061 modules 2 active /workspace/project/xian-explorer/node_modules/entities/maps/entities.json
<s> [webpack.Progress] 69% building 1060/1061 modules 1 active /workspace/project/xian-explorer/node_modules/css-loader/index.js??ref--11-oneOf-1-1!/workspace/project/xian-explorer/node_modules/vue-loader/lib/loaders/stylePostLoader.js!/workspace/project/xian-explorer/node_modules/postcss-loader/src/index.js??ref--11-oneOf-1-2!/workspace/project/xian-explorer/node_modules/stylus-loader/index.js??ref--11-oneOf-1-3!/workspace/project/xian-explorer/src/styles/app.styl?vue&type=style&index=0&lang=stylus&external
<s> [webpack.Progress] 69% building 1060/1062 modules 2 active /workspace/project/xian-explorer/node_modules/uc.micro/categories/Cc/regex.js
<s> [webpack.Progress] 69% building 1060/1063 modules 3 active /workspace/project/xian-explorer/node_modules/uc.micro/categories/Cf/regex.js
<s> [webpack.Progress] 69% building 1060/1064 modules 4 active /workspace/project/xian-explorer/node_modules/uc.micro/categories/Z/regex.js
<s> [webpack.Progress] 69% building 1060/1065 modules 5 active /workspace/project/xian-explorer/node_modules/uc.micro/properties/Any/regex.js
<s> [webpack.Progress] 69% building 1061/1065 modules 4 active /workspace/project/xian-explorer/node_modules/uc.micro/properties/Any/regex.js
<s> [webpack.Progress] 69% building 1062/1065 modules 3 active /workspace/project/xian-explorer/node_modules/uc.micro/properties/Any/regex.js
<s> [webpack.Progress] 69% building 1063/1065 modules 2 active /workspace/project/xian-explorer/node_modules/uc.micro/properties/Any/regex.js
<s> [webpack.Progress] 69% building 1064/1065 modules 1 active /workspace/project/xian-explorer/node_modules/css-loader/index.js??ref--11-oneOf-1-1!/workspace/project/xian-explorer/node_modules/vue-loader/lib/loaders/stylePostLoader.js!/workspace/project/xian-explorer/node_modules/postcss-loader/src/index.js??ref--11-oneOf-1-2!/workspace/project/xian-explorer/node_modules/stylus-loader/index.js??ref--11-oneOf-1-3!/workspace/project/xian-explorer/src/styles/app.styl?vue&type=style&index=0&lang=stylus&external
<s> [webpack.Progress] 70% building 1065/1065 modules 0 active 
<s> [webpack.Progress] 69% building 1065/1066 modules 1 active /workspace/project/xian-explorer/node_modules/css-loader/lib/url/escape.js
<s> [webpack.Progress] 69% building 1065/1067 modules 2 active /workspace/project/xian-explorer/node_modules/url-loader/dist/cjs.js??ref--4-0!/workspace/project/xian-explorer/src/assets/fonts/MaterialIcons-Regular.woff
<s> [webpack.Progress] 69% building 1065/1068 modules 3 active /workspace/project/xian-explorer/node_modules/url-loader/dist/cjs.js??ref--4-0!/workspace/project/xian-explorer/src/assets/fonts/MaterialIcons-Regular.ttf
<s> [webpack.Progress] 69% building 1065/1069 modules 4 active /workspace/project/xian-explorer/node_modules/url-loader/dist/cjs.js??ref--4-0!/workspace/project/xian-explorer/src/assets/fonts/MaterialIcons-Regular.woff2
<s> [webpack.Progress] 69% building 1066/1069 modules 3 active /workspace/project/xian-explorer/node_modules/url-loader/dist/cjs.js??ref--4-0!/workspace/project/xian-explorer/src/assets/fonts/MaterialIcons-Regular.woff2
<s> [webpack.Progress] 69% building 1067/1069 modules 2 active /workspace/project/xian-explorer/node_modules/url-loader/dist/cjs.js??ref--4-0!/workspace/project/xian-explorer/src/assets/fonts/MaterialIcons-Regular.woff2
<s> [webpack.Progress] 69% building 1068/1069 modules 1 active /workspace/project/xian-explorer/node_modules/url-loader/dist/cjs.js??ref--4-0!/workspace/project/xian-explorer/src/assets/fonts/MaterialIcons-Regular.ttf
<s> [webpack.Progress] 70% building 1069/1069 modules 0 active 
<s> [webpack.Progress] 70% building 1069/1069 modules 0 active 
<s> [webpack.Progress] 70% finish module graph
<s> [webpack.Progress] 70% finish module graph FlagDependencyExportsPlugin
<s> [webpack.Progress] 70% sealing
<s> [webpack.Progress] 70% sealing WarnCaseSensitiveModulesPlugin
<s> [webpack.Progress] 72% basic dependencies optimization
<s> [webpack.Progress] 72% dependencies optimization
<s> [webpack.Progress] 73% advanced dependencies optimization
<s> [webpack.Progress] 73% after dependencies optimization
<s> [webpack.Progress] 71% chunk graph
<s> [webpack.Progress] 71% after chunk graph
<s> [webpack.Progress] 71% after chunk graph WebAssemblyModulesPlugin
<s> [webpack.Progress] 74% optimizing
<s> [webpack.Progress] 74% basic module optimization
<s> [webpack.Progress] 75% module optimization
<s> [webpack.Progress] 75% advanced module optimization
<s> [webpack.Progress] 76% after module optimization
<s> [webpack.Progress] 76% basic chunk optimization
<s> [webpack.Progress] 76% basic chunk optimization EnsureChunkConditionsPlugin
<s> [webpack.Progress] 76% basic chunk optimization RemoveEmptyChunksPlugin
<s> [webpack.Progress] 76% basic chunk optimization MergeDuplicateChunksPlugin
<s> [webpack.Progress] 77% chunk optimization
<s> [webpack.Progress] 77% advanced chunk optimization
<s> [webpack.Progress] 77% advanced chunk optimization SplitChunksPlugin
<s> [webpack.Progress] 77% advanced chunk optimization RemoveEmptyChunksPlugin
<s> [webpack.Progress] 77% after chunk optimization
<s> [webpack.Progress] 78% module and chunk tree optimization
<s> [webpack.Progress] 78% after module and chunk tree optimization
<s> [webpack.Progress] 79% basic chunk modules optimization
<s> [webpack.Progress] 80% chunk modules optimization
<s> [webpack.Progress] 80% advanced chunk modules optimization
<s> [webpack.Progress] 81% after chunk modules optimization
<s> [webpack.Progress] 81% module reviving
<s> [webpack.Progress] 81% module reviving RecordIdsPlugin
<s> [webpack.Progress] 82% module order optimization
<s> [webpack.Progress] 82% advanced module order optimization
<s> [webpack.Progress] 83% before module ids
<s> [webpack.Progress] 83% before module ids NamedModulesPlugin
<s> [webpack.Progress] 83% module ids
<s> [webpack.Progress] 84% module id optimization
<s> [webpack.Progress] 84% module id optimization
<s> [webpack.Progress] 85% chunk reviving
<s> [webpack.Progress] 85% chunk reviving RecordIdsPlugin
<s> [webpack.Progress] 85% chunk order optimization
<s> [webpack.Progress] 85% chunk order optimization OccurrenceOrderChunkIdsPlugin
<s> [webpack.Progress] 86% before chunk ids
<s> [webpack.Progress] 86% before chunk ids NamedChunksPlugin
<s> [webpack.Progress] 86% chunk id optimization
<s> [webpack.Progress] 87% after chunk id optimization
<s> [webpack.Progress] 87% record modules
<s> [webpack.Progress] 87% record modules RecordIdsPlugin
<s> [webpack.Progress] 87% record chunks
<s> [webpack.Progress] 87% record chunks RecordIdsPlugin
<s> [webpack.Progress] 88% hashing
<s> [webpack.Progress] 88% after hashing
<s> [webpack.Progress] 88% after hashing HotModuleReplacementPlugin
<s> [webpack.Progress] 89% record hash
<s> [webpack.Progress] 89% module assets processing
<s> [webpack.Progress] 90% chunk assets processing
<s> [webpack.Progress] 90% additional chunk assets processing
<s> [webpack.Progress] 90% additional chunk assets processing HotModuleReplacementPlugin
<s> [webpack.Progress] 91% recording
<s> [webpack.Progress] 91% recording HotModuleReplacementPlugin
<s> [webpack.Progress] 92% additional asset processing
<s> [webpack.Progress] 92% chunk asset optimization
<s> [webpack.Progress] 93% after chunk asset optimization
<s> [webpack.Progress] 93% asset optimization
<s> [webpack.Progress] 94% after asset optimization
<s> [webpack.Progress] 94% after seal
<s> [webpack.Progress] 95% emitting
<s> [webpack.Progress] 95% emitting HtmlWebpackPlugin
<s> [webpack.Progress] 95% emitting CopyPlugin
<s> [webpack.Progress] 98% after emitting
<s> [webpack.Progress] 98% after emitting CopyPlugin
 DONE  Compiled successfully in 6364ms8:04:00 AM

<s> [webpack.Progress] 100% 


  App running at:
  - Local:   http://localhost:12000/ 
  - Network: unavailable

  Note that the development build is not optimized.
  To create a production build, run npm run build.

 WAIT  Compiling...8:19:20 AM

<s> [webpack.Progress] 0% compiling
<s> [webpack.Progress] 10% building 0/0 modules 0 active 
<s> [webpack.Progress] 10% building 0/0 modules 0 active 
<s> [webpack.Progress] 10% building 0/1 modules 1 active /workspace/project/xian-explorer/node_modules/cache-loader/dist/cjs.js??ref--0-0!/workspace/project/xian-explorer/node_modules/vue-loader/lib/index.js??vue-loader-options!/workspace/project/xian-explorer/node_modules/eslint-loader/index.js??ref--13-0!/workspace/project/xian-explorer/src/components/ModernPageTx.vue
<s> [webpack.Progress] 40% building 0/1 modules 1 active /workspace/project/xian-explorer/node_modules/cache-loader/dist/cjs.js??ref--0-0!/workspace/project/xian-explorer/node_modules/vue-loader/lib/index.js??vue-loader-options!/workspace/project/xian-explorer/node_modules/eslint-loader/index.js??ref--13-0!/workspace/project/xian-explorer/src/components/ModernPageTx.vue
<s> [webpack.Progress] 40% building 1/1 modules 0 active 
<s> [webpack.Progress] 40% building 1/2 modules 1 active /workspace/project/xian-explorer/node_modules/cache-loader/dist/cjs.js?{"cacheDirectory":"node_modules/.cache/vue-loader","cacheIdentifier":"1fe9d2cf-vue-loader-template"}!/workspace/project/xian-explorer/node_modules/cache-loader/dist/cjs.js??ref--12-0!/workspace/project/xian-explorer/node_modules/babel-loader/lib/index.js!/workspace/project/xian-explorer/node_modules/vue-loader/lib/loaders/templateLoader.js??ref--6!/workspace/project/xian-explorer/node_modules/cache-loader/dist/cjs.js??ref--0-0!/workspace/project/xian-explorer/node_modules/vue-loader/lib/index.js??vue-loader-options!/workspace/project/xian-explorer/src/components/ModernPageTx.vue?vue&type=template&id=4be656bc&scoped=true
<s> [webpack.Progress] 40% building 1/3 modules 2 active /workspace/project/xian-explorer/node_modules/cache-loader/dist/cjs.js??ref--12-0!/workspace/project/xian-explorer/node_modules/babel-loader/lib/index.js!/workspace/project/xian-explorer/node_modules/cache-loader/dist/cjs.js??ref--0-0!/workspace/project/xian-explorer/node_modules/vue-loader/lib/index.js??vue-loader-options!/workspace/project/xian-explorer/src/components/ModernPageTx.vue?vue&type=script&lang=js
<s> [webpack.Progress] 40% building 1/4 modules 3 active /workspace/project/xian-explorer/node_modules/css-loader/index.js??ref--6-oneOf-1-1!/workspace/project/xian-explorer/node_modules/vue-loader/lib/loaders/stylePostLoader.js!/workspace/project/xian-explorer/node_modules/postcss-loader/src/index.js??ref--6-oneOf-1-2!/workspace/project/xian-explorer/node_modules/cache-loader/dist/cjs.js??ref--0-0!/workspace/project/xian-explorer/node_modules/vue-loader/lib/index.js??vue-loader-options!/workspace/project/xian-explorer/src/components/ModernPageTx.vue?vue&type=style&index=0&id=4be656bc&scoped=true&lang=css
<s> [webpack.Progress] 40% building 2/4 modules 2 active /workspace/project/xian-explorer/node_modules/css-loader/index.js??ref--6-oneOf-1-1!/workspace/project/xian-explorer/node_modules/vue-loader/lib/loaders/stylePostLoader.js!/workspace/project/xian-explorer/node_modules/postcss-loader/src/index.js??ref--6-oneOf-1-2!/workspace/project/xian-explorer/node_modules/cache-loader/dist/cjs.js??ref--0-0!/workspace/project/xian-explorer/node_modules/vue-loader/lib/index.js??vue-loader-options!/workspace/project/xian-explorer/src/components/ModernPageTx.vue?vue&type=style&index=0&id=4be656bc&scoped=true&lang=css
<s> [webpack.Progress] 40% building 3/4 modules 1 active /workspace/project/xian-explorer/node_modules/css-loader/index.js??ref--6-oneOf-1-1!/workspace/project/xian-explorer/node_modules/vue-loader/lib/loaders/stylePostLoader.js!/workspace/project/xian-explorer/node_modules/postcss-loader/src/index.js??ref--6-oneOf-1-2!/workspace/project/xian-explorer/node_modules/cache-loader/dist/cjs.js??ref--0-0!/workspace/project/xian-explorer/node_modules/vue-loader/lib/index.js??vue-loader-options!/workspace/project/xian-explorer/src/components/ModernPageTx.vue?vue&type=style&index=0&id=4be656bc&scoped=true&lang=css
<s> [webpack.Progress] 40% building 4/4 modules 0 active 
<s> [webpack.Progress] 70% building 4/4 modules 0 active 
<s> [webpack.Progress] 70% finish module graph
<s> [webpack.Progress] 70% finish module graph FlagDependencyExportsPlugin
<s> [webpack.Progress] 70% sealing
<s> [webpack.Progress] 70% sealing WarnCaseSensitiveModulesPlugin
<s> [webpack.Progress] 72% basic dependencies optimization
<s> [webpack.Progress] 72% dependencies optimization
<s> [webpack.Progress] 73% advanced dependencies optimization
<s> [webpack.Progress] 73% after dependencies optimization
<s> [webpack.Progress] 71% chunk graph
<s> [webpack.Progress] 71% after chunk graph
<s> [webpack.Progress] 71% after chunk graph WebAssemblyModulesPlugin
<s> [webpack.Progress] 74% optimizing
<s> [webpack.Progress] 74% basic module optimization
<s> [webpack.Progress] 75% module optimization
<s> [webpack.Progress] 75% advanced module optimization
<s> [webpack.Progress] 76% after module optimization
<s> [webpack.Progress] 76% basic chunk optimization
<s> [webpack.Progress] 76% basic chunk optimization EnsureChunkConditionsPlugin
<s> [webpack.Progress] 76% basic chunk optimization RemoveEmptyChunksPlugin
<s> [webpack.Progress] 76% basic chunk optimization MergeDuplicateChunksPlugin
<s> [webpack.Progress] 77% chunk optimization
<s> [webpack.Progress] 77% advanced chunk optimization
<s> [webpack.Progress] 77% advanced chunk optimization SplitChunksPlugin
<s> [webpack.Progress] 77% advanced chunk optimization RemoveEmptyChunksPlugin
<s> [webpack.Progress] 77% after chunk optimization
<s> [webpack.Progress] 78% module and chunk tree optimization
<s> [webpack.Progress] 78% after module and chunk tree optimization
<s> [webpack.Progress] 79% basic chunk modules optimization
<s> [webpack.Progress] 80% chunk modules optimization
<s> [webpack.Progress] 80% advanced chunk modules optimization
<s> [webpack.Progress] 81% after chunk modules optimization
<s> [webpack.Progress] 81% module reviving
<s> [webpack.Progress] 81% module reviving RecordIdsPlugin
<s> [webpack.Progress] 82% module order optimization
<s> [webpack.Progress] 82% advanced module order optimization
<s> [webpack.Progress] 83% before module ids
<s> [webpack.Progress] 83% before module ids NamedModulesPlugin
<s> [webpack.Progress] 83% module ids
<s> [webpack.Progress] 84% module id optimization
<s> [webpack.Progress] 84% module id optimization
<s> [webpack.Progress] 85% chunk reviving
<s> [webpack.Progress] 85% chunk reviving RecordIdsPlugin
<s> [webpack.Progress] 85% chunk order optimization
<s> [webpack.Progress] 85% chunk order optimization OccurrenceOrderChunkIdsPlugin
<s> [webpack.Progress] 86% before chunk ids
<s> [webpack.Progress] 86% before chunk ids NamedChunksPlugin
<s> [webpack.Progress] 86% chunk id optimization
<s> [webpack.Progress] 87% after chunk id optimization
<s> [webpack.Progress] 87% record modules
<s> [webpack.Progress] 87% record modules RecordIdsPlugin
<s> [webpack.Progress] 87% record chunks
<s> [webpack.Progress] 87% record chunks RecordIdsPlugin
<s> [webpack.Progress] 88% hashing
<s> [webpack.Progress] 88% after hashing
<s> [webpack.Progress] 88% after hashing HotModuleReplacementPlugin
<s> [webpack.Progress] 89% record hash
<s> [webpack.Progress] 89% module assets processing
<s> [webpack.Progress] 90% chunk assets processing
<s> [webpack.Progress] 90% additional chunk assets processing
<s> [webpack.Progress] 90% additional chunk assets processing HotModuleReplacementPlugin
<s> [webpack.Progress] 91% recording
<s> [webpack.Progress] 91% recording HotModuleReplacementPlugin
<s> [webpack.Progress] 92% additional asset processing
<s> [webpack.Progress] 92% chunk asset optimization
<s> [webpack.Progress] 93% after chunk asset optimization
<s> [webpack.Progress] 93% asset optimization
<s> [webpack.Progress] 94% after asset optimization
<s> [webpack.Progress] 94% after seal
<s> [webpack.Progress] 95% emitting
<s> [webpack.Progress] 95% emitting HtmlWebpackPlugin
<s> [webpack.Progress] 95% emitting CopyPlugin
<s> [webpack.Progress] 98% after emitting
<s> [webpack.Progress] 98% after emitting CopyPlugin
 DONE  Compiled successfully in 801ms8:19:21 AM

<s> [webpack.Progress] 100% 


  App running at:
  - Local:   http://localhost:12000/ 
  - Network: unavailable

 WAIT  Compiling...8:19:25 AM

<s> [webpack.Progress] 0% compiling
<s> [webpack.Progress] 10% building 0/0 modules 0 active 
<s> [webpack.Progress] 10% building 0/0 modules 0 active 
<s> [webpack.Progress] 10% building 0/1 modules 1 active /workspace/project/xian-explorer/node_modules/cache-loader/dist/cjs.js??ref--0-0!/workspace/project/xian-explorer/node_modules/vue-loader/lib/index.js??vue-loader-options!/workspace/project/xian-explorer/node_modules/eslint-loader/index.js??ref--13-0!/workspace/project/xian-explorer/src/components/ModernPageTx.vue
<s> [webpack.Progress] 40% building 0/1 modules 1 active /workspace/project/xian-explorer/node_modules/cache-loader/dist/cjs.js??ref--0-0!/workspace/project/xian-explorer/node_modules/vue-loader/lib/index.js??vue-loader-options!/workspace/project/xian-explorer/node_modules/eslint-loader/index.js??ref--13-0!/workspace/project/xian-explorer/src/components/ModernPageTx.vue
<s> [webpack.Progress] 40% building 1/1 modules 0 active 
<s> [webpack.Progress] 40% building 1/2 modules 1 active /workspace/project/xian-explorer/node_modules/cache-loader/dist/cjs.js?{"cacheDirectory":"node_modules/.cache/vue-loader","cacheIdentifier":"1fe9d2cf-vue-loader-template"}!/workspace/project/xian-explorer/node_modules/cache-loader/dist/cjs.js??ref--12-0!/workspace/project/xian-explorer/node_modules/babel-loader/lib/index.js!/workspace/project/xian-explorer/node_modules/vue-loader/lib/loaders/templateLoader.js??ref--6!/workspace/project/xian-explorer/node_modules/cache-loader/dist/cjs.js??ref--0-0!/workspace/project/xian-explorer/node_modules/vue-loader/lib/index.js??vue-loader-options!/workspace/project/xian-explorer/src/components/ModernPageTx.vue?vue&type=template&id=4be656bc&scoped=true
<s> [webpack.Progress] 40% building 1/3 modules 2 active /workspace/project/xian-explorer/node_modules/cache-loader/dist/cjs.js??ref--12-0!/workspace/project/xian-explorer/node_modules/babel-loader/lib/index.js!/workspace/project/xian-explorer/node_modules/cache-loader/dist/cjs.js??ref--0-0!/workspace/project/xian-explorer/node_modules/vue-loader/lib/index.js??vue-loader-options!/workspace/project/xian-explorer/src/components/ModernPageTx.vue?vue&type=script&lang=js
<s> [webpack.Progress] 40% building 1/4 modules 3 active /workspace/project/xian-explorer/node_modules/css-loader/index.js??ref--6-oneOf-1-1!/workspace/project/xian-explorer/node_modules/vue-loader/lib/loaders/stylePostLoader.js!/workspace/project/xian-explorer/node_modules/postcss-loader/src/index.js??ref--6-oneOf-1-2!/workspace/project/xian-explorer/node_modules/cache-loader/dist/cjs.js??ref--0-0!/workspace/project/xian-explorer/node_modules/vue-loader/lib/index.js??vue-loader-options!/workspace/project/xian-explorer/src/components/ModernPageTx.vue?vue&type=style&index=0&id=4be656bc&scoped=true&lang=css
<s> [webpack.Progress] 40% building 2/4 modules 2 active /workspace/project/xian-explorer/node_modules/css-loader/index.js??ref--6-oneOf-1-1!/workspace/project/xian-explorer/node_modules/vue-loader/lib/loaders/stylePostLoader.js!/workspace/project/xian-explorer/node_modules/postcss-loader/src/index.js??ref--6-oneOf-1-2!/workspace/project/xian-explorer/node_modules/cache-loader/dist/cjs.js??ref--0-0!/workspace/project/xian-explorer/node_modules/vue-loader/lib/index.js??vue-loader-options!/workspace/project/xian-explorer/src/components/ModernPageTx.vue?vue&type=style&index=0&id=4be656bc&scoped=true&lang=css
<s> [webpack.Progress] 54% building 3/4 modules 1 active /workspace/project/xian-explorer/node_modules/css-loader/index.js??ref--6-oneOf-1-1!/workspace/project/xian-explorer/node_modules/vue-loader/lib/loaders/stylePostLoader.js!/workspace/project/xian-explorer/node_modules/postcss-loader/src/index.js??ref--6-oneOf-1-2!/workspace/project/xian-explorer/node_modules/cache-loader/dist/cjs.js??ref--0-0!/workspace/project/xian-explorer/node_modules/vue-loader/lib/index.js??vue-loader-options!/workspace/project/xian-explorer/src/components/ModernPageTx.vue?vue&type=style&index=0&id=4be656bc&scoped=true&lang=css
<s> [webpack.Progress] 70% building 4/4 modules 0 active 
<s> [webpack.Progress] 70% building 4/4 modules 0 active 
<s> [webpack.Progress] 70% finish module graph
<s> [webpack.Progress] 70% finish module graph FlagDependencyExportsPlugin
<s> [webpack.Progress] 70% sealing
<s> [webpack.Progress] 70% sealing WarnCaseSensitiveModulesPlugin
<s> [webpack.Progress] 72% basic dependencies optimization
<s> [webpack.Progress] 72% dependencies optimization
<s> [webpack.Progress] 73% advanced dependencies optimization
<s> [webpack.Progress] 73% after dependencies optimization
<s> [webpack.Progress] 71% chunk graph
<s> [webpack.Progress] 71% after chunk graph
<s> [webpack.Progress] 71% after chunk graph WebAssemblyModulesPlugin
<s> [webpack.Progress] 74% optimizing
<s> [webpack.Progress] 74% basic module optimization
<s> [webpack.Progress] 75% module optimization
<s> [webpack.Progress] 75% advanced module optimization
<s> [webpack.Progress] 76% after module optimization
<s> [webpack.Progress] 76% basic chunk optimization
<s> [webpack.Progress] 76% basic chunk optimization EnsureChunkConditionsPlugin
<s> [webpack.Progress] 76% basic chunk optimization RemoveEmptyChunksPlugin
<s> [webpack.Progress] 76% basic chunk optimization MergeDuplicateChunksPlugin
<s> [webpack.Progress] 77% chunk optimization
<s> [webpack.Progress] 77% advanced chunk optimization
<s> [webpack.Progress] 77% advanced chunk optimization SplitChunksPlugin
<s> [webpack.Progress] 77% advanced chunk optimization RemoveEmptyChunksPlugin
<s> [webpack.Progress] 77% after chunk optimization
<s> [webpack.Progress] 78% module and chunk tree optimization
<s> [webpack.Progress] 78% after module and chunk tree optimization
<s> [webpack.Progress] 79% basic chunk modules optimization
<s> [webpack.Progress] 80% chunk modules optimization
<s> [webpack.Progress] 80% advanced chunk modules optimization
<s> [webpack.Progress] 81% after chunk modules optimization
<s> [webpack.Progress] 81% module reviving
<s> [webpack.Progress] 81% module reviving RecordIdsPlugin
<s> [webpack.Progress] 82% module order optimization
<s> [webpack.Progress] 82% advanced module order optimization
<s> [webpack.Progress] 83% before module ids
<s> [webpack.Progress] 83% before module ids NamedModulesPlugin
<s> [webpack.Progress] 83% module ids
<s> [webpack.Progress] 84% module id optimization
<s> [webpack.Progress] 84% module id optimization
<s> [webpack.Progress] 85% chunk reviving
<s> [webpack.Progress] 85% chunk reviving RecordIdsPlugin
<s> [webpack.Progress] 85% chunk order optimization
<s> [webpack.Progress] 85% chunk order optimization OccurrenceOrderChunkIdsPlugin
<s> [webpack.Progress] 86% before chunk ids
<s> [webpack.Progress] 86% before chunk ids NamedChunksPlugin
<s> [webpack.Progress] 86% chunk id optimization
<s> [webpack.Progress] 87% after chunk id optimization
<s> [webpack.Progress] 87% record modules
<s> [webpack.Progress] 87% record modules RecordIdsPlugin
<s> [webpack.Progress] 87% record chunks
<s> [webpack.Progress] 87% record chunks RecordIdsPlugin
<s> [webpack.Progress] 88% hashing
<s> [webpack.Progress] 88% after hashing
<s> [webpack.Progress] 88% after hashing HotModuleReplacementPlugin
<s> [webpack.Progress] 89% record hash
<s> [webpack.Progress] 89% module assets processing
<s> [webpack.Progress] 90% chunk assets processing
<s> [webpack.Progress] 90% additional chunk assets processing
<s> [webpack.Progress] 90% additional chunk assets processing HotModuleReplacementPlugin
<s> [webpack.Progress] 91% recording
<s> [webpack.Progress] 91% recording HotModuleReplacementPlugin
<s> [webpack.Progress] 92% additional asset processing
<s> [webpack.Progress] 92% chunk asset optimization
<s> [webpack.Progress] 93% after chunk asset optimization
<s> [webpack.Progress] 93% asset optimization
<s> [webpack.Progress] 94% after asset optimization
<s> [webpack.Progress] 94% after seal
<s> [webpack.Progress] 95% emitting
<s> [webpack.Progress] 95% emitting HtmlWebpackPlugin
<s> [webpack.Progress] 95% emitting CopyPlugin
<s> [webpack.Progress] 98% after emitting
<s> [webpack.Progress] 98% after emitting CopyPlugin
 DONE  Compiled successfully in 560ms8:19:25 AM

<s> [webpack.Progress] 100% 


  App running at:
  - Local:   http://localhost:12000/ 
  - Network: unavailable

 WAIT  Compiling...8:19:56 AM

<s> [webpack.Progress] 0% compiling
<s> [webpack.Progress] 10% building 0/0 modules 0 active 
<s> [webpack.Progress] 10% building 0/0 modules 0 active 
<s> [webpack.Progress] 10% building 0/1 modules 1 active /workspace/project/xian-explorer/node_modules/cache-loader/dist/cjs.js??ref--0-0!/workspace/project/xian-explorer/node_modules/vue-loader/lib/index.js??vue-loader-options!/workspace/project/xian-explorer/node_modules/eslint-loader/index.js??ref--13-0!/workspace/project/xian-explorer/src/components/ModernPageTx.vue
<s> [webpack.Progress] 40% building 0/1 modules 1 active /workspace/project/xian-explorer/node_modules/cache-loader/dist/cjs.js??ref--0-0!/workspace/project/xian-explorer/node_modules/vue-loader/lib/index.js??vue-loader-options!/workspace/project/xian-explorer/node_modules/eslint-loader/index.js??ref--13-0!/workspace/project/xian-explorer/src/components/ModernPageTx.vue
<s> [webpack.Progress] 40% building 1/1 modules 0 active 
<s> [webpack.Progress] 40% building 1/2 modules 1 active /workspace/project/xian-explorer/node_modules/cache-loader/dist/cjs.js?{"cacheDirectory":"node_modules/.cache/vue-loader","cacheIdentifier":"1fe9d2cf-vue-loader-template"}!/workspace/project/xian-explorer/node_modules/cache-loader/dist/cjs.js??ref--12-0!/workspace/project/xian-explorer/node_modules/babel-loader/lib/index.js!/workspace/project/xian-explorer/node_modules/vue-loader/lib/loaders/templateLoader.js??ref--6!/workspace/project/xian-explorer/node_modules/cache-loader/dist/cjs.js??ref--0-0!/workspace/project/xian-explorer/node_modules/vue-loader/lib/index.js??vue-loader-options!/workspace/project/xian-explorer/src/components/ModernPageTx.vue?vue&type=template&id=4be656bc&scoped=true
<s> [webpack.Progress] 40% building 1/3 modules 2 active /workspace/project/xian-explorer/node_modules/cache-loader/dist/cjs.js??ref--12-0!/workspace/project/xian-explorer/node_modules/babel-loader/lib/index.js!/workspace/project/xian-explorer/node_modules/cache-loader/dist/cjs.js??ref--0-0!/workspace/project/xian-explorer/node_modules/vue-loader/lib/index.js??vue-loader-options!/workspace/project/xian-explorer/src/components/ModernPageTx.vue?vue&type=script&lang=js
<s> [webpack.Progress] 40% building 1/4 modules 3 active /workspace/project/xian-explorer/node_modules/css-loader/index.js??ref--6-oneOf-1-1!/workspace/project/xian-explorer/node_modules/vue-loader/lib/loaders/stylePostLoader.js!/workspace/project/xian-explorer/node_modules/postcss-loader/src/index.js??ref--6-oneOf-1-2!/workspace/project/xian-explorer/node_modules/cache-loader/dist/cjs.js??ref--0-0!/workspace/project/xian-explorer/node_modules/vue-loader/lib/index.js??vue-loader-options!/workspace/project/xian-explorer/src/components/ModernPageTx.vue?vue&type=style&index=0&id=4be656bc&scoped=true&lang=css
<s> [webpack.Progress] 40% building 2/4 modules 2 active /workspace/project/xian-explorer/node_modules/css-loader/index.js??ref--6-oneOf-1-1!/workspace/project/xian-explorer/node_modules/vue-loader/lib/loaders/stylePostLoader.js!/workspace/project/xian-explorer/node_modules/postcss-loader/src/index.js??ref--6-oneOf-1-2!/workspace/project/xian-explorer/node_modules/cache-loader/dist/cjs.js??ref--0-0!/workspace/project/xian-explorer/node_modules/vue-loader/lib/index.js??vue-loader-options!/workspace/project/xian-explorer/src/components/ModernPageTx.vue?vue&type=style&index=0&id=4be656bc&scoped=true&lang=css
<s> [webpack.Progress] 54% building 3/4 modules 1 active /workspace/project/xian-explorer/node_modules/css-loader/index.js??ref--6-oneOf-1-1!/workspace/project/xian-explorer/node_modules/vue-loader/lib/loaders/stylePostLoader.js!/workspace/project/xian-explorer/node_modules/postcss-loader/src/index.js??ref--6-oneOf-1-2!/workspace/project/xian-explorer/node_modules/cache-loader/dist/cjs.js??ref--0-0!/workspace/project/xian-explorer/node_modules/vue-loader/lib/index.js??vue-loader-options!/workspace/project/xian-explorer/src/components/ModernPageTx.vue?vue&type=style&index=0&id=4be656bc&scoped=true&lang=css
<s> [webpack.Progress] 70% building 4/4 modules 0 active 
<s> [webpack.Progress] 70% building 4/4 modules 0 active 
<s> [webpack.Progress] 70% finish module graph
<s> [webpack.Progress] 70% finish module graph FlagDependencyExportsPlugin
<s> [webpack.Progress] 70% sealing
<s> [webpack.Progress] 70% sealing WarnCaseSensitiveModulesPlugin
<s> [webpack.Progress] 72% basic dependencies optimization
<s> [webpack.Progress] 72% dependencies optimization
<s> [webpack.Progress] 73% advanced dependencies optimization
<s> [webpack.Progress] 73% after dependencies optimization
<s> [webpack.Progress] 71% chunk graph
<s> [webpack.Progress] 71% after chunk graph
<s> [webpack.Progress] 71% after chunk graph WebAssemblyModulesPlugin
<s> [webpack.Progress] 74% optimizing
<s> [webpack.Progress] 74% basic module optimization
<s> [webpack.Progress] 75% module optimization
<s> [webpack.Progress] 75% advanced module optimization
<s> [webpack.Progress] 76% after module optimization
<s> [webpack.Progress] 76% basic chunk optimization
<s> [webpack.Progress] 76% basic chunk optimization EnsureChunkConditionsPlugin
<s> [webpack.Progress] 76% basic chunk optimization RemoveEmptyChunksPlugin
<s> [webpack.Progress] 76% basic chunk optimization MergeDuplicateChunksPlugin
<s> [webpack.Progress] 77% chunk optimization
<s> [webpack.Progress] 77% advanced chunk optimization
<s> [webpack.Progress] 77% advanced chunk optimization SplitChunksPlugin
<s> [webpack.Progress] 77% advanced chunk optimization RemoveEmptyChunksPlugin
<s> [webpack.Progress] 77% after chunk optimization
<s> [webpack.Progress] 78% module and chunk tree optimization
<s> [webpack.Progress] 78% after module and chunk tree optimization
<s> [webpack.Progress] 79% basic chunk modules optimization
<s> [webpack.Progress] 80% chunk modules optimization
<s> [webpack.Progress] 80% advanced chunk modules optimization
<s> [webpack.Progress] 81% after chunk modules optimization
<s> [webpack.Progress] 81% module reviving
<s> [webpack.Progress] 81% module reviving RecordIdsPlugin
<s> [webpack.Progress] 82% module order optimization
<s> [webpack.Progress] 82% advanced module order optimization
<s> [webpack.Progress] 83% before module ids
<s> [webpack.Progress] 83% before module ids NamedModulesPlugin
<s> [webpack.Progress] 83% module ids
<s> [webpack.Progress] 84% module id optimization
<s> [webpack.Progress] 84% module id optimization
<s> [webpack.Progress] 85% chunk reviving
<s> [webpack.Progress] 85% chunk reviving RecordIdsPlugin
<s> [webpack.Progress] 85% chunk order optimization
<s> [webpack.Progress] 85% chunk order optimization OccurrenceOrderChunkIdsPlugin
<s> [webpack.Progress] 86% before chunk ids
<s> [webpack.Progress] 86% before chunk ids NamedChunksPlugin
<s> [webpack.Progress] 86% chunk id optimization
<s> [webpack.Progress] 87% after chunk id optimization
<s> [webpack.Progress] 87% record modules
<s> [webpack.Progress] 87% record modules RecordIdsPlugin
<s> [webpack.Progress] 87% record chunks
<s> [webpack.Progress] 87% record chunks RecordIdsPlugin
<s> [webpack.Progress] 88% hashing
<s> [webpack.Progress] 88% after hashing
<s> [webpack.Progress] 88% after hashing HotModuleReplacementPlugin
<s> [webpack.Progress] 89% record hash
<s> [webpack.Progress] 89% module assets processing
<s> [webpack.Progress] 90% chunk assets processing
<s> [webpack.Progress] 90% additional chunk assets processing
<s> [webpack.Progress] 90% additional chunk assets processing HotModuleReplacementPlugin
<s> [webpack.Progress] 91% recording
<s> [webpack.Progress] 91% recording HotModuleReplacementPlugin
<s> [webpack.Progress] 92% additional asset processing
<s> [webpack.Progress] 92% chunk asset optimization
<s> [webpack.Progress] 93% after chunk asset optimization
<s> [webpack.Progress] 93% asset optimization
<s> [webpack.Progress] 94% after asset optimization
<s> [webpack.Progress] 94% after seal
<s> [webpack.Progress] 95% emitting
<s> [webpack.Progress] 95% emitting HtmlWebpackPlugin
<s> [webpack.Progress] 95% emitting CopyPlugin
<s> [webpack.Progress] 98% after emitting
<s> [webpack.Progress] 98% after emitting CopyPlugin
 DONE  Compiled successfully in 585ms8:19:57 AM

<s> [webpack.Progress] 100% 


  App running at:
  - Local:   http://localhost:12000/ 
  - Network: unavailable

 WAIT  Compiling...8:20:01 AM

<s> [webpack.Progress] 0% compiling
<s> [webpack.Progress] 10% building 0/0 modules 0 active 
<s> [webpack.Progress] 10% building 0/0 modules 0 active 
<s> [webpack.Progress] 10% building 0/1 modules 1 active /workspace/project/xian-explorer/node_modules/cache-loader/dist/cjs.js??ref--0-0!/workspace/project/xian-explorer/node_modules/vue-loader/lib/index.js??vue-loader-options!/workspace/project/xian-explorer/node_modules/eslint-loader/index.js??ref--13-0!/workspace/project/xian-explorer/src/components/ModernPageContract.vue
<s> [webpack.Progress] 40% building 0/1 modules 1 active /workspace/project/xian-explorer/node_modules/cache-loader/dist/cjs.js??ref--0-0!/workspace/project/xian-explorer/node_modules/vue-loader/lib/index.js??vue-loader-options!/workspace/project/xian-explorer/node_modules/eslint-loader/index.js??ref--13-0!/workspace/project/xian-explorer/src/components/ModernPageContract.vue
<s> [webpack.Progress] 40% building 1/1 modules 0 active 
<s> [webpack.Progress] 40% building 1/2 modules 1 active /workspace/project/xian-explorer/node_modules/cache-loader/dist/cjs.js?{"cacheDirectory":"node_modules/.cache/vue-loader","cacheIdentifier":"1fe9d2cf-vue-loader-template"}!/workspace/project/xian-explorer/node_modules/cache-loader/dist/cjs.js??ref--12-0!/workspace/project/xian-explorer/node_modules/babel-loader/lib/index.js!/workspace/project/xian-explorer/node_modules/vue-loader/lib/loaders/templateLoader.js??ref--6!/workspace/project/xian-explorer/node_modules/cache-loader/dist/cjs.js??ref--0-0!/workspace/project/xian-explorer/node_modules/vue-loader/lib/index.js??vue-loader-options!/workspace/project/xian-explorer/src/components/ModernPageContract.vue?vue&type=template&id=12f923b0&scoped=true
<s> [webpack.Progress] 40% building 1/3 modules 2 active /workspace/project/xian-explorer/node_modules/cache-loader/dist/cjs.js??ref--12-0!/workspace/project/xian-explorer/node_modules/babel-loader/lib/index.js!/workspace/project/xian-explorer/node_modules/cache-loader/dist/cjs.js??ref--0-0!/workspace/project/xian-explorer/node_modules/vue-loader/lib/index.js??vue-loader-options!/workspace/project/xian-explorer/src/components/ModernPageContract.vue?vue&type=script&lang=js
<s> [webpack.Progress] 40% building 1/4 modules 3 active /workspace/project/xian-explorer/node_modules/css-loader/index.js??ref--6-oneOf-1-1!/workspace/project/xian-explorer/node_modules/vue-loader/lib/loaders/stylePostLoader.js!/workspace/project/xian-explorer/node_modules/postcss-loader/src/index.js??ref--6-oneOf-1-2!/workspace/project/xian-explorer/node_modules/cache-loader/dist/cjs.js??ref--0-0!/workspace/project/xian-explorer/node_modules/vue-loader/lib/index.js??vue-loader-options!/workspace/project/xian-explorer/src/components/ModernPageContract.vue?vue&type=style&index=0&id=12f923b0&scoped=true&lang=css
<s> [webpack.Progress] 40% building 2/4 modules 2 active /workspace/project/xian-explorer/node_modules/css-loader/index.js??ref--6-oneOf-1-1!/workspace/project/xian-explorer/node_modules/vue-loader/lib/loaders/stylePostLoader.js!/workspace/project/xian-explorer/node_modules/postcss-loader/src/index.js??ref--6-oneOf-1-2!/workspace/project/xian-explorer/node_modules/cache-loader/dist/cjs.js??ref--0-0!/workspace/project/xian-explorer/node_modules/vue-loader/lib/index.js??vue-loader-options!/workspace/project/xian-explorer/src/components/ModernPageContract.vue?vue&type=style&index=0&id=12f923b0&scoped=true&lang=css
<s> [webpack.Progress] 54% building 3/4 modules 1 active /workspace/project/xian-explorer/node_modules/css-loader/index.js??ref--6-oneOf-1-1!/workspace/project/xian-explorer/node_modules/vue-loader/lib/loaders/stylePostLoader.js!/workspace/project/xian-explorer/node_modules/postcss-loader/src/index.js??ref--6-oneOf-1-2!/workspace/project/xian-explorer/node_modules/cache-loader/dist/cjs.js??ref--0-0!/workspace/project/xian-explorer/node_modules/vue-loader/lib/index.js??vue-loader-options!/workspace/project/xian-explorer/src/components/ModernPageContract.vue?vue&type=style&index=0&id=12f923b0&scoped=true&lang=css
<s> [webpack.Progress] 70% building 4/4 modules 0 active 
<s> [webpack.Progress] 70% building 4/4 modules 0 active 
<s> [webpack.Progress] 70% finish module graph
<s> [webpack.Progress] 70% finish module graph FlagDependencyExportsPlugin
<s> [webpack.Progress] 70% sealing
<s> [webpack.Progress] 70% sealing WarnCaseSensitiveModulesPlugin
<s> [webpack.Progress] 72% basic dependencies optimization
<s> [webpack.Progress] 72% dependencies optimization
<s> [webpack.Progress] 73% advanced dependencies optimization
<s> [webpack.Progress] 73% after dependencies optimization
<s> [webpack.Progress] 71% chunk graph
<s> [webpack.Progress] 71% after chunk graph
<s> [webpack.Progress] 71% after chunk graph WebAssemblyModulesPlugin
<s> [webpack.Progress] 74% optimizing
<s> [webpack.Progress] 74% basic module optimization
<s> [webpack.Progress] 75% module optimization
<s> [webpack.Progress] 75% advanced module optimization
<s> [webpack.Progress] 76% after module optimization
<s> [webpack.Progress] 76% basic chunk optimization
<s> [webpack.Progress] 76% basic chunk optimization EnsureChunkConditionsPlugin
<s> [webpack.Progress] 76% basic chunk optimization RemoveEmptyChunksPlugin
<s> [webpack.Progress] 76% basic chunk optimization MergeDuplicateChunksPlugin
<s> [webpack.Progress] 77% chunk optimization
<s> [webpack.Progress] 77% advanced chunk optimization
<s> [webpack.Progress] 77% advanced chunk optimization SplitChunksPlugin
<s> [webpack.Progress] 77% advanced chunk optimization RemoveEmptyChunksPlugin
<s> [webpack.Progress] 77% after chunk optimization
<s> [webpack.Progress] 78% module and chunk tree optimization
<s> [webpack.Progress] 78% after module and chunk tree optimization
<s> [webpack.Progress] 79% basic chunk modules optimization
<s> [webpack.Progress] 80% chunk modules optimization
<s> [webpack.Progress] 80% advanced chunk modules optimization
<s> [webpack.Progress] 81% after chunk modules optimization
<s> [webpack.Progress] 81% module reviving
<s> [webpack.Progress] 81% module reviving RecordIdsPlugin
<s> [webpack.Progress] 82% module order optimization
<s> [webpack.Progress] 82% advanced module order optimization
<s> [webpack.Progress] 83% before module ids
<s> [webpack.Progress] 83% before module ids NamedModulesPlugin
<s> [webpack.Progress] 83% module ids
<s> [webpack.Progress] 84% module id optimization
<s> [webpack.Progress] 84% module id optimization
<s> [webpack.Progress] 85% chunk reviving
<s> [webpack.Progress] 85% chunk reviving RecordIdsPlugin
<s> [webpack.Progress] 85% chunk order optimization
<s> [webpack.Progress] 85% chunk order optimization OccurrenceOrderChunkIdsPlugin
<s> [webpack.Progress] 86% before chunk ids
<s> [webpack.Progress] 86% before chunk ids NamedChunksPlugin
<s> [webpack.Progress] 86% chunk id optimization
<s> [webpack.Progress] 87% after chunk id optimization
<s> [webpack.Progress] 87% record modules
<s> [webpack.Progress] 87% record modules RecordIdsPlugin
<s> [webpack.Progress] 87% record chunks
<s> [webpack.Progress] 87% record chunks RecordIdsPlugin
<s> [webpack.Progress] 88% hashing
<s> [webpack.Progress] 88% after hashing
<s> [webpack.Progress] 88% after hashing HotModuleReplacementPlugin
<s> [webpack.Progress] 89% record hash
<s> [webpack.Progress] 89% module assets processing
<s> [webpack.Progress] 90% chunk assets processing
<s> [webpack.Progress] 90% additional chunk assets processing
<s> [webpack.Progress] 90% additional chunk assets processing HotModuleReplacementPlugin
<s> [webpack.Progress] 91% recording
<s> [webpack.Progress] 91% recording HotModuleReplacementPlugin
<s> [webpack.Progress] 92% additional asset processing
<s> [webpack.Progress] 92% chunk asset optimization
<s> [webpack.Progress] 93% after chunk asset optimization
<s> [webpack.Progress] 93% asset optimization
<s> [webpack.Progress] 94% after asset optimization
<s> [webpack.Progress] 94% after seal
<s> [webpack.Progress] 95% emitting
<s> [webpack.Progress] 95% emitting HtmlWebpackPlugin
<s> [webpack.Progress] 95% emitting CopyPlugin
<s> [webpack.Progress] 98% after emitting
<s> [webpack.Progress] 98% after emitting CopyPlugin
 DONE  Compiled successfully in 444ms8:20:02 AM

<s> [webpack.Progress] 100% 


  App running at:
  - Local:   http://localhost:12000/ 
  - Network: unavailable

 WAIT  Compiling...8:20:24 AM

<s> [webpack.Progress] 0% compiling
<s> [webpack.Progress] 10% building 0/0 modules 0 active 
<s> [webpack.Progress] 10% building 0/0 modules 0 active 
<s> [webpack.Progress] 10% building 0/1 modules 1 active /workspace/project/xian-explorer/node_modules/cache-loader/dist/cjs.js??ref--0-0!/workspace/project/xian-explorer/node_modules/vue-loader/lib/index.js??vue-loader-options!/workspace/project/xian-explorer/node_modules/eslint-loader/index.js??ref--13-0!/workspace/project/xian-explorer/src/components/ModernPageBlock.vue
<s> [webpack.Progress] 40% building 0/1 modules 1 active /workspace/project/xian-explorer/node_modules/cache-loader/dist/cjs.js??ref--0-0!/workspace/project/xian-explorer/node_modules/vue-loader/lib/index.js??vue-loader-options!/workspace/project/xian-explorer/node_modules/eslint-loader/index.js??ref--13-0!/workspace/project/xian-explorer/src/components/ModernPageBlock.vue
<s> [webpack.Progress] 40% building 1/1 modules 0 active 
<s> [webpack.Progress] 40% building 1/2 modules 1 active /workspace/project/xian-explorer/node_modules/cache-loader/dist/cjs.js?{"cacheDirectory":"node_modules/.cache/vue-loader","cacheIdentifier":"1fe9d2cf-vue-loader-template"}!/workspace/project/xian-explorer/node_modules/cache-loader/dist/cjs.js??ref--12-0!/workspace/project/xian-explorer/node_modules/babel-loader/lib/index.js!/workspace/project/xian-explorer/node_modules/vue-loader/lib/loaders/templateLoader.js??ref--6!/workspace/project/xian-explorer/node_modules/cache-loader/dist/cjs.js??ref--0-0!/workspace/project/xian-explorer/node_modules/vue-loader/lib/index.js??vue-loader-options!/workspace/project/xian-explorer/src/components/ModernPageBlock.vue?vue&type=template&id=85b98542&scoped=true
<s> [webpack.Progress] 40% building 1/3 modules 2 active /workspace/project/xian-explorer/node_modules/cache-loader/dist/cjs.js??ref--12-0!/workspace/project/xian-explorer/node_modules/babel-loader/lib/index.js!/workspace/project/xian-explorer/node_modules/cache-loader/dist/cjs.js??ref--0-0!/workspace/project/xian-explorer/node_modules/vue-loader/lib/index.js??vue-loader-options!/workspace/project/xian-explorer/src/components/ModernPageBlock.vue?vue&type=script&lang=js
<s> [webpack.Progress] 40% building 1/4 modules 3 active /workspace/project/xian-explorer/node_modules/css-loader/index.js??ref--6-oneOf-1-1!/workspace/project/xian-explorer/node_modules/vue-loader/lib/loaders/stylePostLoader.js!/workspace/project/xian-explorer/node_modules/postcss-loader/src/index.js??ref--6-oneOf-1-2!/workspace/project/xian-explorer/node_modules/cache-loader/dist/cjs.js??ref--0-0!/workspace/project/xian-explorer/node_modules/vue-loader/lib/index.js??vue-loader-options!/workspace/project/xian-explorer/src/components/ModernPageBlock.vue?vue&type=style&index=0&id=85b98542&scoped=true&lang=css
<s> [webpack.Progress] 40% building 2/4 modules 2 active /workspace/project/xian-explorer/node_modules/css-loader/index.js??ref--6-oneOf-1-1!/workspace/project/xian-explorer/node_modules/vue-loader/lib/loaders/stylePostLoader.js!/workspace/project/xian-explorer/node_modules/postcss-loader/src/index.js??ref--6-oneOf-1-2!/workspace/project/xian-explorer/node_modules/cache-loader/dist/cjs.js??ref--0-0!/workspace/project/xian-explorer/node_modules/vue-loader/lib/index.js??vue-loader-options!/workspace/project/xian-explorer/src/components/ModernPageBlock.vue?vue&type=style&index=0&id=85b98542&scoped=true&lang=css
<s> [webpack.Progress] 54% building 3/4 modules 1 active /workspace/project/xian-explorer/node_modules/css-loader/index.js??ref--6-oneOf-1-1!/workspace/project/xian-explorer/node_modules/vue-loader/lib/loaders/stylePostLoader.js!/workspace/project/xian-explorer/node_modules/postcss-loader/src/index.js??ref--6-oneOf-1-2!/workspace/project/xian-explorer/node_modules/cache-loader/dist/cjs.js??ref--0-0!/workspace/project/xian-explorer/node_modules/vue-loader/lib/index.js??vue-loader-options!/workspace/project/xian-explorer/src/components/ModernPageBlock.vue?vue&type=style&index=0&id=85b98542&scoped=true&lang=css
<s> [webpack.Progress] 70% building 4/4 modules 0 active 
<s> [webpack.Progress] 70% building 4/4 modules 0 active 
<s> [webpack.Progress] 70% finish module graph
<s> [webpack.Progress] 70% finish module graph FlagDependencyExportsPlugin
<s> [webpack.Progress] 70% sealing
<s> [webpack.Progress] 70% sealing WarnCaseSensitiveModulesPlugin
<s> [webpack.Progress] 72% basic dependencies optimization
<s> [webpack.Progress] 72% dependencies optimization
<s> [webpack.Progress] 73% advanced dependencies optimization
<s> [webpack.Progress] 73% after dependencies optimization
<s> [webpack.Progress] 71% chunk graph
<s> [webpack.Progress] 71% after chunk graph
<s> [webpack.Progress] 71% after chunk graph WebAssemblyModulesPlugin
<s> [webpack.Progress] 74% optimizing
<s> [webpack.Progress] 74% basic module optimization
<s> [webpack.Progress] 75% module optimization
<s> [webpack.Progress] 75% advanced module optimization
<s> [webpack.Progress] 76% after module optimization
<s> [webpack.Progress] 76% basic chunk optimization
<s> [webpack.Progress] 76% basic chunk optimization EnsureChunkConditionsPlugin
<s> [webpack.Progress] 76% basic chunk optimization RemoveEmptyChunksPlugin
<s> [webpack.Progress] 76% basic chunk optimization MergeDuplicateChunksPlugin
<s> [webpack.Progress] 77% chunk optimization
<s> [webpack.Progress] 77% advanced chunk optimization
<s> [webpack.Progress] 77% advanced chunk optimization SplitChunksPlugin
<s> [webpack.Progress] 77% advanced chunk optimization RemoveEmptyChunksPlugin
<s> [webpack.Progress] 77% after chunk optimization
<s> [webpack.Progress] 78% module and chunk tree optimization
<s> [webpack.Progress] 78% after module and chunk tree optimization
<s> [webpack.Progress] 79% basic chunk modules optimization
<s> [webpack.Progress] 80% chunk modules optimization
<s> [webpack.Progress] 80% advanced chunk modules optimization
<s> [webpack.Progress] 81% after chunk modules optimization
<s> [webpack.Progress] 81% module reviving
<s> [webpack.Progress] 81% module reviving RecordIdsPlugin
<s> [webpack.Progress] 82% module order optimization
<s> [webpack.Progress] 82% advanced module order optimization
<s> [webpack.Progress] 83% before module ids
<s> [webpack.Progress] 83% before module ids NamedModulesPlugin
<s> [webpack.Progress] 83% module ids
<s> [webpack.Progress] 84% module id optimization
<s> [webpack.Progress] 84% module id optimization
<s> [webpack.Progress] 85% chunk reviving
<s> [webpack.Progress] 85% chunk reviving RecordIdsPlugin
<s> [webpack.Progress] 85% chunk order optimization
<s> [webpack.Progress] 85% chunk order optimization OccurrenceOrderChunkIdsPlugin
<s> [webpack.Progress] 86% before chunk ids
<s> [webpack.Progress] 86% before chunk ids NamedChunksPlugin
<s> [webpack.Progress] 86% chunk id optimization
<s> [webpack.Progress] 87% after chunk id optimization
<s> [webpack.Progress] 87% record modules
<s> [webpack.Progress] 87% record modules RecordIdsPlugin
<s> [webpack.Progress] 87% record chunks
<s> [webpack.Progress] 87% record chunks RecordIdsPlugin
<s> [webpack.Progress] 88% hashing
<s> [webpack.Progress] 88% after hashing
<s> [webpack.Progress] 88% after hashing HotModuleReplacementPlugin
<s> [webpack.Progress] 89% record hash
<s> [webpack.Progress] 89% module assets processing
<s> [webpack.Progress] 90% chunk assets processing
<s> [webpack.Progress] 90% additional chunk assets processing
<s> [webpack.Progress] 90% additional chunk assets processing HotModuleReplacementPlugin
<s> [webpack.Progress] 91% recording
<s> [webpack.Progress] 91% recording HotModuleReplacementPlugin
<s> [webpack.Progress] 92% additional asset processing
<s> [webpack.Progress] 92% chunk asset optimization
<s> [webpack.Progress] 93% after chunk asset optimization
<s> [webpack.Progress] 93% asset optimization
<s> [webpack.Progress] 94% after asset optimization
<s> [webpack.Progress] 94% after seal
<s> [webpack.Progress] 95% emitting
<s> [webpack.Progress] 95% emitting HtmlWebpackPlugin
<s> [webpack.Progress] 95% emitting CopyPlugin
<s> [webpack.Progress] 98% after emitting
<s> [webpack.Progress] 98% after emitting CopyPlugin
 ERROR  Failed to compile with 1 error8:20:24 AM

 error  in ./src/components/ModernPageBlock.vue?vue&type=template&id=85b98542&scoped=true

Module Error (from ./node_modules/vue-loader/lib/loaders/templateLoader.js):
(Emitted value instead of an instance of Error) 

  Errors compiling template:

  tag <div> has no matching end tag.

  1  |  
     |   
  2  |  <div class="modern-page-block">
     |  ^^^^^^^^^^^^^^^^^^^^^^^^^^^^^^^
  3  |    <!-- Loading State -->


 @ ./src/components/ModernPageBlock.vue?vue&type=template&id=85b98542&scoped=true 1:0-519 1:0-519
 @ ./src/components/ModernPageBlock.vue
 @ ./src/router/index.js
 @ ./src/main.js
 @ multi (webpack)-dev-server/client?http://localhost:12000/sockjs-node (webpack)/hot/dev-server.js ./src/main.js

<s> [webpack.Progress] 100% 

 WAIT  Compiling...8:20:34 AM

<s> [webpack.Progress] 0% compiling
<s> [webpack.Progress] 10% building 0/0 modules 0 active 
<s> [webpack.Progress] 10% building 0/0 modules 0 active 
<s> [webpack.Progress] 10% building 0/1 modules 1 active /workspace/project/xian-explorer/node_modules/cache-loader/dist/cjs.js??ref--0-0!/workspace/project/xian-explorer/node_modules/vue-loader/lib/index.js??vue-loader-options!/workspace/project/xian-explorer/node_modules/eslint-loader/index.js??ref--13-0!/workspace/project/xian-explorer/src/components/ModernPageBlock.vue
<s> [webpack.Progress] 40% building 0/1 modules 1 active /workspace/project/xian-explorer/node_modules/cache-loader/dist/cjs.js??ref--0-0!/workspace/project/xian-explorer/node_modules/vue-loader/lib/index.js??vue-loader-options!/workspace/project/xian-explorer/node_modules/eslint-loader/index.js??ref--13-0!/workspace/project/xian-explorer/src/components/ModernPageBlock.vue
<s> [webpack.Progress] 40% building 1/1 modules 0 active 
<s> [webpack.Progress] 40% building 1/2 modules 1 active /workspace/project/xian-explorer/node_modules/cache-loader/dist/cjs.js?{"cacheDirectory":"node_modules/.cache/vue-loader","cacheIdentifier":"1fe9d2cf-vue-loader-template"}!/workspace/project/xian-explorer/node_modules/cache-loader/dist/cjs.js??ref--12-0!/workspace/project/xian-explorer/node_modules/babel-loader/lib/index.js!/workspace/project/xian-explorer/node_modules/vue-loader/lib/loaders/templateLoader.js??ref--6!/workspace/project/xian-explorer/node_modules/cache-loader/dist/cjs.js??ref--0-0!/workspace/project/xian-explorer/node_modules/vue-loader/lib/index.js??vue-loader-options!/workspace/project/xian-explorer/src/components/ModernPageBlock.vue?vue&type=template&id=85b98542&scoped=true
<s> [webpack.Progress] 40% building 1/3 modules 2 active /workspace/project/xian-explorer/node_modules/cache-loader/dist/cjs.js??ref--12-0!/workspace/project/xian-explorer/node_modules/babel-loader/lib/index.js!/workspace/project/xian-explorer/node_modules/cache-loader/dist/cjs.js??ref--0-0!/workspace/project/xian-explorer/node_modules/vue-loader/lib/index.js??vue-loader-options!/workspace/project/xian-explorer/src/components/ModernPageBlock.vue?vue&type=script&lang=js
<s> [webpack.Progress] 40% building 1/4 modules 3 active /workspace/project/xian-explorer/node_modules/css-loader/index.js??ref--6-oneOf-1-1!/workspace/project/xian-explorer/node_modules/vue-loader/lib/loaders/stylePostLoader.js!/workspace/project/xian-explorer/node_modules/postcss-loader/src/index.js??ref--6-oneOf-1-2!/workspace/project/xian-explorer/node_modules/cache-loader/dist/cjs.js??ref--0-0!/workspace/project/xian-explorer/node_modules/vue-loader/lib/index.js??vue-loader-options!/workspace/project/xian-explorer/src/components/ModernPageBlock.vue?vue&type=style&index=0&id=85b98542&scoped=true&lang=css
<s> [webpack.Progress] 40% building 2/4 modules 2 active /workspace/project/xian-explorer/node_modules/css-loader/index.js??ref--6-oneOf-1-1!/workspace/project/xian-explorer/node_modules/vue-loader/lib/loaders/stylePostLoader.js!/workspace/project/xian-explorer/node_modules/postcss-loader/src/index.js??ref--6-oneOf-1-2!/workspace/project/xian-explorer/node_modules/cache-loader/dist/cjs.js??ref--0-0!/workspace/project/xian-explorer/node_modules/vue-loader/lib/index.js??vue-loader-options!/workspace/project/xian-explorer/src/components/ModernPageBlock.vue?vue&type=style&index=0&id=85b98542&scoped=true&lang=css
<s> [webpack.Progress] 54% building 3/4 modules 1 active /workspace/project/xian-explorer/node_modules/css-loader/index.js??ref--6-oneOf-1-1!/workspace/project/xian-explorer/node_modules/vue-loader/lib/loaders/stylePostLoader.js!/workspace/project/xian-explorer/node_modules/postcss-loader/src/index.js??ref--6-oneOf-1-2!/workspace/project/xian-explorer/node_modules/cache-loader/dist/cjs.js??ref--0-0!/workspace/project/xian-explorer/node_modules/vue-loader/lib/index.js??vue-loader-options!/workspace/project/xian-explorer/src/components/ModernPageBlock.vue?vue&type=style&index=0&id=85b98542&scoped=true&lang=css
<s> [webpack.Progress] 70% building 4/4 modules 0 active 
<s> [webpack.Progress] 70% building 4/4 modules 0 active 
<s> [webpack.Progress] 70% finish module graph
<s> [webpack.Progress] 70% finish module graph FlagDependencyExportsPlugin
<s> [webpack.Progress] 70% sealing
<s> [webpack.Progress] 70% sealing WarnCaseSensitiveModulesPlugin
<s> [webpack.Progress] 72% basic dependencies optimization
<s> [webpack.Progress] 72% dependencies optimization
<s> [webpack.Progress] 73% advanced dependencies optimization
<s> [webpack.Progress] 73% after dependencies optimization
<s> [webpack.Progress] 71% chunk graph
<s> [webpack.Progress] 71% after chunk graph
<s> [webpack.Progress] 71% after chunk graph WebAssemblyModulesPlugin
<s> [webpack.Progress] 74% optimizing
<s> [webpack.Progress] 74% basic module optimization
<s> [webpack.Progress] 75% module optimization
<s> [webpack.Progress] 75% advanced module optimization
<s> [webpack.Progress] 76% after module optimization
<s> [webpack.Progress] 76% basic chunk optimization
<s> [webpack.Progress] 76% basic chunk optimization EnsureChunkConditionsPlugin
<s> [webpack.Progress] 76% basic chunk optimization RemoveEmptyChunksPlugin
<s> [webpack.Progress] 76% basic chunk optimization MergeDuplicateChunksPlugin
<s> [webpack.Progress] 77% chunk optimization
<s> [webpack.Progress] 77% advanced chunk optimization
<s> [webpack.Progress] 77% advanced chunk optimization SplitChunksPlugin
<s> [webpack.Progress] 77% advanced chunk optimization RemoveEmptyChunksPlugin
<s> [webpack.Progress] 77% after chunk optimization
<s> [webpack.Progress] 78% module and chunk tree optimization
<s> [webpack.Progress] 78% after module and chunk tree optimization
<s> [webpack.Progress] 79% basic chunk modules optimization
<s> [webpack.Progress] 80% chunk modules optimization
<s> [webpack.Progress] 80% advanced chunk modules optimization
<s> [webpack.Progress] 81% after chunk modules optimization
<s> [webpack.Progress] 81% module reviving
<s> [webpack.Progress] 81% module reviving RecordIdsPlugin
<s> [webpack.Progress] 82% module order optimization
<s> [webpack.Progress] 82% advanced module order optimization
<s> [webpack.Progress] 83% before module ids
<s> [webpack.Progress] 83% before module ids NamedModulesPlugin
<s> [webpack.Progress] 83% module ids
<s> [webpack.Progress] 84% module id optimization
<s> [webpack.Progress] 84% module id optimization
<s> [webpack.Progress] 85% chunk reviving
<s> [webpack.Progress] 85% chunk reviving RecordIdsPlugin
<s> [webpack.Progress] 85% chunk order optimization
<s> [webpack.Progress] 85% chunk order optimization OccurrenceOrderChunkIdsPlugin
<s> [webpack.Progress] 86% before chunk ids
<s> [webpack.Progress] 86% before chunk ids NamedChunksPlugin
<s> [webpack.Progress] 86% chunk id optimization
<s> [webpack.Progress] 87% after chunk id optimization
<s> [webpack.Progress] 87% record modules
<s> [webpack.Progress] 87% record modules RecordIdsPlugin
<s> [webpack.Progress] 87% record chunks
<s> [webpack.Progress] 87% record chunks RecordIdsPlugin
<s> [webpack.Progress] 88% hashing
<s> [webpack.Progress] 88% after hashing
<s> [webpack.Progress] 88% after hashing HotModuleReplacementPlugin
<s> [webpack.Progress] 89% record hash
<s> [webpack.Progress] 89% module assets processing
<s> [webpack.Progress] 90% chunk assets processing
<s> [webpack.Progress] 90% additional chunk assets processing
<s> [webpack.Progress] 90% additional chunk assets processing HotModuleReplacementPlugin
<s> [webpack.Progress] 91% recording
<s> [webpack.Progress] 91% recording HotModuleReplacementPlugin
<s> [webpack.Progress] 92% additional asset processing
<s> [webpack.Progress] 92% chunk asset optimization
<s> [webpack.Progress] 93% after chunk asset optimization
<s> [webpack.Progress] 93% asset optimization
<s> [webpack.Progress] 94% after asset optimization
<s> [webpack.Progress] 94% after seal
<s> [webpack.Progress] 95% emitting
<s> [webpack.Progress] 95% emitting HtmlWebpackPlugin
<s> [webpack.Progress] 95% emitting CopyPlugin
<s> [webpack.Progress] 98% after emitting
<s> [webpack.Progress] 98% after emitting CopyPlugin
 ERROR  Failed to compile with 1 error8:20:34 AM

 error  in ./src/components/ModernPageBlock.vue?vue&type=template&id=85b98542&scoped=true

Module Error (from ./node_modules/vue-loader/lib/loaders/templateLoader.js):
(Emitted value instead of an instance of Error) 

  Errors compiling template:

  tag <div> has no matching end tag.

  1  |  
     |   
  2  |  <div class="modern-page-block">
     |  ^^^^^^^^^^^^^^^^^^^^^^^^^^^^^^^
  3  |    <!-- Loading State -->


 @ ./src/components/ModernPageBlock.vue?vue&type=template&id=85b98542&scoped=true 1:0-519 1:0-519
 @ ./src/components/ModernPageBlock.vue
 @ ./src/router/index.js
 @ ./src/main.js
 @ multi (webpack)-dev-server/client?http://localhost:12000/sockjs-node (webpack)/hot/dev-server.js ./src/main.js

<s> [webpack.Progress] 100% 

 WAIT  Compiling...8:20:50 AM

<s> [webpack.Progress] 0% compiling
<s> [webpack.Progress] 10% building 0/0 modules 0 active 
<s> [webpack.Progress] 10% building 0/0 modules 0 active 
<s> [webpack.Progress] 10% building 0/1 modules 1 active /workspace/project/xian-explorer/node_modules/cache-loader/dist/cjs.js??ref--0-0!/workspace/project/xian-explorer/node_modules/vue-loader/lib/index.js??vue-loader-options!/workspace/project/xian-explorer/node_modules/eslint-loader/index.js??ref--13-0!/workspace/project/xian-explorer/src/components/ModernPageBlock.vue
<s> [webpack.Progress] 40% building 0/1 modules 1 active /workspace/project/xian-explorer/node_modules/cache-loader/dist/cjs.js??ref--0-0!/workspace/project/xian-explorer/node_modules/vue-loader/lib/index.js??vue-loader-options!/workspace/project/xian-explorer/node_modules/eslint-loader/index.js??ref--13-0!/workspace/project/xian-explorer/src/components/ModernPageBlock.vue
<s> [webpack.Progress] 40% building 1/1 modules 0 active 
<s> [webpack.Progress] 40% building 1/2 modules 1 active /workspace/project/xian-explorer/node_modules/cache-loader/dist/cjs.js?{"cacheDirectory":"node_modules/.cache/vue-loader","cacheIdentifier":"1fe9d2cf-vue-loader-template"}!/workspace/project/xian-explorer/node_modules/cache-loader/dist/cjs.js??ref--12-0!/workspace/project/xian-explorer/node_modules/babel-loader/lib/index.js!/workspace/project/xian-explorer/node_modules/vue-loader/lib/loaders/templateLoader.js??ref--6!/workspace/project/xian-explorer/node_modules/cache-loader/dist/cjs.js??ref--0-0!/workspace/project/xian-explorer/node_modules/vue-loader/lib/index.js??vue-loader-options!/workspace/project/xian-explorer/src/components/ModernPageBlock.vue?vue&type=template&id=85b98542&scoped=true
<s> [webpack.Progress] 40% building 1/3 modules 2 active /workspace/project/xian-explorer/node_modules/cache-loader/dist/cjs.js??ref--12-0!/workspace/project/xian-explorer/node_modules/babel-loader/lib/index.js!/workspace/project/xian-explorer/node_modules/cache-loader/dist/cjs.js??ref--0-0!/workspace/project/xian-explorer/node_modules/vue-loader/lib/index.js??vue-loader-options!/workspace/project/xian-explorer/src/components/ModernPageBlock.vue?vue&type=script&lang=js
<s> [webpack.Progress] 40% building 1/4 modules 3 active /workspace/project/xian-explorer/node_modules/css-loader/index.js??ref--6-oneOf-1-1!/workspace/project/xian-explorer/node_modules/vue-loader/lib/loaders/stylePostLoader.js!/workspace/project/xian-explorer/node_modules/postcss-loader/src/index.js??ref--6-oneOf-1-2!/workspace/project/xian-explorer/node_modules/cache-loader/dist/cjs.js??ref--0-0!/workspace/project/xian-explorer/node_modules/vue-loader/lib/index.js??vue-loader-options!/workspace/project/xian-explorer/src/components/ModernPageBlock.vue?vue&type=style&index=0&id=85b98542&scoped=true&lang=css
<s> [webpack.Progress] 40% building 2/4 modules 2 active /workspace/project/xian-explorer/node_modules/css-loader/index.js??ref--6-oneOf-1-1!/workspace/project/xian-explorer/node_modules/vue-loader/lib/loaders/stylePostLoader.js!/workspace/project/xian-explorer/node_modules/postcss-loader/src/index.js??ref--6-oneOf-1-2!/workspace/project/xian-explorer/node_modules/cache-loader/dist/cjs.js??ref--0-0!/workspace/project/xian-explorer/node_modules/vue-loader/lib/index.js??vue-loader-options!/workspace/project/xian-explorer/src/components/ModernPageBlock.vue?vue&type=style&index=0&id=85b98542&scoped=true&lang=css
<s> [webpack.Progress] 54% building 3/4 modules 1 active /workspace/project/xian-explorer/node_modules/css-loader/index.js??ref--6-oneOf-1-1!/workspace/project/xian-explorer/node_modules/vue-loader/lib/loaders/stylePostLoader.js!/workspace/project/xian-explorer/node_modules/postcss-loader/src/index.js??ref--6-oneOf-1-2!/workspace/project/xian-explorer/node_modules/cache-loader/dist/cjs.js??ref--0-0!/workspace/project/xian-explorer/node_modules/vue-loader/lib/index.js??vue-loader-options!/workspace/project/xian-explorer/src/components/ModernPageBlock.vue?vue&type=style&index=0&id=85b98542&scoped=true&lang=css
<s> [webpack.Progress] 70% building 4/4 modules 0 active 
<s> [webpack.Progress] 70% building 4/4 modules 0 active 
<s> [webpack.Progress] 70% finish module graph
<s> [webpack.Progress] 70% finish module graph FlagDependencyExportsPlugin
<s> [webpack.Progress] 70% sealing
<s> [webpack.Progress] 70% sealing WarnCaseSensitiveModulesPlugin
<s> [webpack.Progress] 72% basic dependencies optimization
<s> [webpack.Progress] 72% dependencies optimization
<s> [webpack.Progress] 73% advanced dependencies optimization
<s> [webpack.Progress] 73% after dependencies optimization
<s> [webpack.Progress] 71% chunk graph
<s> [webpack.Progress] 71% after chunk graph
<s> [webpack.Progress] 71% after chunk graph WebAssemblyModulesPlugin
<s> [webpack.Progress] 74% optimizing
<s> [webpack.Progress] 74% basic module optimization
<s> [webpack.Progress] 75% module optimization
<s> [webpack.Progress] 75% advanced module optimization
<s> [webpack.Progress] 76% after module optimization
<s> [webpack.Progress] 76% basic chunk optimization
<s> [webpack.Progress] 76% basic chunk optimization EnsureChunkConditionsPlugin
<s> [webpack.Progress] 76% basic chunk optimization RemoveEmptyChunksPlugin
<s> [webpack.Progress] 76% basic chunk optimization MergeDuplicateChunksPlugin
<s> [webpack.Progress] 77% chunk optimization
<s> [webpack.Progress] 77% advanced chunk optimization
<s> [webpack.Progress] 77% advanced chunk optimization SplitChunksPlugin
<s> [webpack.Progress] 77% advanced chunk optimization RemoveEmptyChunksPlugin
<s> [webpack.Progress] 77% after chunk optimization
<s> [webpack.Progress] 78% module and chunk tree optimization
<s> [webpack.Progress] 78% after module and chunk tree optimization
<s> [webpack.Progress] 79% basic chunk modules optimization
<s> [webpack.Progress] 80% chunk modules optimization
<s> [webpack.Progress] 80% advanced chunk modules optimization
<s> [webpack.Progress] 81% after chunk modules optimization
<s> [webpack.Progress] 81% module reviving
<s> [webpack.Progress] 81% module reviving RecordIdsPlugin
<s> [webpack.Progress] 82% module order optimization
<s> [webpack.Progress] 82% advanced module order optimization
<s> [webpack.Progress] 83% before module ids
<s> [webpack.Progress] 83% before module ids NamedModulesPlugin
<s> [webpack.Progress] 83% module ids
<s> [webpack.Progress] 84% module id optimization
<s> [webpack.Progress] 84% module id optimization
<s> [webpack.Progress] 85% chunk reviving
<s> [webpack.Progress] 85% chunk reviving RecordIdsPlugin
<s> [webpack.Progress] 85% chunk order optimization
<s> [webpack.Progress] 85% chunk order optimization OccurrenceOrderChunkIdsPlugin
<s> [webpack.Progress] 86% before chunk ids
<s> [webpack.Progress] 86% before chunk ids NamedChunksPlugin
<s> [webpack.Progress] 86% chunk id optimization
<s> [webpack.Progress] 87% after chunk id optimization
<s> [webpack.Progress] 87% record modules
<s> [webpack.Progress] 87% record modules RecordIdsPlugin
<s> [webpack.Progress] 87% record chunks
<s> [webpack.Progress] 87% record chunks RecordIdsPlugin
<s> [webpack.Progress] 88% hashing
<s> [webpack.Progress] 88% after hashing
<s> [webpack.Progress] 88% after hashing HotModuleReplacementPlugin
<s> [webpack.Progress] 89% record hash
<s> [webpack.Progress] 89% module assets processing
<s> [webpack.Progress] 90% chunk assets processing
<s> [webpack.Progress] 90% additional chunk assets processing
<s> [webpack.Progress] 90% additional chunk assets processing HotModuleReplacementPlugin
<s> [webpack.Progress] 91% recording
<s> [webpack.Progress] 91% recording HotModuleReplacementPlugin
<s> [webpack.Progress] 92% additional asset processing
<s> [webpack.Progress] 92% chunk asset optimization
<s> [webpack.Progress] 93% after chunk asset optimization
<s> [webpack.Progress] 93% asset optimization
<s> [webpack.Progress] 94% after asset optimization
<s> [webpack.Progress] 94% after seal
<s> [webpack.Progress] 95% emitting
<s> [webpack.Progress] 95% emitting HtmlWebpackPlugin
<s> [webpack.Progress] 95% emitting CopyPlugin
<s> [webpack.Progress] 98% after emitting
<s> [webpack.Progress] 98% after emitting CopyPlugin
 WARNING  Compiled with 1 warning8:20:51 AM

Module Warning (from ./node_modules/eslint-loader/index.js):
error: 'from' is defined but never used (no-unused-vars) at src/components/ModernPageBlock.vue:320:18:
  318 |   },
  319 |   watch: {
> 320 |     '$route'(to, from) {
      |                  ^
  321 |       this.fetchBlock()
  322 |     }
  323 |   }


1 error found.

You may use special comments to disable some warnings.
Use // eslint-disable-next-line to ignore the next line.
Use /* eslint-disable */ to ignore all warnings in a file.
<s> [webpack.Progress] 100% 


  App running at:
  - Local:   http://localhost:12000/ 
  - Network: unavailable

 WAIT  Compiling...8:20:57 AM

<s> [webpack.Progress] 0% compiling
<s> [webpack.Progress] 10% building 0/0 modules 0 active 
<s> [webpack.Progress] 10% building 0/0 modules 0 active 
<s> [webpack.Progress] 10% building 0/1 modules 1 active /workspace/project/xian-explorer/node_modules/cache-loader/dist/cjs.js??ref--0-0!/workspace/project/xian-explorer/node_modules/vue-loader/lib/index.js??vue-loader-options!/workspace/project/xian-explorer/node_modules/eslint-loader/index.js??ref--13-0!/workspace/project/xian-explorer/src/components/ModernPageBlock.vue
<s> [webpack.Progress] 40% building 0/1 modules 1 active /workspace/project/xian-explorer/node_modules/cache-loader/dist/cjs.js??ref--0-0!/workspace/project/xian-explorer/node_modules/vue-loader/lib/index.js??vue-loader-options!/workspace/project/xian-explorer/node_modules/eslint-loader/index.js??ref--13-0!/workspace/project/xian-explorer/src/components/ModernPageBlock.vue
<s> [webpack.Progress] 40% building 1/1 modules 0 active 
<s> [webpack.Progress] 40% building 1/2 modules 1 active /workspace/project/xian-explorer/node_modules/cache-loader/dist/cjs.js?{"cacheDirectory":"node_modules/.cache/vue-loader","cacheIdentifier":"1fe9d2cf-vue-loader-template"}!/workspace/project/xian-explorer/node_modules/cache-loader/dist/cjs.js??ref--12-0!/workspace/project/xian-explorer/node_modules/babel-loader/lib/index.js!/workspace/project/xian-explorer/node_modules/vue-loader/lib/loaders/templateLoader.js??ref--6!/workspace/project/xian-explorer/node_modules/cache-loader/dist/cjs.js??ref--0-0!/workspace/project/xian-explorer/node_modules/vue-loader/lib/index.js??vue-loader-options!/workspace/project/xian-explorer/src/components/ModernPageBlock.vue?vue&type=template&id=85b98542&scoped=true
<s> [webpack.Progress] 40% building 1/3 modules 2 active /workspace/project/xian-explorer/node_modules/cache-loader/dist/cjs.js??ref--12-0!/workspace/project/xian-explorer/node_modules/babel-loader/lib/index.js!/workspace/project/xian-explorer/node_modules/cache-loader/dist/cjs.js??ref--0-0!/workspace/project/xian-explorer/node_modules/vue-loader/lib/index.js??vue-loader-options!/workspace/project/xian-explorer/src/components/ModernPageBlock.vue?vue&type=script&lang=js
<s> [webpack.Progress] 40% building 1/4 modules 3 active /workspace/project/xian-explorer/node_modules/css-loader/index.js??ref--6-oneOf-1-1!/workspace/project/xian-explorer/node_modules/vue-loader/lib/loaders/stylePostLoader.js!/workspace/project/xian-explorer/node_modules/postcss-loader/src/index.js??ref--6-oneOf-1-2!/workspace/project/xian-explorer/node_modules/cache-loader/dist/cjs.js??ref--0-0!/workspace/project/xian-explorer/node_modules/vue-loader/lib/index.js??vue-loader-options!/workspace/project/xian-explorer/src/components/ModernPageBlock.vue?vue&type=style&index=0&id=85b98542&scoped=true&lang=css
<s> [webpack.Progress] 40% building 2/4 modules 2 active /workspace/project/xian-explorer/node_modules/css-loader/index.js??ref--6-oneOf-1-1!/workspace/project/xian-explorer/node_modules/vue-loader/lib/loaders/stylePostLoader.js!/workspace/project/xian-explorer/node_modules/postcss-loader/src/index.js??ref--6-oneOf-1-2!/workspace/project/xian-explorer/node_modules/cache-loader/dist/cjs.js??ref--0-0!/workspace/project/xian-explorer/node_modules/vue-loader/lib/index.js??vue-loader-options!/workspace/project/xian-explorer/src/components/ModernPageBlock.vue?vue&type=style&index=0&id=85b98542&scoped=true&lang=css
<s> [webpack.Progress] 54% building 3/4 modules 1 active /workspace/project/xian-explorer/node_modules/css-loader/index.js??ref--6-oneOf-1-1!/workspace/project/xian-explorer/node_modules/vue-loader/lib/loaders/stylePostLoader.js!/workspace/project/xian-explorer/node_modules/postcss-loader/src/index.js??ref--6-oneOf-1-2!/workspace/project/xian-explorer/node_modules/cache-loader/dist/cjs.js??ref--0-0!/workspace/project/xian-explorer/node_modules/vue-loader/lib/index.js??vue-loader-options!/workspace/project/xian-explorer/src/components/ModernPageBlock.vue?vue&type=style&index=0&id=85b98542&scoped=true&lang=css
<s> [webpack.Progress] 70% building 4/4 modules 0 active 
<s> [webpack.Progress] 70% building 4/4 modules 0 active 
<s> [webpack.Progress] 70% finish module graph
<s> [webpack.Progress] 70% finish module graph FlagDependencyExportsPlugin
<s> [webpack.Progress] 70% sealing
<s> [webpack.Progress] 70% sealing WarnCaseSensitiveModulesPlugin
<s> [webpack.Progress] 72% basic dependencies optimization
<s> [webpack.Progress] 72% dependencies optimization
<s> [webpack.Progress] 73% advanced dependencies optimization
<s> [webpack.Progress] 73% after dependencies optimization
<s> [webpack.Progress] 71% chunk graph
<s> [webpack.Progress] 71% after chunk graph
<s> [webpack.Progress] 71% after chunk graph WebAssemblyModulesPlugin
<s> [webpack.Progress] 74% optimizing
<s> [webpack.Progress] 74% basic module optimization
<s> [webpack.Progress] 75% module optimization
<s> [webpack.Progress] 75% advanced module optimization
<s> [webpack.Progress] 76% after module optimization
<s> [webpack.Progress] 76% basic chunk optimization
<s> [webpack.Progress] 76% basic chunk optimization EnsureChunkConditionsPlugin
<s> [webpack.Progress] 76% basic chunk optimization RemoveEmptyChunksPlugin
<s> [webpack.Progress] 76% basic chunk optimization MergeDuplicateChunksPlugin
<s> [webpack.Progress] 77% chunk optimization
<s> [webpack.Progress] 77% advanced chunk optimization
<s> [webpack.Progress] 77% advanced chunk optimization SplitChunksPlugin
<s> [webpack.Progress] 77% advanced chunk optimization RemoveEmptyChunksPlugin
<s> [webpack.Progress] 77% after chunk optimization
<s> [webpack.Progress] 78% module and chunk tree optimization
<s> [webpack.Progress] 78% after module and chunk tree optimization
<s> [webpack.Progress] 79% basic chunk modules optimization
<s> [webpack.Progress] 80% chunk modules optimization
<s> [webpack.Progress] 80% advanced chunk modules optimization
<s> [webpack.Progress] 81% after chunk modules optimization
<s> [webpack.Progress] 81% module reviving
<s> [webpack.Progress] 81% module reviving RecordIdsPlugin
<s> [webpack.Progress] 82% module order optimization
<s> [webpack.Progress] 82% advanced module order optimization
<s> [webpack.Progress] 83% before module ids
<s> [webpack.Progress] 83% before module ids NamedModulesPlugin
<s> [webpack.Progress] 83% module ids
<s> [webpack.Progress] 84% module id optimization
<s> [webpack.Progress] 84% module id optimization
<s> [webpack.Progress] 85% chunk reviving
<s> [webpack.Progress] 85% chunk reviving RecordIdsPlugin
<s> [webpack.Progress] 85% chunk order optimization
<s> [webpack.Progress] 85% chunk order optimization OccurrenceOrderChunkIdsPlugin
<s> [webpack.Progress] 86% before chunk ids
<s> [webpack.Progress] 86% before chunk ids NamedChunksPlugin
<s> [webpack.Progress] 86% chunk id optimization
<s> [webpack.Progress] 87% after chunk id optimization
<s> [webpack.Progress] 87% record modules
<s> [webpack.Progress] 87% record modules RecordIdsPlugin
<s> [webpack.Progress] 87% record chunks
<s> [webpack.Progress] 87% record chunks RecordIdsPlugin
<s> [webpack.Progress] 88% hashing
<s> [webpack.Progress] 88% after hashing
<s> [webpack.Progress] 88% after hashing HotModuleReplacementPlugin
<s> [webpack.Progress] 89% record hash
<s> [webpack.Progress] 89% module assets processing
<s> [webpack.Progress] 90% chunk assets processing
<s> [webpack.Progress] 90% additional chunk assets processing
<s> [webpack.Progress] 90% additional chunk assets processing HotModuleReplacementPlugin
<s> [webpack.Progress] 91% recording
<s> [webpack.Progress] 91% recording HotModuleReplacementPlugin
<s> [webpack.Progress] 92% additional asset processing
<s> [webpack.Progress] 92% chunk asset optimization
<s> [webpack.Progress] 93% after chunk asset optimization
<s> [webpack.Progress] 93% asset optimization
<s> [webpack.Progress] 94% after asset optimization
<s> [webpack.Progress] 94% after seal
<s> [webpack.Progress] 95% emitting
<s> [webpack.Progress] 95% emitting HtmlWebpackPlugin
<s> [webpack.Progress] 95% emitting CopyPlugin
<s> [webpack.Progress] 98% after emitting
<s> [webpack.Progress] 98% after emitting CopyPlugin
 WARNING  Compiled with 1 warning8:20:58 AM

Module Warning (from ./node_modules/eslint-loader/index.js):
error: 'from' is defined but never used (no-unused-vars) at src/components/ModernPageBlock.vue:320:18:
  318 |   },
  319 |   watch: {
> 320 |     '$route'(to, from) {
      |                  ^
  321 |       this.fetchBlock()
  322 |     }
  323 |   }


1 error found.

You may use special comments to disable some warnings.
Use // eslint-disable-next-line to ignore the next line.
Use /* eslint-disable */ to ignore all warnings in a file.
<s> [webpack.Progress] 100% 


  App running at:
  - Local:   http://localhost:12000/ 
  - Network: unavailable

 WAIT  Compiling...8:24:24 AM

<s> [webpack.Progress] 0% compiling
<s> [webpack.Progress] 10% building 0/0 modules 0 active 
<s> [webpack.Progress] 10% building 0/0 modules 0 active 
<s> [webpack.Progress] 10% building 0/1 modules 1 active /workspace/project/xian-explorer/node_modules/cache-loader/dist/cjs.js??ref--0-0!/workspace/project/xian-explorer/node_modules/vue-loader/lib/index.js??vue-loader-options!/workspace/project/xian-explorer/node_modules/eslint-loader/index.js??ref--13-0!/workspace/project/xian-explorer/src/components/ModernPageToken.vue
<s> [webpack.Progress] 40% building 0/1 modules 1 active /workspace/project/xian-explorer/node_modules/cache-loader/dist/cjs.js??ref--0-0!/workspace/project/xian-explorer/node_modules/vue-loader/lib/index.js??vue-loader-options!/workspace/project/xian-explorer/node_modules/eslint-loader/index.js??ref--13-0!/workspace/project/xian-explorer/src/components/ModernPageToken.vue
<s> [webpack.Progress] 40% building 1/1 modules 0 active 
<s> [webpack.Progress] 40% building 1/2 modules 1 active /workspace/project/xian-explorer/node_modules/cache-loader/dist/cjs.js?{"cacheDirectory":"node_modules/.cache/vue-loader","cacheIdentifier":"1fe9d2cf-vue-loader-template"}!/workspace/project/xian-explorer/node_modules/cache-loader/dist/cjs.js??ref--12-0!/workspace/project/xian-explorer/node_modules/babel-loader/lib/index.js!/workspace/project/xian-explorer/node_modules/vue-loader/lib/loaders/templateLoader.js??ref--6!/workspace/project/xian-explorer/node_modules/cache-loader/dist/cjs.js??ref--0-0!/workspace/project/xian-explorer/node_modules/vue-loader/lib/index.js??vue-loader-options!/workspace/project/xian-explorer/src/components/ModernPageToken.vue?vue&type=template&id=dcdcc66a&scoped=true
<s> [webpack.Progress] 40% building 1/3 modules 2 active /workspace/project/xian-explorer/node_modules/cache-loader/dist/cjs.js??ref--12-0!/workspace/project/xian-explorer/node_modules/babel-loader/lib/index.js!/workspace/project/xian-explorer/node_modules/cache-loader/dist/cjs.js??ref--0-0!/workspace/project/xian-explorer/node_modules/vue-loader/lib/index.js??vue-loader-options!/workspace/project/xian-explorer/src/components/ModernPageToken.vue?vue&type=script&lang=js
<s> [webpack.Progress] 40% building 1/4 modules 3 active /workspace/project/xian-explorer/node_modules/css-loader/index.js??ref--6-oneOf-1-1!/workspace/project/xian-explorer/node_modules/vue-loader/lib/loaders/stylePostLoader.js!/workspace/project/xian-explorer/node_modules/postcss-loader/src/index.js??ref--6-oneOf-1-2!/workspace/project/xian-explorer/node_modules/cache-loader/dist/cjs.js??ref--0-0!/workspace/project/xian-explorer/node_modules/vue-loader/lib/index.js??vue-loader-options!/workspace/project/xian-explorer/src/components/ModernPageToken.vue?vue&type=style&index=0&id=dcdcc66a&scoped=true&lang=css
<s> [webpack.Progress] 40% building 2/4 modules 2 active /workspace/project/xian-explorer/node_modules/css-loader/index.js??ref--6-oneOf-1-1!/workspace/project/xian-explorer/node_modules/vue-loader/lib/loaders/stylePostLoader.js!/workspace/project/xian-explorer/node_modules/postcss-loader/src/index.js??ref--6-oneOf-1-2!/workspace/project/xian-explorer/node_modules/cache-loader/dist/cjs.js??ref--0-0!/workspace/project/xian-explorer/node_modules/vue-loader/lib/index.js??vue-loader-options!/workspace/project/xian-explorer/src/components/ModernPageToken.vue?vue&type=style&index=0&id=dcdcc66a&scoped=true&lang=css
<s> [webpack.Progress] 54% building 3/4 modules 1 active /workspace/project/xian-explorer/node_modules/css-loader/index.js??ref--6-oneOf-1-1!/workspace/project/xian-explorer/node_modules/vue-loader/lib/loaders/stylePostLoader.js!/workspace/project/xian-explorer/node_modules/postcss-loader/src/index.js??ref--6-oneOf-1-2!/workspace/project/xian-explorer/node_modules/cache-loader/dist/cjs.js??ref--0-0!/workspace/project/xian-explorer/node_modules/vue-loader/lib/index.js??vue-loader-options!/workspace/project/xian-explorer/src/components/ModernPageToken.vue?vue&type=style&index=0&id=dcdcc66a&scoped=true&lang=css
<s> [webpack.Progress] 70% building 4/4 modules 0 active 
<s> [webpack.Progress] 70% building 4/4 modules 0 active 
<s> [webpack.Progress] 70% finish module graph
<s> [webpack.Progress] 70% finish module graph FlagDependencyExportsPlugin
<s> [webpack.Progress] 70% sealing
<s> [webpack.Progress] 70% sealing WarnCaseSensitiveModulesPlugin
<s> [webpack.Progress] 72% basic dependencies optimization
<s> [webpack.Progress] 72% dependencies optimization
<s> [webpack.Progress] 73% advanced dependencies optimization
<s> [webpack.Progress] 73% after dependencies optimization
<s> [webpack.Progress] 71% chunk graph
<s> [webpack.Progress] 71% after chunk graph
<s> [webpack.Progress] 71% after chunk graph WebAssemblyModulesPlugin
<s> [webpack.Progress] 74% optimizing
<s> [webpack.Progress] 74% basic module optimization
<s> [webpack.Progress] 75% module optimization
<s> [webpack.Progress] 75% advanced module optimization
<s> [webpack.Progress] 76% after module optimization
<s> [webpack.Progress] 76% basic chunk optimization
<s> [webpack.Progress] 76% basic chunk optimization EnsureChunkConditionsPlugin
<s> [webpack.Progress] 76% basic chunk optimization RemoveEmptyChunksPlugin
<s> [webpack.Progress] 76% basic chunk optimization MergeDuplicateChunksPlugin
<s> [webpack.Progress] 77% chunk optimization
<s> [webpack.Progress] 77% advanced chunk optimization
<s> [webpack.Progress] 77% advanced chunk optimization SplitChunksPlugin
<s> [webpack.Progress] 77% advanced chunk optimization RemoveEmptyChunksPlugin
<s> [webpack.Progress] 77% after chunk optimization
<s> [webpack.Progress] 78% module and chunk tree optimization
<s> [webpack.Progress] 78% after module and chunk tree optimization
<s> [webpack.Progress] 79% basic chunk modules optimization
<s> [webpack.Progress] 80% chunk modules optimization
<s> [webpack.Progress] 80% advanced chunk modules optimization
<s> [webpack.Progress] 81% after chunk modules optimization
<s> [webpack.Progress] 81% module reviving
<s> [webpack.Progress] 81% module reviving RecordIdsPlugin
<s> [webpack.Progress] 82% module order optimization
<s> [webpack.Progress] 82% advanced module order optimization
<s> [webpack.Progress] 83% before module ids
<s> [webpack.Progress] 83% before module ids NamedModulesPlugin
<s> [webpack.Progress] 83% module ids
<s> [webpack.Progress] 84% module id optimization
<s> [webpack.Progress] 84% module id optimization
<s> [webpack.Progress] 85% chunk reviving
<s> [webpack.Progress] 85% chunk reviving RecordIdsPlugin
<s> [webpack.Progress] 85% chunk order optimization
<s> [webpack.Progress] 85% chunk order optimization OccurrenceOrderChunkIdsPlugin
<s> [webpack.Progress] 86% before chunk ids
<s> [webpack.Progress] 86% before chunk ids NamedChunksPlugin
<s> [webpack.Progress] 86% chunk id optimization
<s> [webpack.Progress] 87% after chunk id optimization
<s> [webpack.Progress] 87% record modules
<s> [webpack.Progress] 87% record modules RecordIdsPlugin
<s> [webpack.Progress] 87% record chunks
<s> [webpack.Progress] 87% record chunks RecordIdsPlugin
<s> [webpack.Progress] 88% hashing
<s> [webpack.Progress] 88% after hashing
<s> [webpack.Progress] 88% after hashing HotModuleReplacementPlugin
<s> [webpack.Progress] 89% record hash
<s> [webpack.Progress] 89% module assets processing
<s> [webpack.Progress] 90% chunk assets processing
<s> [webpack.Progress] 90% additional chunk assets processing
<s> [webpack.Progress] 90% additional chunk assets processing HotModuleReplacementPlugin
<s> [webpack.Progress] 91% recording
<s> [webpack.Progress] 91% recording HotModuleReplacementPlugin
<s> [webpack.Progress] 92% additional asset processing
<s> [webpack.Progress] 92% chunk asset optimization
<s> [webpack.Progress] 93% after chunk asset optimization
<s> [webpack.Progress] 93% asset optimization
<s> [webpack.Progress] 94% after asset optimization
<s> [webpack.Progress] 94% after seal
<s> [webpack.Progress] 95% emitting
<s> [webpack.Progress] 95% emitting HtmlWebpackPlugin
<s> [webpack.Progress] 95% emitting CopyPlugin
<s> [webpack.Progress] 98% after emitting
<s> [webpack.Progress] 98% after emitting CopyPlugin
 WARNING  Compiled with 1 warning8:24:25 AM

Module Warning (from ./node_modules/eslint-loader/index.js):
error: 'from' is defined but never used (no-unused-vars) at src/components/ModernPageBlock.vue:320:18:
  318 |   },
  319 |   watch: {
> 320 |     '$route'(to, from) {
      |                  ^
  321 |       this.fetchBlock()
  322 |     }
  323 |   }


1 error found.

You may use special comments to disable some warnings.
Use // eslint-disable-next-line to ignore the next line.
Use /* eslint-disable */ to ignore all warnings in a file.
<s> [webpack.Progress] 100% 


  App running at:
  - Local:   http://localhost:12000/ 
  - Network: unavailable

<s> [webpack.Progress] 0% compiling
<s> [webpack.Progress] 10% building 0/0 modules 0 active 
<s> [webpack.Progress] 10% building 0/0 modules 0 active 
<s> [webpack.Progress] 10% building 0/1 modules 1 active /workspace/project/xian-explorer/node_modules/cache-loader/dist/cjs.js??ref--0-0!/workspace/project/xian-explorer/node_modules/vue-loader/lib/index.js??vue-loader-options!/workspace/project/xian-explorer/node_modules/eslint-loader/index.js??ref--13-0!/workspace/project/xian-explorer/src/components/ModernPageToken.vue
<s> [webpack.Progress] 40% building 0/1 modules 1 active /workspace/project/xian-explorer/node_modules/cache-loader/dist/cjs.js??ref--0-0!/workspace/project/xian-explorer/node_modules/vue-loader/lib/index.js??vue-loader-options!/workspace/project/xian-explorer/node_modules/eslint-loader/index.js??ref--13-0!/workspace/project/xian-explorer/src/components/ModernPageToken.vue
<s> [webpack.Progress] 40% building 1/1 modules 0 active 
<s> [webpack.Progress] 70% building 1/1 modules 0 active 
<s> [webpack.Progress] 70% finish module graph
<s> [webpack.Progress] 70% finish module graph FlagDependencyExportsPlugin
<s> [webpack.Progress] 70% sealing
<s> [webpack.Progress] 70% sealing WarnCaseSensitiveModulesPlugin
<s> [webpack.Progress] 72% basic dependencies optimization
<s> [webpack.Progress] 72% dependencies optimization
<s> [webpack.Progress] 73% advanced dependencies optimization
<s> [webpack.Progress] 73% after dependencies optimization
<s> [webpack.Progress] 71% chunk graph
<s> [webpack.Progress] 71% after chunk graph
<s> [webpack.Progress] 71% after chunk graph WebAssemblyModulesPlugin
<s> [webpack.Progress] 74% optimizing
<s> [webpack.Progress] 74% basic module optimization
<s> [webpack.Progress] 75% module optimization
<s> [webpack.Progress] 75% advanced module optimization
<s> [webpack.Progress] 76% after module optimization
<s> [webpack.Progress] 76% basic chunk optimization
<s> [webpack.Progress] 76% basic chunk optimization EnsureChunkConditionsPlugin
<s> [webpack.Progress] 76% basic chunk optimization RemoveEmptyChunksPlugin
<s> [webpack.Progress] 76% basic chunk optimization MergeDuplicateChunksPlugin
<s> [webpack.Progress] 77% chunk optimization
<s> [webpack.Progress] 77% advanced chunk optimization
<s> [webpack.Progress] 77% advanced chunk optimization SplitChunksPlugin
<s> [webpack.Progress] 77% advanced chunk optimization RemoveEmptyChunksPlugin
<s> [webpack.Progress] 77% after chunk optimization
<s> [webpack.Progress] 78% module and chunk tree optimization
<s> [webpack.Progress] 78% after module and chunk tree optimization
<s> [webpack.Progress] 79% basic chunk modules optimization
<s> [webpack.Progress] 80% chunk modules optimization
<s> [webpack.Progress] 80% advanced chunk modules optimization
<s> [webpack.Progress] 81% after chunk modules optimization
<s> [webpack.Progress] 81% module reviving
<s> [webpack.Progress] 81% module reviving RecordIdsPlugin
<s> [webpack.Progress] 82% module order optimization
<s> [webpack.Progress] 82% advanced module order optimization
<s> [webpack.Progress] 83% before module ids
<s> [webpack.Progress] 83% before module ids NamedModulesPlugin
<s> [webpack.Progress] 83% module ids
<s> [webpack.Progress] 84% module id optimization
<s> [webpack.Progress] 84% module id optimization
<s> [webpack.Progress] 85% chunk reviving
<s> [webpack.Progress] 85% chunk reviving RecordIdsPlugin
<s> [webpack.Progress] 85% chunk order optimization
<s> [webpack.Progress] 85% chunk order optimization OccurrenceOrderChunkIdsPlugin
<s> [webpack.Progress] 86% before chunk ids
<s> [webpack.Progress] 86% before chunk ids NamedChunksPlugin
<s> [webpack.Progress] 86% chunk id optimization
<s> [webpack.Progress] 87% after chunk id optimization
<s> [webpack.Progress] 87% record modules
<s> [webpack.Progress] 87% record modules RecordIdsPlugin
<s> [webpack.Progress] 87% record chunks
<s> [webpack.Progress] 87% record chunks RecordIdsPlugin
<s> [webpack.Progress] 88% hashing
<s> [webpack.Progress] 88% after hashing
<s> [webpack.Progress] 88% after hashing HotModuleReplacementPlugin
<s> [webpack.Progress] 89% record hash
<s> [webpack.Progress] 89% module assets processing
<s> [webpack.Progress] 90% chunk assets processing
<s> [webpack.Progress] 90% additional chunk assets processing
<s> [webpack.Progress] 90% additional chunk assets processing HotModuleReplacementPlugin
<s> [webpack.Progress] 91% recording
<s> [webpack.Progress] 91% recording HotModuleReplacementPlugin
<s> [webpack.Progress] 92% additional asset processing
<s> [webpack.Progress] 92% chunk asset optimization
<s> [webpack.Progress] 93% after chunk asset optimization
<s> [webpack.Progress] 93% asset optimization
<s> [webpack.Progress] 94% after asset optimization
<s> [webpack.Progress] 94% after seal
<s> [webpack.Progress] 95% emitting
<s> [webpack.Progress] 95% emitting HtmlWebpackPlugin
<s> [webpack.Progress] 95% emitting CopyPlugin
<s> [webpack.Progress] 98% after emitting
<s> [webpack.Progress] 98% after emitting CopyPlugin
 ERROR  Failed to compile with 1 error8:24:37 AM

 error  in ./src/components/ModernPageToken.vue

Syntax Error: Error: ENOENT: no such file or directory, open '/workspace/project/xian-explorer/src/components/ModernPageToken.vue'


 @ ./src/router/index.js 21:0-60 57:13-28
 @ ./src/main.js
 @ multi (webpack)-dev-server/client?http://localhost:12000/sockjs-node (webpack)/hot/dev-server.js ./src/main.js

<s> [webpack.Progress] 100% 

 WAIT  Compiling...8:25:59 AM

<s> [webpack.Progress] 0% compiling
<s> [webpack.Progress] 10% building 0/0 modules 0 active 
<s> [webpack.Progress] 10% building 0/0 modules 0 active 
<s> [webpack.Progress] 10% building 0/1 modules 1 active /workspace/project/xian-explorer/node_modules/cache-loader/dist/cjs.js??ref--0-0!/workspace/project/xian-explorer/node_modules/vue-loader/lib/index.js??vue-loader-options!/workspace/project/xian-explorer/node_modules/eslint-loader/index.js??ref--13-0!/workspace/project/xian-explorer/src/components/ModernPageToken.vue
<s> [webpack.Progress] 40% building 0/1 modules 1 active /workspace/project/xian-explorer/node_modules/cache-loader/dist/cjs.js??ref--0-0!/workspace/project/xian-explorer/node_modules/vue-loader/lib/index.js??vue-loader-options!/workspace/project/xian-explorer/node_modules/eslint-loader/index.js??ref--13-0!/workspace/project/xian-explorer/src/components/ModernPageToken.vue
<s> [webpack.Progress] 70% building 1/1 modules 0 active 
<s> [webpack.Progress] 40% building 1/2 modules 1 active /workspace/project/xian-explorer/node_modules/cache-loader/dist/cjs.js?{"cacheDirectory":"node_modules/.cache/vue-loader","cacheIdentifier":"1fe9d2cf-vue-loader-template"}!/workspace/project/xian-explorer/node_modules/cache-loader/dist/cjs.js??ref--12-0!/workspace/project/xian-explorer/node_modules/babel-loader/lib/index.js!/workspace/project/xian-explorer/node_modules/vue-loader/lib/loaders/templateLoader.js??ref--6!/workspace/project/xian-explorer/node_modules/cache-loader/dist/cjs.js??ref--0-0!/workspace/project/xian-explorer/node_modules/vue-loader/lib/index.js??vue-loader-options!/workspace/project/xian-explorer/src/components/ModernPageToken.vue?vue&type=template&id=dcdcc66a&scoped=true
<s> [webpack.Progress] 40% building 1/3 modules 2 active /workspace/project/xian-explorer/node_modules/cache-loader/dist/cjs.js??ref--12-0!/workspace/project/xian-explorer/node_modules/babel-loader/lib/index.js!/workspace/project/xian-explorer/node_modules/cache-loader/dist/cjs.js??ref--0-0!/workspace/project/xian-explorer/node_modules/vue-loader/lib/index.js??vue-loader-options!/workspace/project/xian-explorer/src/components/ModernPageToken.vue?vue&type=script&lang=js
<s> [webpack.Progress] 40% building 1/4 modules 3 active /workspace/project/xian-explorer/node_modules/css-loader/index.js??ref--6-oneOf-1-1!/workspace/project/xian-explorer/node_modules/vue-loader/lib/loaders/stylePostLoader.js!/workspace/project/xian-explorer/node_modules/postcss-loader/src/index.js??ref--6-oneOf-1-2!/workspace/project/xian-explorer/node_modules/cache-loader/dist/cjs.js??ref--0-0!/workspace/project/xian-explorer/node_modules/vue-loader/lib/index.js??vue-loader-options!/workspace/project/xian-explorer/src/components/ModernPageToken.vue?vue&type=style&index=0&id=dcdcc66a&scoped=true&lang=css
<s> [webpack.Progress] 40% building 2/4 modules 2 active /workspace/project/xian-explorer/node_modules/css-loader/index.js??ref--6-oneOf-1-1!/workspace/project/xian-explorer/node_modules/vue-loader/lib/loaders/stylePostLoader.js!/workspace/project/xian-explorer/node_modules/postcss-loader/src/index.js??ref--6-oneOf-1-2!/workspace/project/xian-explorer/node_modules/cache-loader/dist/cjs.js??ref--0-0!/workspace/project/xian-explorer/node_modules/vue-loader/lib/index.js??vue-loader-options!/workspace/project/xian-explorer/src/components/ModernPageToken.vue?vue&type=style&index=0&id=dcdcc66a&scoped=true&lang=css
<s> [webpack.Progress] 54% building 3/4 modules 1 active /workspace/project/xian-explorer/node_modules/css-loader/index.js??ref--6-oneOf-1-1!/workspace/project/xian-explorer/node_modules/vue-loader/lib/loaders/stylePostLoader.js!/workspace/project/xian-explorer/node_modules/postcss-loader/src/index.js??ref--6-oneOf-1-2!/workspace/project/xian-explorer/node_modules/cache-loader/dist/cjs.js??ref--0-0!/workspace/project/xian-explorer/node_modules/vue-loader/lib/index.js??vue-loader-options!/workspace/project/xian-explorer/src/components/ModernPageToken.vue?vue&type=style&index=0&id=dcdcc66a&scoped=true&lang=css
<s> [webpack.Progress] 70% building 4/4 modules 0 active 
<s> [webpack.Progress] 70% building 4/4 modules 0 active 
<s> [webpack.Progress] 70% finish module graph
<s> [webpack.Progress] 70% finish module graph FlagDependencyExportsPlugin
<s> [webpack.Progress] 70% sealing
<s> [webpack.Progress] 70% sealing WarnCaseSensitiveModulesPlugin
<s> [webpack.Progress] 72% basic dependencies optimization
<s> [webpack.Progress] 72% dependencies optimization
<s> [webpack.Progress] 73% advanced dependencies optimization
<s> [webpack.Progress] 73% after dependencies optimization
<s> [webpack.Progress] 71% chunk graph
<s> [webpack.Progress] 71% after chunk graph
<s> [webpack.Progress] 71% after chunk graph WebAssemblyModulesPlugin
<s> [webpack.Progress] 74% optimizing
<s> [webpack.Progress] 74% basic module optimization
<s> [webpack.Progress] 75% module optimization
<s> [webpack.Progress] 75% advanced module optimization
<s> [webpack.Progress] 76% after module optimization
<s> [webpack.Progress] 76% basic chunk optimization
<s> [webpack.Progress] 76% basic chunk optimization EnsureChunkConditionsPlugin
<s> [webpack.Progress] 76% basic chunk optimization RemoveEmptyChunksPlugin
<s> [webpack.Progress] 76% basic chunk optimization MergeDuplicateChunksPlugin
<s> [webpack.Progress] 77% chunk optimization
<s> [webpack.Progress] 77% advanced chunk optimization
<s> [webpack.Progress] 77% advanced chunk optimization SplitChunksPlugin
<s> [webpack.Progress] 77% advanced chunk optimization RemoveEmptyChunksPlugin
<s> [webpack.Progress] 77% after chunk optimization
<s> [webpack.Progress] 78% module and chunk tree optimization
<s> [webpack.Progress] 78% after module and chunk tree optimization
<s> [webpack.Progress] 79% basic chunk modules optimization
<s> [webpack.Progress] 80% chunk modules optimization
<s> [webpack.Progress] 80% advanced chunk modules optimization
<s> [webpack.Progress] 81% after chunk modules optimization
<s> [webpack.Progress] 81% module reviving
<s> [webpack.Progress] 81% module reviving RecordIdsPlugin
<s> [webpack.Progress] 82% module order optimization
<s> [webpack.Progress] 82% advanced module order optimization
<s> [webpack.Progress] 83% before module ids
<s> [webpack.Progress] 83% before module ids NamedModulesPlugin
<s> [webpack.Progress] 83% module ids
<s> [webpack.Progress] 84% module id optimization
<s> [webpack.Progress] 84% module id optimization
<s> [webpack.Progress] 85% chunk reviving
<s> [webpack.Progress] 85% chunk reviving RecordIdsPlugin
<s> [webpack.Progress] 85% chunk order optimization
<s> [webpack.Progress] 85% chunk order optimization OccurrenceOrderChunkIdsPlugin
<s> [webpack.Progress] 86% before chunk ids
<s> [webpack.Progress] 86% before chunk ids NamedChunksPlugin
<s> [webpack.Progress] 86% chunk id optimization
<s> [webpack.Progress] 87% after chunk id optimization
<s> [webpack.Progress] 87% record modules
<s> [webpack.Progress] 87% record modules RecordIdsPlugin
<s> [webpack.Progress] 87% record chunks
<s> [webpack.Progress] 87% record chunks RecordIdsPlugin
<s> [webpack.Progress] 88% hashing
<s> [webpack.Progress] 88% after hashing
<s> [webpack.Progress] 88% after hashing HotModuleReplacementPlugin
<s> [webpack.Progress] 89% record hash
<s> [webpack.Progress] 89% module assets processing
<s> [webpack.Progress] 90% chunk assets processing
<s> [webpack.Progress] 90% additional chunk assets processing
<s> [webpack.Progress] 90% additional chunk assets processing HotModuleReplacementPlugin
<s> [webpack.Progress] 91% recording
<s> [webpack.Progress] 91% recording HotModuleReplacementPlugin
<s> [webpack.Progress] 92% additional asset processing
<s> [webpack.Progress] 92% chunk asset optimization
<s> [webpack.Progress] 93% after chunk asset optimization
<s> [webpack.Progress] 93% asset optimization
<s> [webpack.Progress] 94% after asset optimization
<s> [webpack.Progress] 94% after seal
<s> [webpack.Progress] 95% emitting
<s> [webpack.Progress] 95% emitting HtmlWebpackPlugin
<s> [webpack.Progress] 95% emitting CopyPlugin
<s> [webpack.Progress] 98% after emitting
<s> [webpack.Progress] 98% after emitting CopyPlugin
 WARNING  Compiled with 2 warnings8:26:00 AM

Module Warning (from ./node_modules/eslint-loader/index.js):
error: 'contractName' is defined but never used (no-unused-vars) at src/components/ModernPageToken.vue:321:24:
  319 |     },
  320 |     
> 321 |     async fetchMarkets(contractName) {
      |                        ^
  322 |       try {
  323 |         // This would fetch market data from DEX APIs
  324 |         // For now, we'll use empty array as placeholder


1 error found.

Module Warning (from ./node_modules/eslint-loader/index.js):
error: 'from' is defined but never used (no-unused-vars) at src/components/ModernPageBlock.vue:320:18:
  318 |   },
  319 |   watch: {
> 320 |     '$route'(to, from) {
      |                  ^
  321 |       this.fetchBlock()
  322 |     }
  323 |   }


1 error found.

You may use special comments to disable some warnings.
Use // eslint-disable-next-line to ignore the next line.
Use /* eslint-disable */ to ignore all warnings in a file.
<s> [webpack.Progress] 100% 


  App running at:
  - Local:   http://localhost:12000/ 
  - Network: unavailable

 WAIT  Compiling...8:26:09 AM

<s> [webpack.Progress] 0% compiling
<s> [webpack.Progress] 10% building 0/0 modules 0 active 
<s> [webpack.Progress] 10% building 0/0 modules 0 active 
<s> [webpack.Progress] 10% building 0/1 modules 1 active /workspace/project/xian-explorer/node_modules/cache-loader/dist/cjs.js??ref--12-0!/workspace/project/xian-explorer/node_modules/babel-loader/lib/index.js!/workspace/project/xian-explorer/node_modules/eslint-loader/index.js??ref--13-0!/workspace/project/xian-explorer/src/router/index.js
<s> [webpack.Progress] 40% building 0/1 modules 1 active /workspace/project/xian-explorer/node_modules/cache-loader/dist/cjs.js??ref--12-0!/workspace/project/xian-explorer/node_modules/babel-loader/lib/index.js!/workspace/project/xian-explorer/node_modules/eslint-loader/index.js??ref--13-0!/workspace/project/xian-explorer/src/router/index.js
<s> [webpack.Progress] 40% building 1/1 modules 0 active 
<s> [webpack.Progress] 70% building 1/1 modules 0 active 
<s> [webpack.Progress] 70% finish module graph
<s> [webpack.Progress] 70% finish module graph FlagDependencyExportsPlugin
<s> [webpack.Progress] 70% sealing
<s> [webpack.Progress] 70% sealing WarnCaseSensitiveModulesPlugin
<s> [webpack.Progress] 72% basic dependencies optimization
<s> [webpack.Progress] 72% dependencies optimization
<s> [webpack.Progress] 73% advanced dependencies optimization
<s> [webpack.Progress] 73% after dependencies optimization
<s> [webpack.Progress] 71% chunk graph
<s> [webpack.Progress] 71% after chunk graph
<s> [webpack.Progress] 71% after chunk graph WebAssemblyModulesPlugin
<s> [webpack.Progress] 74% optimizing
<s> [webpack.Progress] 74% basic module optimization
<s> [webpack.Progress] 75% module optimization
<s> [webpack.Progress] 75% advanced module optimization
<s> [webpack.Progress] 76% after module optimization
<s> [webpack.Progress] 76% basic chunk optimization
<s> [webpack.Progress] 76% basic chunk optimization EnsureChunkConditionsPlugin
<s> [webpack.Progress] 76% basic chunk optimization RemoveEmptyChunksPlugin
<s> [webpack.Progress] 76% basic chunk optimization MergeDuplicateChunksPlugin
<s> [webpack.Progress] 77% chunk optimization
<s> [webpack.Progress] 77% advanced chunk optimization
<s> [webpack.Progress] 77% advanced chunk optimization SplitChunksPlugin
<s> [webpack.Progress] 77% advanced chunk optimization RemoveEmptyChunksPlugin
<s> [webpack.Progress] 77% after chunk optimization
<s> [webpack.Progress] 78% module and chunk tree optimization
<s> [webpack.Progress] 78% after module and chunk tree optimization
<s> [webpack.Progress] 79% basic chunk modules optimization
<s> [webpack.Progress] 80% chunk modules optimization
<s> [webpack.Progress] 80% advanced chunk modules optimization
<s> [webpack.Progress] 81% after chunk modules optimization
<s> [webpack.Progress] 81% module reviving
<s> [webpack.Progress] 81% module reviving RecordIdsPlugin
<s> [webpack.Progress] 82% module order optimization
<s> [webpack.Progress] 82% advanced module order optimization
<s> [webpack.Progress] 83% before module ids
<s> [webpack.Progress] 83% before module ids NamedModulesPlugin
<s> [webpack.Progress] 83% module ids
<s> [webpack.Progress] 84% module id optimization
<s> [webpack.Progress] 84% module id optimization
<s> [webpack.Progress] 85% chunk reviving
<s> [webpack.Progress] 85% chunk reviving RecordIdsPlugin
<s> [webpack.Progress] 85% chunk order optimization
<s> [webpack.Progress] 85% chunk order optimization OccurrenceOrderChunkIdsPlugin
<s> [webpack.Progress] 86% before chunk ids
<s> [webpack.Progress] 86% before chunk ids NamedChunksPlugin
<s> [webpack.Progress] 86% chunk id optimization
<s> [webpack.Progress] 87% after chunk id optimization
<s> [webpack.Progress] 87% record modules
<s> [webpack.Progress] 87% record modules RecordIdsPlugin
<s> [webpack.Progress] 87% record chunks
<s> [webpack.Progress] 87% record chunks RecordIdsPlugin
<s> [webpack.Progress] 88% hashing
<s> [webpack.Progress] 88% after hashing
<s> [webpack.Progress] 88% after hashing HotModuleReplacementPlugin
<s> [webpack.Progress] 89% record hash
<s> [webpack.Progress] 89% module assets processing
<s> [webpack.Progress] 90% chunk assets processing
<s> [webpack.Progress] 90% additional chunk assets processing
<s> [webpack.Progress] 90% additional chunk assets processing HotModuleReplacementPlugin
<s> [webpack.Progress] 91% recording
<s> [webpack.Progress] 91% recording HotModuleReplacementPlugin
<s> [webpack.Progress] 92% additional asset processing
<s> [webpack.Progress] 92% chunk asset optimization
<s> [webpack.Progress] 93% after chunk asset optimization
<s> [webpack.Progress] 93% asset optimization
<s> [webpack.Progress] 94% after asset optimization
<s> [webpack.Progress] 94% after seal
<s> [webpack.Progress] 95% emitting
<s> [webpack.Progress] 95% emitting HtmlWebpackPlugin
<s> [webpack.Progress] 95% emitting CopyPlugin
<s> [webpack.Progress] 98% after emitting
<s> [webpack.Progress] 98% after emitting CopyPlugin
 WARNING  Compiled with 2 warnings8:26:09 AM

Module Warning (from ./node_modules/eslint-loader/index.js):
error: 'contractName' is defined but never used (no-unused-vars) at src/components/ModernPageToken.vue:321:24:
  319 |     },
  320 |     
> 321 |     async fetchMarkets(contractName) {
      |                        ^
  322 |       try {
  323 |         // This would fetch market data from DEX APIs
  324 |         // For now, we'll use empty array as placeholder


1 error found.

Module Warning (from ./node_modules/eslint-loader/index.js):
error: 'from' is defined but never used (no-unused-vars) at src/components/ModernPageBlock.vue:320:18:
  318 |   },
  319 |   watch: {
> 320 |     '$route'(to, from) {
      |                  ^
  321 |       this.fetchBlock()
  322 |     }
  323 |   }


1 error found.

You may use special comments to disable some warnings.
Use // eslint-disable-next-line to ignore the next line.
Use /* eslint-disable */ to ignore all warnings in a file.
<s> [webpack.Progress] 100% 


  App running at:
  - Local:   http://localhost:12000/ 
  - Network: unavailable

